audio_path,text
/home/data/raw/bengali/audio/bn_00001.wav,"হ্যালো আজ আবহাওয়া খুব ভালো"
/home/data/raw/bengali/audio/bn_00002.wav,"ভারতের রাজধানী নতুন দিল্লি"
/home/data/raw/bengali/audio/bn_00003.wav,"আপনি কি আমাকে সাহায্য করতে পারেন"
/home/data/raw/bengali/audio/bn_00004.wav,"এটি একটি পরীক্ষা"
/home/data/raw/bengali/audio/bn_00005.wav,"দয়া করে ধীরে বলুন আমি বুঝতে পারছি না"
/home/data/raw/bengali/audio/bn_00006.wav,"আপনার নাম কি"
/home/data/raw/bengali/audio/bn_00007.wav,"আমি কাল বাজারে যাব"
/home/data/raw/bengali/audio/bn_00008.wav,"আমাদের সত্য কথা বলা উচিত"
/home/data/raw/bengali/audio/bn_00009.wav,"এই ট্রেনটি কখন ছাড়বে"
/home/data/raw/bengali/audio/bn_00010.wav,"সূর্য পূর্ব দিকে ওঠে"
/home/data/raw/bengali/audio/bn_00011.wav,"আপনি কেমন আছেন"
/home/data/raw/bengali/audio/bn_00012.wav,"বিজ্ঞানীরা একটি নতুন আবিষ্কার করেছেন"
/home/data/raw/bengali/audio/bn_00013.wav,"আমি বাংলা বলতে খুব ভালোবাসি"
/home/data/raw/bengali/audio/bn_00014.wav,"শিক্ষাই সাফল্যের চাবিকাঠি"
/home/data/raw/bengali/audio/bn_00015.wav,"আজকের তাজা খবর কি"
/home/data/raw/bengali/audio/bn_00016.wav,"তিনি তার পড়াশোনা শেষ করেছেন"
/home/data/raw/bengali/audio/bn_00017.wav,"আপনার কি কোন প্রশ্ন আছে"
/home/data/raw/bengali/audio/bn_00018.wav,"এটি একটি খুব সুন্দর জায়গা"
/home/data/raw/bengali/audio/bn_00019.wav,"আমাদের সকলের পরিবেশ রক্ষা করা উচিত"
/home/data/raw/bengali/audio/bn_00020.wav,"সে খুব পরিশ্রমী ছেলে"
/home/data/raw/bengali/audio/bn_00021.wav,"আমার এক গ্লাস জল দরকার"
/home/data/raw/bengali/audio/bn_00022.wav,"ডিজিটাল ইন্ডিয়া একটি গুরুত্বপূর্ণ উদ্যোগ"
/home/data/raw/bengali/audio/bn_00023.wav,"খেলাধুলা শিশুদের জন্য ভালো"
/home/data/raw/bengali/audio/bn_00024.wav,"আমি আপনার সাথে একমত"
/home/data/raw/bengali/audio/bn_00025.wav,"সময় খুব মূল্যবান"
/home/data/raw/bengali/audio/bn_00026.wav,"ভারত একটি বৈচিত্র্যময় দেশ"
/home/data/raw/bengali/audio/bn_00027.wav,"দয়া করে এখানে সই করুন"
/home/data/raw/bengali/audio/bn_00028.wav,"এটা আমার বোঝার বাইরে"
/home/data/raw/bengali/audio/bn_00029.wav,"তিনি একটি নতুন রেকর্ড করেছেন"
/home/data/raw/bengali/audio/bn_00030.wav,"শুভেচ্ছা"
/home/data/raw/bengali/audio/bn_00031.wav,"হ্যালো আজ আবহাওয়া খুব ভালো"
/home/data/raw/bengali/audio/bn_00032.wav,"ভারতের রাজধানী নতুন দিল্লি"
/home/data/raw/bengali/audio/bn_00033.wav,"আপনি কি আমাকে সাহায্য করতে পারেন"
/home/data/raw/bengali/audio/bn_00034.wav,"এটি একটি পরীক্ষা"
/home/data/raw/bengali/audio/bn_00035.wav,"দয়া করে ধীরে বলুন আমি বুঝতে পারছি না"
/home/data/raw/bengali/audio/bn_00036.wav,"আপনার নাম কি"
/home/data/raw/bengali/audio/bn_00037.wav,"আমি কাল বাজারে যাব"
/home/data/raw/bengali/audio/bn_00038.wav,"আমাদের সত্য কথা বলা উচিত"
/home/data/raw/bengali/audio/bn_00039.wav,"এই ট্রেনটি কখন ছাড়বে"
/home/data/raw/bengali/audio/bn_00040.wav,"সূর্য পূর্ব দিকে ওঠে"
/home/data/raw/bengali/audio/bn_00041.wav,"আপনি কেমন আছেন"
/home/data/raw/bengali/audio/bn_00042.wav,"বিজ্ঞানীরা একটি নতুন আবিষ্কার করেছেন"
/home/data/raw/bengali/audio/bn_00043.wav,"আমি বাংলা বলতে খুব ভালোবাসি"
/home/data/raw/bengali/audio/bn_00044.wav,"শিক্ষাই সাফল্যের চাবিকাঠি"
/home/data/raw/bengali/audio/bn_00045.wav,"আজকের তাজা খবর কি"
/home/data/raw/bengali/audio/bn_00046.wav,"তিনি তার পড়াশোনা শেষ করেছেন"
/home/data/raw/bengali/audio/bn_00047.wav,"আপনার কি কোন প্রশ্ন আছে"
/home/data/raw/bengali/audio/bn_00048.wav,"এটি একটি খুব সুন্দর জায়গা"
/home/data/raw/bengali/audio/bn_00049.wav,"আমাদের সকলের পরিবেশ রক্ষা করা উচিত"
/home/data/raw/bengali/audio/bn_00050.wav,"সে খুব পরিশ্রমী ছেলে"
/home/data/raw/bengali/audio/bn_00051.wav,"আমার এক গ্লাস জল দরকার"
/home/data/raw/bengali/audio/bn_00052.wav,"ডিজিটাল ইন্ডিয়া একটি গুরুত্বপূর্ণ উদ্যোগ"
/home/data/raw/bengali/audio/bn_00053.wav,"খেলাধুলা শিশুদের জন্য ভালো"
/home/data/raw/bengali/audio/bn_00054.wav,"আমি আপনার সাথে একমত"
/home/data/raw/bengali/audio/bn_00055.wav,"সময় খুব মূল্যবান"
/home/data/raw/bengali/audio/bn_00056.wav,"ভারত একটি বৈচিত্র্যময় দেশ"
/home/data/raw/bengali/audio/bn_00057.wav,"দয়া করে এখানে সই করুন"
/home/data/raw/bengali/audio/bn_00058.wav,"এটা আমার বোঝার বাইরে"
/home/data/raw/bengali/audio/bn_00059.wav,"তিনি একটি নতুন রেকর্ড করেছেন"
/home/data/raw/bengali/audio/bn_00060.wav,"শুভেচ্ছা"
/home/data/raw/bengali/audio/bn_00061.wav,"হ্যালো আজ আবহাওয়া খুব ভালো"
/home/data/raw/bengali/audio/bn_00062.wav,"ভারতের রাজধানী নতুন দিল্লি"
/home/data/raw/bengali/audio/bn_00063.wav,"আপনি কি আমাকে সাহায্য করতে পারেন"
/home/data/raw/bengali/audio/bn_00064.wav,"এটি একটি পরীক্ষা"
/home/data/raw/bengali/audio/bn_00065.wav,"দয়া করে ধীরে বলুন আমি বুঝতে পারছি না"
/home/data/raw/bengali/audio/bn_00066.wav,"আপনার নাম কি"
/home/data/raw/bengali/audio/bn_00067.wav,"আমি কাল বাজারে যাব"
/home/data/raw/bengali/audio/bn_00068.wav,"আমাদের সত্য কথা বলা উচিত"
/home/data/raw/bengali/audio/bn_00069.wav,"এই ট্রেনটি কখন ছাড়বে"
/home/data/raw/bengali/audio/bn_00070.wav,"সূর্য পূর্ব দিকে ওঠে"
/home/data/raw/bengali/audio/bn_00071.wav,"আপনি কেমন আছেন"
/home/data/raw/bengali/audio/bn_00072.wav,"বিজ্ঞানীরা একটি নতুন আবিষ্কার করেছেন"
/home/data/raw/bengali/audio/bn_00073.wav,"আমি বাংলা বলতে খুব ভালোবাসি"
/home/data/raw/bengali/audio/bn_00074.wav,"শিক্ষাই সাফল্যের চাবিকাঠি"
/home/data/raw/bengali/audio/bn_00075.wav,"আজকের তাজা খবর কি"
/home/data/raw/bengali/audio/bn_00076.wav,"তিনি তার পড়াশোনা শেষ করেছেন"
/home/data/raw/bengali/audio/bn_00077.wav,"আপনার কি কোন প্রশ্ন আছে"
/home/data/raw/bengali/audio/bn_00078.wav,"এটি একটি খুব সুন্দর জায়গা"
/home/data/raw/bengali/audio/bn_00079.wav,"আমাদের সকলের পরিবেশ রক্ষা করা উচিত"
/home/data/raw/bengali/audio/bn_00080.wav,"সে খুব পরিশ্রমী ছেলে"
/home/data/raw/bengali/audio/bn_00081.wav,"আমার এক গ্লাস জল দরকার"
/home/data/raw/bengali/audio/bn_00082.wav,"ডিজিটাল ইন্ডিয়া একটি গুরুত্বপূর্ণ উদ্যোগ"
/home/data/raw/bengali/audio/bn_00083.wav,"খেলাধুলা শিশুদের জন্য ভালো"
/home/data/raw/bengali/audio/bn_00084.wav,"আমি আপনার সাথে একমত"
/home/data/raw/bengali/audio/bn_00085.wav,"সময় খুব মূল্যবান"
/home/data/raw/bengali/audio/bn_00086.wav,"ভারত একটি বৈচিত্র্যময় দেশ"
/home/data/raw/bengali/audio/bn_00087.wav,"দয়া করে এখানে সই করুন"
/home/data/raw/bengali/audio/bn_00088.wav,"এটা আমার বোঝার বাইরে"
/home/data/raw/bengali/audio/bn_00089.wav,"তিনি একটি নতুন রেকর্ড করেছেন"
/home/data/raw/bengali/audio/bn_00090.wav,"শুভেচ্ছা"
/home/data/raw/bengali/audio/bn_00091.wav,"হ্যালো আজ আবহাওয়া খুব ভালো"
/home/data/raw/bengali/audio/bn_00092.wav,"ভারতের রাজধানী নতুন দিল্লি"
/home/data/raw/bengali/audio/bn_00093.wav,"আপনি কি আমাকে সাহায্য করতে পারেন"
/home/data/raw/bengali/audio/bn_00094.wav,"এটি একটি পরীক্ষা"
/home/data/raw/bengali/audio/bn_00095.wav,"দয়া করে ধীরে বলুন আমি বুঝতে পারছি না"
/home/data/raw/bengali/audio/bn_00096.wav,"আপনার নাম কি"
/home/data/raw/bengali/audio/bn_00097.wav,"আমি কাল বাজারে যাব"
/home/data/raw/bengali/audio/bn_00098.wav,"আমাদের সত্য কথা বলা উচিত"
/home/data/raw/bengali/audio/bn_00099.wav,"এই ট্রেনটি কখন ছাড়বে"
/home/data/raw/bengali/audio/bn_00100.wav,"সূর্য পূর্ব দিকে ওঠে"
/home/data/raw/bengali/audio/bn_00101.wav,"আপনি কেমন আছেন"
/home/data/raw/bengali/audio/bn_00102.wav,"বিজ্ঞানীরা একটি নতুন আবিষ্কার করেছেন"
/home/data/raw/bengali/audio/bn_00103.wav,"আমি বাংলা বলতে খুব ভালোবাসি"
/home/data/raw/bengali/audio/bn_00104.wav,"শিক্ষাই সাফল্যের চাবিকাঠি"
/home/data/raw/bengali/audio/bn_00105.wav,"আজকের তাজা খবর কি"
/home/data/raw/bengali/audio/bn_00106.wav,"তিনি তার পড়াশোনা শেষ করেছেন"
/home/data/raw/bengali/audio/bn_00107.wav,"আপনার কি কোন প্রশ্ন আছে"
/home/data/raw/bengali/audio/bn_00108.wav,"এটি একটি খুব সুন্দর জায়গা"
/home/data/raw/bengali/audio/bn_00109.wav,"আমাদের সকলের পরিবেশ রক্ষা করা উচিত"
/home/data/raw/bengali/audio/bn_00110.wav,"সে খুব পরিশ্রমী ছেলে"
/home/data/raw/bengali/audio/bn_00111.wav,"আমার এক গ্লাস জল দরকার"
/home/data/raw/bengali/audio/bn_00112.wav,"ডিজিটাল ইন্ডিয়া একটি গুরুত্বপূর্ণ উদ্যোগ"
/home/data/raw/bengali/audio/bn_00113.wav,"খেলাধুলা শিশুদের জন্য ভালো"
/home/data/raw/bengali/audio/bn_00114.wav,"আমি আপনার সাথে একমত"
/home/data/raw/bengali/audio/bn_00115.wav,"সময় খুব মূল্যবান"
/home/data/raw/bengali/audio/bn_00116.wav,"ভারত একটি বৈচিত্র্যময় দেশ"
/home/data/raw/bengali/audio/bn_00117.wav,"দয়া করে এখানে সই করুন"
/home/data/raw/bengali/audio/bn_00118.wav,"এটা আমার বোঝার বাইরে"
/home/data/raw/bengali/audio/bn_00119.wav,"তিনি একটি নতুন রেকর্ড করেছেন"
/home/data/raw/bengali/audio/bn_00120.wav,"শুভেচ্ছা"
/home/data/raw/bengali/audio/bn_00121.wav,"হ্যালো আজ আবহাওয়া খুব ভালো"
/home/data/raw/bengali/audio/bn_00122.wav,"ভারতের রাজধানী নতুন দিল্লি"
/home/data/raw/bengali/audio/bn_00123.wav,"আপনি কি আমাকে সাহায্য করতে পারেন"
/home/data/raw/bengali/audio/bn_00124.wav,"এটি একটি পরীক্ষা"
/home/data/raw/bengali/audio/bn_00125.wav,"দয়া করে ধীরে বলুন আমি বুঝতে পারছি না"
/home/data/raw/bengali/audio/bn_00126.wav,"আপনার নাম কি"
/home/data/raw/bengali/audio/bn_00127.wav,"আমি কাল বাজারে যাব"
/home/data/raw/bengali/audio/bn_00128.wav,"আমাদের সত্য কথা বলা উচিত"
/home/data/raw/bengali/audio/bn_00129.wav,"এই ট্রেনটি কখন ছাড়বে"
/home/data/raw/bengali/audio/bn_00130.wav,"সূর্য পূর্ব দিকে ওঠে"
/home/data/raw/bengali/audio/bn_00131.wav,"আপনি কেমন আছেন"
/home/data/raw/bengali/audio/bn_00132.wav,"বিজ্ঞানীরা একটি নতুন আবিষ্কার করেছেন"
/home/data/raw/bengali/audio/bn_00133.wav,"আমি বাংলা বলতে খুব ভালোবাসি"
/home/data/raw/bengali/audio/bn_00134.wav,"শিক্ষাই সাফল্যের চাবিকাঠি"
/home/data/raw/bengali/audio/bn_00135.wav,"আজকের তাজা খবর কি"
/home/data/raw/bengali/audio/bn_00136.wav,"তিনি তার পড়াশোনা শেষ করেছেন"
/home/data/raw/bengali/audio/bn_00137.wav,"আপনার কি কোন প্রশ্ন আছে"
/home/data/raw/bengali/audio/bn_00138.wav,"এটি একটি খুব সুন্দর জায়গা"
/home/data/raw/bengali/audio/bn_00139.wav,"আমাদের সকলের পরিবেশ রক্ষা করা উচিত"
/home/data/raw/bengali/audio/bn_00140.wav,"সে খুব পরিশ্রমী ছেলে"
/home/data/raw/bengali/audio/bn_00141.wav,"আমার এক গ্লাস জল দরকার"
/home/data/raw/bengali/audio/bn_00142.wav,"ডিজিটাল ইন্ডিয়া একটি গুরুত্বপূর্ণ উদ্যোগ"
/home/data/raw/bengali/audio/bn_00143.wav,"খেলাধুলা শিশুদের জন্য ভালো"
/home/data/raw/bengali/audio/bn_00144.wav,"আমি আপনার সাথে একমত"
/home/data/raw/bengali/audio/bn_00145.wav,"সময় খুব মূল্যবান"
/home/data/raw/bengali/audio/bn_00146.wav,"ভারত একটি বৈচিত্র্যময় দেশ"
/home/data/raw/bengali/audio/bn_00147.wav,"দয়া করে এখানে সই করুন"
/home/data/raw/bengali/audio/bn_00148.wav,"এটা আমার বোঝার বাইরে"
/home/data/raw/bengali/audio/bn_00149.wav,"তিনি একটি নতুন রেকর্ড করেছেন"
/home/data/raw/bengali/audio/bn_00150.wav,"শুভেচ্ছা"
/home/data/raw/bengali/audio/bn_00151.wav,"হ্যালো আজ আবহাওয়া খুব ভালো"
/home/data/raw/bengali/audio/bn_00152.wav,"ভারতের রাজধানী নতুন দিল্লি"
/home/data/raw/bengali/audio/bn_00153.wav,"আপনি কি আমাকে সাহায্য করতে পারেন"
/home/data/raw/bengali/audio/bn_00154.wav,"এটি একটি পরীক্ষা"
/home/data/raw/bengali/audio/bn_00155.wav,"দয়া করে ধীরে বলুন আমি বুঝতে পারছি না"
/home/data/raw/bengali/audio/bn_00156.wav,"আপনার নাম কি"
/home/data/raw/bengali/audio/bn_00157.wav,"আমি কাল বাজারে যাব"
/home/data/raw/bengali/audio/bn_00158.wav,"আমাদের সত্য কথা বলা উচিত"
/home/data/raw/bengali/audio/bn_00159.wav,"এই ট্রেনটি কখন ছাড়বে"
/home/data/raw/bengali/audio/bn_00160.wav,"সূর্য পূর্ব দিকে ওঠে"
/home/data/raw/bengali/audio/bn_00161.wav,"আপনি কেমন আছেন"
/home/data/raw/bengali/audio/bn_00162.wav,"বিজ্ঞানীরা একটি নতুন আবিষ্কার করেছেন"
/home/data/raw/bengali/audio/bn_00163.wav,"আমি বাংলা বলতে খুব ভালোবাসি"
/home/data/raw/bengali/audio/bn_00164.wav,"শিক্ষাই সাফল্যের চাবিকাঠি"
/home/data/raw/bengali/audio/bn_00165.wav,"আজকের তাজা খবর কি"
/home/data/raw/bengali/audio/bn_00166.wav,"তিনি তার পড়াশোনা শেষ করেছেন"
/home/data/raw/bengali/audio/bn_00167.wav,"আপনার কি কোন প্রশ্ন আছে"
/home/data/raw/bengali/audio/bn_00168.wav,"এটি একটি খুব সুন্দর জায়গা"
/home/data/raw/bengali/audio/bn_00169.wav,"আমাদের সকলের পরিবেশ রক্ষা করা উচিত"
/home/data/raw/bengali/audio/bn_00170.wav,"সে খুব পরিশ্রমী ছেলে"
/home/data/raw/bengali/audio/bn_00171.wav,"আমার এক গ্লাস জল দরকার"
/home/data/raw/bengali/audio/bn_00172.wav,"ডিজিটাল ইন্ডিয়া একটি গুরুত্বপূর্ণ উদ্যোগ"
/home/data/raw/bengali/audio/bn_00173.wav,"খেলাধুলা শিশুদের জন্য ভালো"
/home/data/raw/bengali/audio/bn_00174.wav,"আমি আপনার সাথে একমত"
/home/data/raw/bengali/audio/bn_00175.wav,"সময় খুব মূল্যবান"
/home/data/raw/bengali/audio/bn_00176.wav,"ভারত একটি বৈচিত্র্যময় দেশ"
/home/data/raw/bengali/audio/bn_00177.wav,"দয়া করে এখানে সই করুন"
/home/data/raw/bengali/audio/bn_00178.wav,"এটা আমার বোঝার বাইরে"
/home/data/raw/bengali/audio/bn_00179.wav,"তিনি একটি নতুন রেকর্ড করেছেন"
/home/data/raw/bengali/audio/bn_00180.wav,"শুভেচ্ছা"
/home/data/raw/bengali/audio/bn_00181.wav,"হ্যালো আজ আবহাওয়া খুব ভালো"
/home/data/raw/bengali/audio/bn_00182.wav,"ভারতের রাজধানী নতুন দিল্লি"
/home/data/raw/bengali/audio/bn_00183.wav,"আপনি কি আমাকে সাহায্য করতে পারেন"
/home/data/raw/bengali/audio/bn_00184.wav,"এটি একটি পরীক্ষা"
/home/data/raw/bengali/audio/bn_00185.wav,"দয়া করে ধীরে বলুন আমি বুঝতে পারছি না"
/home/data/raw/bengali/audio/bn_00186.wav,"আপনার নাম কি"
/home/data/raw/bengali/audio/bn_00187.wav,"আমি কাল বাজারে যাব"
/home/data/raw/bengali/audio/bn_00188.wav,"আমাদের সত্য কথা বলা উচিত"
/home/data/raw/bengali/audio/bn_00189.wav,"এই ট্রেনটি কখন ছাড়বে"
/home/data/raw/bengali/audio/bn_00190.wav,"সূর্য পূর্ব দিকে ওঠে"
/home/data/raw/bengali/audio/bn_00191.wav,"আপনি কেমন আছেন"
/home/data/raw/bengali/audio/bn_00192.wav,"বিজ্ঞানীরা একটি নতুন আবিষ্কার করেছেন"
/home/data/raw/bengali/audio/bn_00193.wav,"আমি বাংলা বলতে খুব ভালোবাসি"
/home/data/raw/bengali/audio/bn_00194.wav,"শিক্ষাই সাফল্যের চাবিকাঠি"
/home/data/raw/bengali/audio/bn_00195.wav,"আজকের তাজা খবর কি"
/home/data/raw/bengali/audio/bn_00196.wav,"তিনি তার পড়াশোনা শেষ করেছেন"
/home/data/raw/bengali/audio/bn_00197.wav,"আপনার কি কোন প্রশ্ন আছে"
/home/data/raw/bengali/audio/bn_00198.wav,"এটি একটি খুব সুন্দর জায়গা"
/home/data/raw/bengali/audio/bn_00199.wav,"আমাদের সকলের পরিবেশ রক্ষা করা উচিত"
/home/data/raw/bengali/audio/bn_00200.wav,"সে খুব পরিশ্রমী ছেলে"
/home/data/raw/bengali/audio/bn_00201.wav,"আমার এক গ্লাস জল দরকার"
/home/data/raw/bengali/audio/bn_00202.wav,"ডিজিটাল ইন্ডিয়া একটি গুরুত্বপূর্ণ উদ্যোগ"
/home/data/raw/bengali/audio/bn_00203.wav,"খেলাধুলা শিশুদের জন্য ভালো"
/home/data/raw/bengali/audio/bn_00204.wav,"আমি আপনার সাথে একমত"
/home/data/raw/bengali/audio/bn_00205.wav,"সময় খুব মূল্যবান"
/home/data/raw/bengali/audio/bn_00206.wav,"ভারত একটি বৈচিত্র্যময় দেশ"
/home/data/raw/bengali/audio/bn_00207.wav,"দয়া করে এখানে সই করুন"
/home/data/raw/bengali/audio/bn_00208.wav,"এটা আমার বোঝার বাইরে"
/home/data/raw/bengali/audio/bn_00209.wav,"তিনি একটি নতুন রেকর্ড করেছেন"
/home/data/raw/bengali/audio/bn_00210.wav,"শুভেচ্ছা"
/home/data/raw/bengali/audio/bn_00211.wav,"হ্যালো আজ আবহাওয়া খুব ভালো"
/home/data/raw/bengali/audio/bn_00212.wav,"ভারতের রাজধানী নতুন দিল্লি"
/home/data/raw/bengali/audio/bn_00213.wav,"আপনি কি আমাকে সাহায্য করতে পারেন"
/home/data/raw/bengali/audio/bn_00214.wav,"এটি একটি পরীক্ষা"
/home/data/raw/bengali/audio/bn_00215.wav,"দয়া করে ধীরে বলুন আমি বুঝতে পারছি না"
/home/data/raw/bengali/audio/bn_00216.wav,"আপনার নাম কি"
/home/data/raw/bengali/audio/bn_00217.wav,"আমি কাল বাজারে যাব"
/home/data/raw/bengali/audio/bn_00218.wav,"আমাদের সত্য কথা বলা উচিত"
/home/data/raw/bengali/audio/bn_00219.wav,"এই ট্রেনটি কখন ছাড়বে"
/home/data/raw/bengali/audio/bn_00220.wav,"সূর্য পূর্ব দিকে ওঠে"
/home/data/raw/bengali/audio/bn_00221.wav,"আপনি কেমন আছেন"
/home/data/raw/bengali/audio/bn_00222.wav,"বিজ্ঞানীরা একটি নতুন আবিষ্কার করেছেন"
/home/data/raw/bengali/audio/bn_00223.wav,"আমি বাংলা বলতে খুব ভালোবাসি"
/home/data/raw/bengali/audio/bn_00224.wav,"শিক্ষাই সাফল্যের চাবিকাঠি"
/home/data/raw/bengali/audio/bn_00225.wav,"আজকের তাজা খবর কি"
/home/data/raw/bengali/audio/bn_00226.wav,"তিনি তার পড়াশোনা শেষ করেছেন"
/home/data/raw/bengali/audio/bn_00227.wav,"আপনার কি কোন প্রশ্ন আছে"
/home/data/raw/bengali/audio/bn_00228.wav,"এটি একটি খুব সুন্দর জায়গা"
/home/data/raw/bengali/audio/bn_00229.wav,"আমাদের সকলের পরিবেশ রক্ষা করা উচিত"
/home/data/raw/bengali/audio/bn_00230.wav,"সে খুব পরিশ্রমী ছেলে"
/home/data/raw/bengali/audio/bn_00231.wav,"আমার এক গ্লাস জল দরকার"
/home/data/raw/bengali/audio/bn_00232.wav,"ডিজিটাল ইন্ডিয়া একটি গুরুত্বপূর্ণ উদ্যোগ"
/home/data/raw/bengali/audio/bn_00233.wav,"খেলাধুলা শিশুদের জন্য ভালো"
/home/data/raw/bengali/audio/bn_00234.wav,"আমি আপনার সাথে একমত"
/home/data/raw/bengali/audio/bn_00235.wav,"সময় খুব মূল্যবান"
/home/data/raw/bengali/audio/bn_00236.wav,"ভারত একটি বৈচিত্র্যময় দেশ"
/home/data/raw/bengali/audio/bn_00237.wav,"দয়া করে এখানে সই করুন"
/home/data/raw/bengali/audio/bn_00238.wav,"এটা আমার বোঝার বাইরে"
/home/data/raw/bengali/audio/bn_00239.wav,"তিনি একটি নতুন রেকর্ড করেছেন"
/home/data/raw/bengali/audio/bn_00240.wav,"শুভেচ্ছা"
/home/data/raw/bengali/audio/bn_00241.wav,"হ্যালো আজ আবহাওয়া খুব ভালো"
/home/data/raw/bengali/audio/bn_00242.wav,"ভারতের রাজধানী নতুন দিল্লি"
/home/data/raw/bengali/audio/bn_00243.wav,"আপনি কি আমাকে সাহায্য করতে পারেন"
/home/data/raw/bengali/audio/bn_00244.wav,"এটি একটি পরীক্ষা"
/home/data/raw/bengali/audio/bn_00245.wav,"দয়া করে ধীরে বলুন আমি বুঝতে পারছি না"
/home/data/raw/bengali/audio/bn_00246.wav,"আপনার নাম কি"
/home/data/raw/bengali/audio/bn_00247.wav,"আমি কাল বাজারে যাব"
/home/data/raw/bengali/audio/bn_00248.wav,"আমাদের সত্য কথা বলা উচিত"
/home/data/raw/bengali/audio/bn_00249.wav,"এই ট্রেনটি কখন ছাড়বে"
/home/data/raw/bengali/audio/bn_00250.wav,"সূর্য পূর্ব দিকে ওঠে"
/home/data/raw/bengali/audio/bn_00251.wav,"আপনি কেমন আছেন"
/home/data/raw/bengali/audio/bn_00252.wav,"বিজ্ঞানীরা একটি নতুন আবিষ্কার করেছেন"
/home/data/raw/bengali/audio/bn_00253.wav,"আমি বাংলা বলতে খুব ভালোবাসি"
/home/data/raw/bengali/audio/bn_00254.wav,"শিক্ষাই সাফল্যের চাবিকাঠি"
/home/data/raw/bengali/audio/bn_00255.wav,"আজকের তাজা খবর কি"
/home/data/raw/bengali/audio/bn_00256.wav,"তিনি তার পড়াশোনা শেষ করেছেন"
/home/data/raw/bengali/audio/bn_00257.wav,"আপনার কি কোন প্রশ্ন আছে"
/home/data/raw/bengali/audio/bn_00258.wav,"এটি একটি খুব সুন্দর জায়গা"
/home/data/raw/bengali/audio/bn_00259.wav,"আমাদের সকলের পরিবেশ রক্ষা করা উচিত"
/home/data/raw/bengali/audio/bn_00260.wav,"সে খুব পরিশ্রমী ছেলে"
/home/data/raw/bengali/audio/bn_00261.wav,"আমার এক গ্লাস জল দরকার"
/home/data/raw/bengali/audio/bn_00262.wav,"ডিজিটাল ইন্ডিয়া একটি গুরুত্বপূর্ণ উদ্যোগ"
/home/data/raw/bengali/audio/bn_00263.wav,"খেলাধুলা শিশুদের জন্য ভালো"
/home/data/raw/bengali/audio/bn_00264.wav,"আমি আপনার সাথে একমত"
/home/data/raw/bengali/audio/bn_00265.wav,"সময় খুব মূল্যবান"
/home/data/raw/bengali/audio/bn_00266.wav,"ভারত একটি বৈচিত্র্যময় দেশ"
/home/data/raw/bengali/audio/bn_00267.wav,"দয়া করে এখানে সই করুন"
/home/data/raw/bengali/audio/bn_00268.wav,"এটা আমার বোঝার বাইরে"
/home/data/raw/bengali/audio/bn_00269.wav,"তিনি একটি নতুন রেকর্ড করেছেন"
/home/data/raw/bengali/audio/bn_00270.wav,"শুভেচ্ছা"
/home/data/raw/bengali/audio/bn_00271.wav,"হ্যালো আজ আবহাওয়া খুব ভালো"
/home/data/raw/bengali/audio/bn_00272.wav,"ভারতের রাজধানী নতুন দিল্লি"
/home/data/raw/bengali/audio/bn_00273.wav,"আপনি কি আমাকে সাহায্য করতে পারেন"
/home/data/raw/bengali/audio/bn_00274.wav,"এটি একটি পরীক্ষা"
/home/data/raw/bengali/audio/bn_00275.wav,"দয়া করে ধীরে বলুন আমি বুঝতে পারছি না"
/home/data/raw/bengali/audio/bn_00276.wav,"আপনার নাম কি"
/home/data/raw/bengali/audio/bn_00277.wav,"আমি কাল বাজারে যাব"
/home/data/raw/bengali/audio/bn_00278.wav,"আমাদের সত্য কথা বলা উচিত"
/home/data/raw/bengali/audio/bn_00279.wav,"এই ট্রেনটি কখন ছাড়বে"
/home/data/raw/bengali/audio/bn_00280.wav,"সূর্য পূর্ব দিকে ওঠে"
/home/data/raw/bengali/audio/bn_00281.wav,"আপনি কেমন আছেন"
/home/data/raw/bengali/audio/bn_00282.wav,"বিজ্ঞানীরা একটি নতুন আবিষ্কার করেছেন"
/home/data/raw/bengali/audio/bn_00283.wav,"আমি বাংলা বলতে খুব ভালোবাসি"
/home/data/raw/bengali/audio/bn_00284.wav,"শিক্ষাই সাফল্যের চাবিকাঠি"
/home/data/raw/bengali/audio/bn_00285.wav,"আজকের তাজা খবর কি"
/home/data/raw/bengali/audio/bn_00286.wav,"তিনি তার পড়াশোনা শেষ করেছেন"
/home/data/raw/bengali/audio/bn_00287.wav,"আপনার কি কোন প্রশ্ন আছে"
/home/data/raw/bengali/audio/bn_00288.wav,"এটি একটি খুব সুন্দর জায়গা"
/home/data/raw/bengali/audio/bn_00289.wav,"আমাদের সকলের পরিবেশ রক্ষা করা উচিত"
/home/data/raw/bengali/audio/bn_00290.wav,"সে খুব পরিশ্রমী ছেলে"
/home/data/raw/bengali/audio/bn_00291.wav,"আমার এক গ্লাস জল দরকার"
/home/data/raw/bengali/audio/bn_00292.wav,"ডিজিটাল ইন্ডিয়া একটি গুরুত্বপূর্ণ উদ্যোগ"
/home/data/raw/bengali/audio/bn_00293.wav,"খেলাধুলা শিশুদের জন্য ভালো"
/home/data/raw/bengali/audio/bn_00294.wav,"আমি আপনার সাথে একমত"
/home/data/raw/bengali/audio/bn_00295.wav,"সময় খুব মূল্যবান"
/home/data/raw/bengali/audio/bn_00296.wav,"ভারত একটি বৈচিত্র্যময় দেশ"
/home/data/raw/bengali/audio/bn_00297.wav,"দয়া করে এখানে সই করুন"
/home/data/raw/bengali/audio/bn_00298.wav,"এটা আমার বোঝার বাইরে"
/home/data/raw/bengali/audio/bn_00299.wav,"তিনি একটি নতুন রেকর্ড করেছেন"
/home/data/raw/bengali/audio/bn_00300.wav,"শুভেচ্ছা"
/home/data/raw/bengali/audio/bn_00301.wav,"হ্যালো আজ আবহাওয়া খুব ভালো"
/home/data/raw/bengali/audio/bn_00302.wav,"ভারতের রাজধানী নতুন দিল্লি"
/home/data/raw/bengali/audio/bn_00303.wav,"আপনি কি আমাকে সাহায্য করতে পারেন"
/home/data/raw/bengali/audio/bn_00304.wav,"এটি একটি পরীক্ষা"
/home/data/raw/bengali/audio/bn_00305.wav,"দয়া করে ধীরে বলুন আমি বুঝতে পারছি না"
/home/data/raw/bengali/audio/bn_00306.wav,"আপনার নাম কি"
/home/data/raw/bengali/audio/bn_00307.wav,"আমি কাল বাজারে যাব"
/home/data/raw/bengali/audio/bn_00308.wav,"আমাদের সত্য কথা বলা উচিত"
/home/data/raw/bengali/audio/bn_00309.wav,"এই ট্রেনটি কখন ছাড়বে"
/home/data/raw/bengali/audio/bn_00310.wav,"সূর্য পূর্ব দিকে ওঠে"
/home/data/raw/bengali/audio/bn_00311.wav,"আপনি কেমন আছেন"
/home/data/raw/bengali/audio/bn_00312.wav,"বিজ্ঞানীরা একটি নতুন আবিষ্কার করেছেন"
/home/data/raw/bengali/audio/bn_00313.wav,"আমি বাংলা বলতে খুব ভালোবাসি"
/home/data/raw/bengali/audio/bn_00314.wav,"শিক্ষাই সাফল্যের চাবিকাঠি"
/home/data/raw/bengali/audio/bn_00315.wav,"আজকের তাজা খবর কি"
/home/data/raw/bengali/audio/bn_00316.wav,"তিনি তার পড়াশোনা শেষ করেছেন"
/home/data/raw/bengali/audio/bn_00317.wav,"আপনার কি কোন প্রশ্ন আছে"
/home/data/raw/bengali/audio/bn_00318.wav,"এটি একটি খুব সুন্দর জায়গা"
/home/data/raw/bengali/audio/bn_00319.wav,"আমাদের সকলের পরিবেশ রক্ষা করা উচিত"
/home/data/raw/bengali/audio/bn_00320.wav,"সে খুব পরিশ্রমী ছেলে"
/home/data/raw/bengali/audio/bn_00321.wav,"আমার এক গ্লাস জল দরকার"
/home/data/raw/bengali/audio/bn_00322.wav,"ডিজিটাল ইন্ডিয়া একটি গুরুত্বপূর্ণ উদ্যোগ"
/home/data/raw/bengali/audio/bn_00323.wav,"খেলাধুলা শিশুদের জন্য ভালো"
/home/data/raw/bengali/audio/bn_00324.wav,"আমি আপনার সাথে একমত"
/home/data/raw/bengali/audio/bn_00325.wav,"সময় খুব মূল্যবান"
/home/data/raw/bengali/audio/bn_00326.wav,"ভারত একটি বৈচিত্র্যময় দেশ"
/home/data/raw/bengali/audio/bn_00327.wav,"দয়া করে এখানে সই করুন"
/home/data/raw/bengali/audio/bn_00328.wav,"এটা আমার বোঝার বাইরে"
/home/data/raw/bengali/audio/bn_00329.wav,"তিনি একটি নতুন রেকর্ড করেছেন"
/home/data/raw/bengali/audio/bn_00330.wav,"শুভেচ্ছা"
/home/data/raw/bengali/audio/bn_00331.wav,"হ্যালো আজ আবহাওয়া খুব ভালো"
/home/data/raw/bengali/audio/bn_00332.wav,"ভারতের রাজধানী নতুন দিল্লি"
/home/data/raw/bengali/audio/bn_00333.wav,"আপনি কি আমাকে সাহায্য করতে পারেন"
/home/data/raw/bengali/audio/bn_00334.wav,"এটি একটি পরীক্ষা"
/home/data/raw/bengali/audio/bn_00335.wav,"দয়া করে ধীরে বলুন আমি বুঝতে পারছি না"
/home/data/raw/bengali/audio/bn_00336.wav,"আপনার নাম কি"
/home/data/raw/bengali/audio/bn_00337.wav,"আমি কাল বাজারে যাব"
/home/data/raw/bengali/audio/bn_00338.wav,"আমাদের সত্য কথা বলা উচিত"
/home/data/raw/bengali/audio/bn_00339.wav,"এই ট্রেনটি কখন ছাড়বে"
/home/data/raw/bengali/audio/bn_00340.wav,"সূর্য পূর্ব দিকে ওঠে"
/home/data/raw/bengali/audio/bn_00341.wav,"আপনি কেমন আছেন"
/home/data/raw/bengali/audio/bn_00342.wav,"বিজ্ঞানীরা একটি নতুন আবিষ্কার করেছেন"
/home/data/raw/bengali/audio/bn_00343.wav,"আমি বাংলা বলতে খুব ভালোবাসি"
/home/data/raw/bengali/audio/bn_00344.wav,"শিক্ষাই সাফল্যের চাবিকাঠি"
/home/data/raw/bengali/audio/bn_00345.wav,"আজকের তাজা খবর কি"
/home/data/raw/bengali/audio/bn_00346.wav,"তিনি তার পড়াশোনা শেষ করেছেন"
/home/data/raw/bengali/audio/bn_00347.wav,"আপনার কি কোন প্রশ্ন আছে"
/home/data/raw/bengali/audio/bn_00348.wav,"এটি একটি খুব সুন্দর জায়গা"
/home/data/raw/bengali/audio/bn_00349.wav,"আমাদের সকলের পরিবেশ রক্ষা করা উচিত"
/home/data/raw/bengali/audio/bn_00350.wav,"সে খুব পরিশ্রমী ছেলে"
/home/data/raw/bengali/audio/bn_00351.wav,"আমার এক গ্লাস জল দরকার"
/home/data/raw/bengali/audio/bn_00352.wav,"ডিজিটাল ইন্ডিয়া একটি গুরুত্বপূর্ণ উদ্যোগ"
/home/data/raw/bengali/audio/bn_00353.wav,"খেলাধুলা শিশুদের জন্য ভালো"
/home/data/raw/bengali/audio/bn_00354.wav,"আমি আপনার সাথে একমত"
/home/data/raw/bengali/audio/bn_00355.wav,"সময় খুব মূল্যবান"
/home/data/raw/bengali/audio/bn_00356.wav,"ভারত একটি বৈচিত্র্যময় দেশ"
/home/data/raw/bengali/audio/bn_00357.wav,"দয়া করে এখানে সই করুন"
/home/data/raw/bengali/audio/bn_00358.wav,"এটা আমার বোঝার বাইরে"
/home/data/raw/bengali/audio/bn_00359.wav,"তিনি একটি নতুন রেকর্ড করেছেন"
/home/data/raw/bengali/audio/bn_00360.wav,"শুভেচ্ছা"
/home/data/raw/bengali/audio/bn_00361.wav,"হ্যালো আজ আবহাওয়া খুব ভালো"
/home/data/raw/bengali/audio/bn_00362.wav,"ভারতের রাজধানী নতুন দিল্লি"
/home/data/raw/bengali/audio/bn_00363.wav,"আপনি কি আমাকে সাহায্য করতে পারেন"
/home/data/raw/bengali/audio/bn_00364.wav,"এটি একটি পরীক্ষা"
/home/data/raw/bengali/audio/bn_00365.wav,"দয়া করে ধীরে বলুন আমি বুঝতে পারছি না"
/home/data/raw/bengali/audio/bn_00366.wav,"আপনার নাম কি"
/home/data/raw/bengali/audio/bn_00367.wav,"আমি কাল বাজারে যাব"
/home/data/raw/bengali/audio/bn_00368.wav,"আমাদের সত্য কথা বলা উচিত"
/home/data/raw/bengali/audio/bn_00369.wav,"এই ট্রেনটি কখন ছাড়বে"
/home/data/raw/bengali/audio/bn_00370.wav,"সূর্য পূর্ব দিকে ওঠে"
/home/data/raw/bengali/audio/bn_00371.wav,"আপনি কেমন আছেন"
/home/data/raw/bengali/audio/bn_00372.wav,"বিজ্ঞানীরা একটি নতুন আবিষ্কার করেছেন"
/home/data/raw/bengali/audio/bn_00373.wav,"আমি বাংলা বলতে খুব ভালোবাসি"
/home/data/raw/bengali/audio/bn_00374.wav,"শিক্ষাই সাফল্যের চাবিকাঠি"
/home/data/raw/bengali/audio/bn_00375.wav,"আজকের তাজা খবর কি"
/home/data/raw/bengali/audio/bn_00376.wav,"তিনি তার পড়াশোনা শেষ করেছেন"
/home/data/raw/bengali/audio/bn_00377.wav,"আপনার কি কোন প্রশ্ন আছে"
/home/data/raw/bengali/audio/bn_00378.wav,"এটি একটি খুব সুন্দর জায়গা"
/home/data/raw/bengali/audio/bn_00379.wav,"আমাদের সকলের পরিবেশ রক্ষা করা উচিত"
/home/data/raw/bengali/audio/bn_00380.wav,"সে খুব পরিশ্রমী ছেলে"
/home/data/raw/bengali/audio/bn_00381.wav,"আমার এক গ্লাস জল দরকার"
/home/data/raw/bengali/audio/bn_00382.wav,"ডিজিটাল ইন্ডিয়া একটি গুরুত্বপূর্ণ উদ্যোগ"
/home/data/raw/bengali/audio/bn_00383.wav,"খেলাধুলা শিশুদের জন্য ভালো"
/home/data/raw/bengali/audio/bn_00384.wav,"আমি আপনার সাথে একমত"
/home/data/raw/bengali/audio/bn_00385.wav,"সময় খুব মূল্যবান"
/home/data/raw/bengali/audio/bn_00386.wav,"ভারত একটি বৈচিত্র্যময় দেশ"
/home/data/raw/bengali/audio/bn_00387.wav,"দয়া করে এখানে সই করুন"
/home/data/raw/bengali/audio/bn_00388.wav,"এটা আমার বোঝার বাইরে"
/home/data/raw/bengali/audio/bn_00389.wav,"তিনি একটি নতুন রেকর্ড করেছেন"
/home/data/raw/bengali/audio/bn_00390.wav,"শুভেচ্ছা"
/home/data/raw/bengali/audio/bn_00391.wav,"হ্যালো আজ আবহাওয়া খুব ভালো"
/home/data/raw/bengali/audio/bn_00392.wav,"ভারতের রাজধানী নতুন দিল্লি"
/home/data/raw/bengali/audio/bn_00393.wav,"আপনি কি আমাকে সাহায্য করতে পারেন"
/home/data/raw/bengali/audio/bn_00394.wav,"এটি একটি পরীক্ষা"
/home/data/raw/bengali/audio/bn_00395.wav,"দয়া করে ধীরে বলুন আমি বুঝতে পারছি না"
/home/data/raw/bengali/audio/bn_00396.wav,"আপনার নাম কি"
/home/data/raw/bengali/audio/bn_00397.wav,"আমি কাল বাজারে যাব"
/home/data/raw/bengali/audio/bn_00398.wav,"আমাদের সত্য কথা বলা উচিত"
/home/data/raw/bengali/audio/bn_00399.wav,"এই ট্রেনটি কখন ছাড়বে"
/home/data/raw/bengali/audio/bn_00400.wav,"সূর্য পূর্ব দিকে ওঠে"
/home/data/raw/bengali/audio/bn_00401.wav,"আপনি কেমন আছেন"
/home/data/raw/bengali/audio/bn_00402.wav,"বিজ্ঞানীরা একটি নতুন আবিষ্কার করেছেন"
/home/data/raw/bengali/audio/bn_00403.wav,"আমি বাংলা বলতে খুব ভালোবাসি"
/home/data/raw/bengali/audio/bn_00404.wav,"শিক্ষাই সাফল্যের চাবিকাঠি"
/home/data/raw/bengali/audio/bn_00405.wav,"আজকের তাজা খবর কি"
/home/data/raw/bengali/audio/bn_00406.wav,"তিনি তার পড়াশোনা শেষ করেছেন"
/home/data/raw/bengali/audio/bn_00407.wav,"আপনার কি কোন প্রশ্ন আছে"
/home/data/raw/bengali/audio/bn_00408.wav,"এটি একটি খুব সুন্দর জায়গা"
/home/data/raw/bengali/audio/bn_00409.wav,"আমাদের সকলের পরিবেশ রক্ষা করা উচিত"
/home/data/raw/bengali/audio/bn_00410.wav,"সে খুব পরিশ্রমী ছেলে"
/home/data/raw/bengali/audio/bn_00411.wav,"আমার এক গ্লাস জল দরকার"
/home/data/raw/bengali/audio/bn_00412.wav,"ডিজিটাল ইন্ডিয়া একটি গুরুত্বপূর্ণ উদ্যোগ"
/home/data/raw/bengali/audio/bn_00413.wav,"খেলাধুলা শিশুদের জন্য ভালো"
/home/data/raw/bengali/audio/bn_00414.wav,"আমি আপনার সাথে একমত"
/home/data/raw/bengali/audio/bn_00415.wav,"সময় খুব মূল্যবান"
/home/data/raw/bengali/audio/bn_00416.wav,"ভারত একটি বৈচিত্র্যময় দেশ"
/home/data/raw/bengali/audio/bn_00417.wav,"দয়া করে এখানে সই করুন"
/home/data/raw/bengali/audio/bn_00418.wav,"এটা আমার বোঝার বাইরে"
/home/data/raw/bengali/audio/bn_00419.wav,"তিনি একটি নতুন রেকর্ড করেছেন"
/home/data/raw/bengali/audio/bn_00420.wav,"শুভেচ্ছা"
/home/data/raw/bengali/audio/bn_00421.wav,"হ্যালো আজ আবহাওয়া খুব ভালো"
/home/data/raw/bengali/audio/bn_00422.wav,"ভারতের রাজধানী নতুন দিল্লি"
/home/data/raw/bengali/audio/bn_00423.wav,"আপনি কি আমাকে সাহায্য করতে পারেন"
/home/data/raw/bengali/audio/bn_00424.wav,"এটি একটি পরীক্ষা"
/home/data/raw/bengali/audio/bn_00425.wav,"দয়া করে ধীরে বলুন আমি বুঝতে পারছি না"
/home/data/raw/bengali/audio/bn_00426.wav,"আপনার নাম কি"
/home/data/raw/bengali/audio/bn_00427.wav,"আমি কাল বাজারে যাব"
/home/data/raw/bengali/audio/bn_00428.wav,"আমাদের সত্য কথা বলা উচিত"
/home/data/raw/bengali/audio/bn_00429.wav,"এই ট্রেনটি কখন ছাড়বে"
/home/data/raw/bengali/audio/bn_00430.wav,"সূর্য পূর্ব দিকে ওঠে"
/home/data/raw/bengali/audio/bn_00431.wav,"আপনি কেমন আছেন"
/home/data/raw/bengali/audio/bn_00432.wav,"বিজ্ঞানীরা একটি নতুন আবিষ্কার করেছেন"
/home/data/raw/bengali/audio/bn_00433.wav,"আমি বাংলা বলতে খুব ভালোবাসি"
/home/data/raw/bengali/audio/bn_00434.wav,"শিক্ষাই সাফল্যের চাবিকাঠি"
/home/data/raw/bengali/audio/bn_00435.wav,"আজকের তাজা খবর কি"
/home/data/raw/bengali/audio/bn_00436.wav,"তিনি তার পড়াশোনা শেষ করেছেন"
/home/data/raw/bengali/audio/bn_00437.wav,"আপনার কি কোন প্রশ্ন আছে"
/home/data/raw/bengali/audio/bn_00438.wav,"এটি একটি খুব সুন্দর জায়গা"
/home/data/raw/bengali/audio/bn_00439.wav,"আমাদের সকলের পরিবেশ রক্ষা করা উচিত"
/home/data/raw/bengali/audio/bn_00440.wav,"সে খুব পরিশ্রমী ছেলে"
/home/data/raw/bengali/audio/bn_00441.wav,"আমার এক গ্লাস জল দরকার"
/home/data/raw/bengali/audio/bn_00442.wav,"ডিজিটাল ইন্ডিয়া একটি গুরুত্বপূর্ণ উদ্যোগ"
/home/data/raw/bengali/audio/bn_00443.wav,"খেলাধুলা শিশুদের জন্য ভালো"
/home/data/raw/bengali/audio/bn_00444.wav,"আমি আপনার সাথে একমত"
/home/data/raw/bengali/audio/bn_00445.wav,"সময় খুব মূল্যবান"
/home/data/raw/bengali/audio/bn_00446.wav,"ভারত একটি বৈচিত্র্যময় দেশ"
/home/data/raw/bengali/audio/bn_00447.wav,"দয়া করে এখানে সই করুন"
/home/data/raw/bengali/audio/bn_00448.wav,"এটা আমার বোঝার বাইরে"
/home/data/raw/bengali/audio/bn_00449.wav,"তিনি একটি নতুন রেকর্ড করেছেন"
/home/data/raw/bengali/audio/bn_00450.wav,"শুভেচ্ছা"
/home/data/raw/bengali/audio/bn_00451.wav,"হ্যালো আজ আবহাওয়া খুব ভালো"
/home/data/raw/bengali/audio/bn_00452.wav,"ভারতের রাজধানী নতুন দিল্লি"
/home/data/raw/bengali/audio/bn_00453.wav,"আপনি কি আমাকে সাহায্য করতে পারেন"
/home/data/raw/bengali/audio/bn_00454.wav,"এটি একটি পরীক্ষা"
/home/data/raw/bengali/audio/bn_00455.wav,"দয়া করে ধীরে বলুন আমি বুঝতে পারছি না"
/home/data/raw/bengali/audio/bn_00456.wav,"আপনার নাম কি"
/home/data/raw/bengali/audio/bn_00457.wav,"আমি কাল বাজারে যাব"
/home/data/raw/bengali/audio/bn_00458.wav,"আমাদের সত্য কথা বলা উচিত"
/home/data/raw/bengali/audio/bn_00459.wav,"এই ট্রেনটি কখন ছাড়বে"
/home/data/raw/bengali/audio/bn_00460.wav,"সূর্য পূর্ব দিকে ওঠে"
/home/data/raw/bengali/audio/bn_00461.wav,"আপনি কেমন আছেন"
/home/data/raw/bengali/audio/bn_00462.wav,"বিজ্ঞানীরা একটি নতুন আবিষ্কার করেছেন"
/home/data/raw/bengali/audio/bn_00463.wav,"আমি বাংলা বলতে খুব ভালোবাসি"
/home/data/raw/bengali/audio/bn_00464.wav,"শিক্ষাই সাফল্যের চাবিকাঠি"
/home/data/raw/bengali/audio/bn_00465.wav,"আজকের তাজা খবর কি"
/home/data/raw/bengali/audio/bn_00466.wav,"তিনি তার পড়াশোনা শেষ করেছেন"
/home/data/raw/bengali/audio/bn_00467.wav,"আপনার কি কোন প্রশ্ন আছে"
/home/data/raw/bengali/audio/bn_00468.wav,"এটি একটি খুব সুন্দর জায়গা"
/home/data/raw/bengali/audio/bn_00469.wav,"আমাদের সকলের পরিবেশ রক্ষা করা উচিত"
/home/data/raw/bengali/audio/bn_00470.wav,"সে খুব পরিশ্রমী ছেলে"
/home/data/raw/bengali/audio/bn_00471.wav,"আমার এক গ্লাস জল দরকার"
/home/data/raw/bengali/audio/bn_00472.wav,"ডিজিটাল ইন্ডিয়া একটি গুরুত্বপূর্ণ উদ্যোগ"
/home/data/raw/bengali/audio/bn_00473.wav,"খেলাধুলা শিশুদের জন্য ভালো"
/home/data/raw/bengali/audio/bn_00474.wav,"আমি আপনার সাথে একমত"
/home/data/raw/bengali/audio/bn_00475.wav,"সময় খুব মূল্যবান"
/home/data/raw/bengali/audio/bn_00476.wav,"ভারত একটি বৈচিত্র্যময় দেশ"
/home/data/raw/bengali/audio/bn_00477.wav,"দয়া করে এখানে সই করুন"
/home/data/raw/bengali/audio/bn_00478.wav,"এটা আমার বোঝার বাইরে"
/home/data/raw/bengali/audio/bn_00479.wav,"তিনি একটি নতুন রেকর্ড করেছেন"
/home/data/raw/bengali/audio/bn_00480.wav,"শুভেচ্ছা"
/home/data/raw/bengali/audio/bn_00481.wav,"হ্যালো আজ আবহাওয়া খুব ভালো"
/home/data/raw/bengali/audio/bn_00482.wav,"ভারতের রাজধানী নতুন দিল্লি"
/home/data/raw/bengali/audio/bn_00483.wav,"আপনি কি আমাকে সাহায্য করতে পারেন"
/home/data/raw/bengali/audio/bn_00484.wav,"এটি একটি পরীক্ষা"
/home/data/raw/bengali/audio/bn_00485.wav,"দয়া করে ধীরে বলুন আমি বুঝতে পারছি না"
/home/data/raw/bengali/audio/bn_00486.wav,"আপনার নাম কি"
/home/data/raw/bengali/audio/bn_00487.wav,"আমি কাল বাজারে যাব"
/home/data/raw/bengali/audio/bn_00488.wav,"আমাদের সত্য কথা বলা উচিত"
/home/data/raw/bengali/audio/bn_00489.wav,"এই ট্রেনটি কখন ছাড়বে"
/home/data/raw/bengali/audio/bn_00490.wav,"সূর্য পূর্ব দিকে ওঠে"
/home/data/raw/bengali/audio/bn_00491.wav,"আপনি কেমন আছেন"
/home/data/raw/bengali/audio/bn_00492.wav,"বিজ্ঞানীরা একটি নতুন আবিষ্কার করেছেন"
/home/data/raw/bengali/audio/bn_00493.wav,"আমি বাংলা বলতে খুব ভালোবাসি"
/home/data/raw/bengali/audio/bn_00494.wav,"শিক্ষাই সাফল্যের চাবিকাঠি"
/home/data/raw/bengali/audio/bn_00495.wav,"আজকের তাজা খবর কি"
/home/data/raw/bengali/audio/bn_00496.wav,"তিনি তার পড়াশোনা শেষ করেছেন"
/home/data/raw/bengali/audio/bn_00497.wav,"আপনার কি কোন প্রশ্ন আছে"
/home/data/raw/bengali/audio/bn_00498.wav,"এটি একটি খুব সুন্দর জায়গা"
/home/data/raw/bengali/audio/bn_00499.wav,"আমাদের সকলের পরিবেশ রক্ষা করা উচিত"
/home/data/raw/bengali/audio/bn_00500.wav,"সে খুব পরিশ্রমী ছেলে"
/home/data/raw/bengali/audio/bn_00501.wav,"আমার এক গ্লাস জল দরকার"
/home/data/raw/bengali/audio/bn_00502.wav,"ডিজিটাল ইন্ডিয়া একটি গুরুত্বপূর্ণ উদ্যোগ"
/home/data/raw/bengali/audio/bn_00503.wav,"খেলাধুলা শিশুদের জন্য ভালো"
/home/data/raw/bengali/audio/bn_00504.wav,"আমি আপনার সাথে একমত"
/home/data/raw/bengali/audio/bn_00505.wav,"সময় খুব মূল্যবান"
/home/data/raw/bengali/audio/bn_00506.wav,"ভারত একটি বৈচিত্র্যময় দেশ"
/home/data/raw/bengali/audio/bn_00507.wav,"দয়া করে এখানে সই করুন"
/home/data/raw/bengali/audio/bn_00508.wav,"এটা আমার বোঝার বাইরে"
/home/data/raw/bengali/audio/bn_00509.wav,"তিনি একটি নতুন রেকর্ড করেছেন"
/home/data/raw/bengali/audio/bn_00510.wav,"শুভেচ্ছা"
/home/data/raw/bengali/audio/bn_00511.wav,"হ্যালো আজ আবহাওয়া খুব ভালো"
/home/data/raw/bengali/audio/bn_00512.wav,"ভারতের রাজধানী নতুন দিল্লি"
/home/data/raw/bengali/audio/bn_00513.wav,"আপনি কি আমাকে সাহায্য করতে পারেন"
/home/data/raw/bengali/audio/bn_00514.wav,"এটি একটি পরীক্ষা"
/home/data/raw/bengali/audio/bn_00515.wav,"দয়া করে ধীরে বলুন আমি বুঝতে পারছি না"
/home/data/raw/bengali/audio/bn_00516.wav,"আপনার নাম কি"
/home/data/raw/bengali/audio/bn_00517.wav,"আমি কাল বাজারে যাব"
/home/data/raw/bengali/audio/bn_00518.wav,"আমাদের সত্য কথা বলা উচিত"
/home/data/raw/bengali/audio/bn_00519.wav,"এই ট্রেনটি কখন ছাড়বে"
/home/data/raw/bengali/audio/bn_00520.wav,"সূর্য পূর্ব দিকে ওঠে"
/home/data/raw/bengali/audio/bn_00521.wav,"আপনি কেমন আছেন"
/home/data/raw/bengali/audio/bn_00522.wav,"বিজ্ঞানীরা একটি নতুন আবিষ্কার করেছেন"
/home/data/raw/bengali/audio/bn_00523.wav,"আমি বাংলা বলতে খুব ভালোবাসি"
/home/data/raw/bengali/audio/bn_00524.wav,"শিক্ষাই সাফল্যের চাবিকাঠি"
/home/data/raw/bengali/audio/bn_00525.wav,"আজকের তাজা খবর কি"
/home/data/raw/bengali/audio/bn_00526.wav,"তিনি তার পড়াশোনা শেষ করেছেন"
/home/data/raw/bengali/audio/bn_00527.wav,"আপনার কি কোন প্রশ্ন আছে"
/home/data/raw/bengali/audio/bn_00528.wav,"এটি একটি খুব সুন্দর জায়গা"
/home/data/raw/bengali/audio/bn_00529.wav,"আমাদের সকলের পরিবেশ রক্ষা করা উচিত"
/home/data/raw/bengali/audio/bn_00530.wav,"সে খুব পরিশ্রমী ছেলে"
/home/data/raw/bengali/audio/bn_00531.wav,"আমার এক গ্লাস জল দরকার"
/home/data/raw/bengali/audio/bn_00532.wav,"ডিজিটাল ইন্ডিয়া একটি গুরুত্বপূর্ণ উদ্যোগ"
/home/data/raw/bengali/audio/bn_00533.wav,"খেলাধুলা শিশুদের জন্য ভালো"
/home/data/raw/bengali/audio/bn_00534.wav,"আমি আপনার সাথে একমত"
/home/data/raw/bengali/audio/bn_00535.wav,"সময় খুব মূল্যবান"
/home/data/raw/bengali/audio/bn_00536.wav,"ভারত একটি বৈচিত্র্যময় দেশ"
/home/data/raw/bengali/audio/bn_00537.wav,"দয়া করে এখানে সই করুন"
/home/data/raw/bengali/audio/bn_00538.wav,"এটা আমার বোঝার বাইরে"
/home/data/raw/bengali/audio/bn_00539.wav,"তিনি একটি নতুন রেকর্ড করেছেন"
/home/data/raw/bengali/audio/bn_00540.wav,"শুভেচ্ছা"
/home/data/raw/bengali/audio/bn_00541.wav,"হ্যালো আজ আবহাওয়া খুব ভালো"
/home/data/raw/bengali/audio/bn_00542.wav,"ভারতের রাজধানী নতুন দিল্লি"
/home/data/raw/bengali/audio/bn_00543.wav,"আপনি কি আমাকে সাহায্য করতে পারেন"
/home/data/raw/bengali/audio/bn_00544.wav,"এটি একটি পরীক্ষা"
/home/data/raw/bengali/audio/bn_00545.wav,"দয়া করে ধীরে বলুন আমি বুঝতে পারছি না"
/home/data/raw/bengali/audio/bn_00546.wav,"আপনার নাম কি"
/home/data/raw/bengali/audio/bn_00547.wav,"আমি কাল বাজারে যাব"
/home/data/raw/bengali/audio/bn_00548.wav,"আমাদের সত্য কথা বলা উচিত"
/home/data/raw/bengali/audio/bn_00549.wav,"এই ট্রেনটি কখন ছাড়বে"
/home/data/raw/bengali/audio/bn_00550.wav,"সূর্য পূর্ব দিকে ওঠে"
/home/data/raw/bengali/audio/bn_00551.wav,"আপনি কেমন আছেন"
/home/data/raw/bengali/audio/bn_00552.wav,"বিজ্ঞানীরা একটি নতুন আবিষ্কার করেছেন"
/home/data/raw/bengali/audio/bn_00553.wav,"আমি বাংলা বলতে খুব ভালোবাসি"
/home/data/raw/bengali/audio/bn_00554.wav,"শিক্ষাই সাফল্যের চাবিকাঠি"
/home/data/raw/bengali/audio/bn_00555.wav,"আজকের তাজা খবর কি"
/home/data/raw/bengali/audio/bn_00556.wav,"তিনি তার পড়াশোনা শেষ করেছেন"
/home/data/raw/bengali/audio/bn_00557.wav,"আপনার কি কোন প্রশ্ন আছে"
/home/data/raw/bengali/audio/bn_00558.wav,"এটি একটি খুব সুন্দর জায়গা"
/home/data/raw/bengali/audio/bn_00559.wav,"আমাদের সকলের পরিবেশ রক্ষা করা উচিত"
/home/data/raw/bengali/audio/bn_00560.wav,"সে খুব পরিশ্রমী ছেলে"
/home/data/raw/bengali/audio/bn_00561.wav,"আমার এক গ্লাস জল দরকার"
/home/data/raw/bengali/audio/bn_00562.wav,"ডিজিটাল ইন্ডিয়া একটি গুরুত্বপূর্ণ উদ্যোগ"
/home/data/raw/bengali/audio/bn_00563.wav,"খেলাধুলা শিশুদের জন্য ভালো"
/home/data/raw/bengali/audio/bn_00564.wav,"আমি আপনার সাথে একমত"
/home/data/raw/bengali/audio/bn_00565.wav,"সময় খুব মূল্যবান"
/home/data/raw/bengali/audio/bn_00566.wav,"ভারত একটি বৈচিত্র্যময় দেশ"
/home/data/raw/bengali/audio/bn_00567.wav,"দয়া করে এখানে সই করুন"
/home/data/raw/bengali/audio/bn_00568.wav,"এটা আমার বোঝার বাইরে"
/home/data/raw/bengali/audio/bn_00569.wav,"তিনি একটি নতুন রেকর্ড করেছেন"
/home/data/raw/bengali/audio/bn_00570.wav,"শুভেচ্ছা"
/home/data/raw/bengali/audio/bn_00571.wav,"হ্যালো আজ আবহাওয়া খুব ভালো"
/home/data/raw/bengali/audio/bn_00572.wav,"ভারতের রাজধানী নতুন দিল্লি"
/home/data/raw/bengali/audio/bn_00573.wav,"আপনি কি আমাকে সাহায্য করতে পারেন"
/home/data/raw/bengali/audio/bn_00574.wav,"এটি একটি পরীক্ষা"
/home/data/raw/bengali/audio/bn_00575.wav,"দয়া করে ধীরে বলুন আমি বুঝতে পারছি না"
/home/data/raw/bengali/audio/bn_00576.wav,"আপনার নাম কি"
/home/data/raw/bengali/audio/bn_00577.wav,"আমি কাল বাজারে যাব"
/home/data/raw/bengali/audio/bn_00578.wav,"আমাদের সত্য কথা বলা উচিত"
/home/data/raw/bengali/audio/bn_00579.wav,"এই ট্রেনটি কখন ছাড়বে"
/home/data/raw/bengali/audio/bn_00580.wav,"সূর্য পূর্ব দিকে ওঠে"
/home/data/raw/bengali/audio/bn_00581.wav,"আপনি কেমন আছেন"
/home/data/raw/bengali/audio/bn_00582.wav,"বিজ্ঞানীরা একটি নতুন আবিষ্কার করেছেন"
/home/data/raw/bengali/audio/bn_00583.wav,"আমি বাংলা বলতে খুব ভালোবাসি"
/home/data/raw/bengali/audio/bn_00584.wav,"শিক্ষাই সাফল্যের চাবিকাঠি"
/home/data/raw/bengali/audio/bn_00585.wav,"আজকের তাজা খবর কি"
/home/data/raw/bengali/audio/bn_00586.wav,"তিনি তার পড়াশোনা শেষ করেছেন"
/home/data/raw/bengali/audio/bn_00587.wav,"আপনার কি কোন প্রশ্ন আছে"
/home/data/raw/bengali/audio/bn_00588.wav,"এটি একটি খুব সুন্দর জায়গা"
/home/data/raw/bengali/audio/bn_00589.wav,"আমাদের সকলের পরিবেশ রক্ষা করা উচিত"
/home/data/raw/bengali/audio/bn_00590.wav,"সে খুব পরিশ্রমী ছেলে"
/home/data/raw/bengali/audio/bn_00591.wav,"আমার এক গ্লাস জল দরকার"
/home/data/raw/bengali/audio/bn_00592.wav,"ডিজিটাল ইন্ডিয়া একটি গুরুত্বপূর্ণ উদ্যোগ"
/home/data/raw/bengali/audio/bn_00593.wav,"খেলাধুলা শিশুদের জন্য ভালো"
/home/data/raw/bengali/audio/bn_00594.wav,"আমি আপনার সাথে একমত"
/home/data/raw/bengali/audio/bn_00595.wav,"সময় খুব মূল্যবান"
/home/data/raw/bengali/audio/bn_00596.wav,"ভারত একটি বৈচিত্র্যময় দেশ"
/home/data/raw/bengali/audio/bn_00597.wav,"দয়া করে এখানে সই করুন"
/home/data/raw/bengali/audio/bn_00598.wav,"এটা আমার বোঝার বাইরে"
/home/data/raw/bengali/audio/bn_00599.wav,"তিনি একটি নতুন রেকর্ড করেছেন"
/home/data/raw/bengali/audio/bn_00600.wav,"শুভেচ্ছা"
/home/data/raw/bengali/audio/bn_00601.wav,"হ্যালো আজ আবহাওয়া খুব ভালো"
/home/data/raw/bengali/audio/bn_00602.wav,"ভারতের রাজধানী নতুন দিল্লি"
/home/data/raw/bengali/audio/bn_00603.wav,"আপনি কি আমাকে সাহায্য করতে পারেন"
/home/data/raw/bengali/audio/bn_00604.wav,"এটি একটি পরীক্ষা"
/home/data/raw/bengali/audio/bn_00605.wav,"দয়া করে ধীরে বলুন আমি বুঝতে পারছি না"
/home/data/raw/bengali/audio/bn_00606.wav,"আপনার নাম কি"
/home/data/raw/bengali/audio/bn_00607.wav,"আমি কাল বাজারে যাব"
/home/data/raw/bengali/audio/bn_00608.wav,"আমাদের সত্য কথা বলা উচিত"
/home/data/raw/bengali/audio/bn_00609.wav,"এই ট্রেনটি কখন ছাড়বে"
/home/data/raw/bengali/audio/bn_00610.wav,"সূর্য পূর্ব দিকে ওঠে"
/home/data/raw/bengali/audio/bn_00611.wav,"আপনি কেমন আছেন"
/home/data/raw/bengali/audio/bn_00612.wav,"বিজ্ঞানীরা একটি নতুন আবিষ্কার করেছেন"
/home/data/raw/bengali/audio/bn_00613.wav,"আমি বাংলা বলতে খুব ভালোবাসি"
/home/data/raw/bengali/audio/bn_00614.wav,"শিক্ষাই সাফল্যের চাবিকাঠি"
/home/data/raw/bengali/audio/bn_00615.wav,"আজকের তাজা খবর কি"
/home/data/raw/bengali/audio/bn_00616.wav,"তিনি তার পড়াশোনা শেষ করেছেন"
/home/data/raw/bengali/audio/bn_00617.wav,"আপনার কি কোন প্রশ্ন আছে"
/home/data/raw/bengali/audio/bn_00618.wav,"এটি একটি খুব সুন্দর জায়গা"
/home/data/raw/bengali/audio/bn_00619.wav,"আমাদের সকলের পরিবেশ রক্ষা করা উচিত"
/home/data/raw/bengali/audio/bn_00620.wav,"সে খুব পরিশ্রমী ছেলে"
/home/data/raw/bengali/audio/bn_00621.wav,"আমার এক গ্লাস জল দরকার"
/home/data/raw/bengali/audio/bn_00622.wav,"ডিজিটাল ইন্ডিয়া একটি গুরুত্বপূর্ণ উদ্যোগ"
/home/data/raw/bengali/audio/bn_00623.wav,"খেলাধুলা শিশুদের জন্য ভালো"
/home/data/raw/bengali/audio/bn_00624.wav,"আমি আপনার সাথে একমত"
/home/data/raw/bengali/audio/bn_00625.wav,"সময় খুব মূল্যবান"
/home/data/raw/bengali/audio/bn_00626.wav,"ভারত একটি বৈচিত্র্যময় দেশ"
/home/data/raw/bengali/audio/bn_00627.wav,"দয়া করে এখানে সই করুন"
/home/data/raw/bengali/audio/bn_00628.wav,"এটা আমার বোঝার বাইরে"
/home/data/raw/bengali/audio/bn_00629.wav,"তিনি একটি নতুন রেকর্ড করেছেন"
/home/data/raw/bengali/audio/bn_00630.wav,"শুভেচ্ছা"
/home/data/raw/bengali/audio/bn_00631.wav,"হ্যালো আজ আবহাওয়া খুব ভালো"
/home/data/raw/bengali/audio/bn_00632.wav,"ভারতের রাজধানী নতুন দিল্লি"
/home/data/raw/bengali/audio/bn_00633.wav,"আপনি কি আমাকে সাহায্য করতে পারেন"
/home/data/raw/bengali/audio/bn_00634.wav,"এটি একটি পরীক্ষা"
/home/data/raw/bengali/audio/bn_00635.wav,"দয়া করে ধীরে বলুন আমি বুঝতে পারছি না"
/home/data/raw/bengali/audio/bn_00636.wav,"আপনার নাম কি"
/home/data/raw/bengali/audio/bn_00637.wav,"আমি কাল বাজারে যাব"
/home/data/raw/bengali/audio/bn_00638.wav,"আমাদের সত্য কথা বলা উচিত"
/home/data/raw/bengali/audio/bn_00639.wav,"এই ট্রেনটি কখন ছাড়বে"
/home/data/raw/bengali/audio/bn_00640.wav,"সূর্য পূর্ব দিকে ওঠে"
/home/data/raw/bengali/audio/bn_00641.wav,"আপনি কেমন আছেন"
/home/data/raw/bengali/audio/bn_00642.wav,"বিজ্ঞানীরা একটি নতুন আবিষ্কার করেছেন"
/home/data/raw/bengali/audio/bn_00643.wav,"আমি বাংলা বলতে খুব ভালোবাসি"
/home/data/raw/bengali/audio/bn_00644.wav,"শিক্ষাই সাফল্যের চাবিকাঠি"
/home/data/raw/bengali/audio/bn_00645.wav,"আজকের তাজা খবর কি"
/home/data/raw/bengali/audio/bn_00646.wav,"তিনি তার পড়াশোনা শেষ করেছেন"
/home/data/raw/bengali/audio/bn_00647.wav,"আপনার কি কোন প্রশ্ন আছে"
/home/data/raw/bengali/audio/bn_00648.wav,"এটি একটি খুব সুন্দর জায়গা"
/home/data/raw/bengali/audio/bn_00649.wav,"আমাদের সকলের পরিবেশ রক্ষা করা উচিত"
/home/data/raw/bengali/audio/bn_00650.wav,"সে খুব পরিশ্রমী ছেলে"
/home/data/raw/bengali/audio/bn_00651.wav,"আমার এক গ্লাস জল দরকার"
/home/data/raw/bengali/audio/bn_00652.wav,"ডিজিটাল ইন্ডিয়া একটি গুরুত্বপূর্ণ উদ্যোগ"
/home/data/raw/bengali/audio/bn_00653.wav,"খেলাধুলা শিশুদের জন্য ভালো"
/home/data/raw/bengali/audio/bn_00654.wav,"আমি আপনার সাথে একমত"
/home/data/raw/bengali/audio/bn_00655.wav,"সময় খুব মূল্যবান"
/home/data/raw/bengali/audio/bn_00656.wav,"ভারত একটি বৈচিত্র্যময় দেশ"
/home/data/raw/bengali/audio/bn_00657.wav,"দয়া করে এখানে সই করুন"
/home/data/raw/bengali/audio/bn_00658.wav,"এটা আমার বোঝার বাইরে"
/home/data/raw/bengali/audio/bn_00659.wav,"তিনি একটি নতুন রেকর্ড করেছেন"
/home/data/raw/bengali/audio/bn_00660.wav,"শুভেচ্ছা"
/home/data/raw/bengali/audio/bn_00661.wav,"হ্যালো আজ আবহাওয়া খুব ভালো"
/home/data/raw/bengali/audio/bn_00662.wav,"ভারতের রাজধানী নতুন দিল্লি"
/home/data/raw/bengali/audio/bn_00663.wav,"আপনি কি আমাকে সাহায্য করতে পারেন"
/home/data/raw/bengali/audio/bn_00664.wav,"এটি একটি পরীক্ষা"
/home/data/raw/bengali/audio/bn_00665.wav,"দয়া করে ধীরে বলুন আমি বুঝতে পারছি না"
/home/data/raw/bengali/audio/bn_00666.wav,"আপনার নাম কি"
/home/data/raw/bengali/audio/bn_00667.wav,"আমি কাল বাজারে যাব"
/home/data/raw/bengali/audio/bn_00668.wav,"আমাদের সত্য কথা বলা উচিত"
/home/data/raw/bengali/audio/bn_00669.wav,"এই ট্রেনটি কখন ছাড়বে"
/home/data/raw/bengali/audio/bn_00670.wav,"সূর্য পূর্ব দিকে ওঠে"
/home/data/raw/bengali/audio/bn_00671.wav,"আপনি কেমন আছেন"
/home/data/raw/bengali/audio/bn_00672.wav,"বিজ্ঞানীরা একটি নতুন আবিষ্কার করেছেন"
/home/data/raw/bengali/audio/bn_00673.wav,"আমি বাংলা বলতে খুব ভালোবাসি"
/home/data/raw/bengali/audio/bn_00674.wav,"শিক্ষাই সাফল্যের চাবিকাঠি"
/home/data/raw/bengali/audio/bn_00675.wav,"আজকের তাজা খবর কি"
/home/data/raw/bengali/audio/bn_00676.wav,"তিনি তার পড়াশোনা শেষ করেছেন"
/home/data/raw/bengali/audio/bn_00677.wav,"আপনার কি কোন প্রশ্ন আছে"
/home/data/raw/bengali/audio/bn_00678.wav,"এটি একটি খুব সুন্দর জায়গা"
/home/data/raw/bengali/audio/bn_00679.wav,"আমাদের সকলের পরিবেশ রক্ষা করা উচিত"
/home/data/raw/bengali/audio/bn_00680.wav,"সে খুব পরিশ্রমী ছেলে"
/home/data/raw/bengali/audio/bn_00681.wav,"আমার এক গ্লাস জল দরকার"
/home/data/raw/bengali/audio/bn_00682.wav,"ডিজিটাল ইন্ডিয়া একটি গুরুত্বপূর্ণ উদ্যোগ"
/home/data/raw/bengali/audio/bn_00683.wav,"খেলাধুলা শিশুদের জন্য ভালো"
/home/data/raw/bengali/audio/bn_00684.wav,"আমি আপনার সাথে একমত"
/home/data/raw/bengali/audio/bn_00685.wav,"সময় খুব মূল্যবান"
/home/data/raw/bengali/audio/bn_00686.wav,"ভারত একটি বৈচিত্র্যময় দেশ"
/home/data/raw/bengali/audio/bn_00687.wav,"দয়া করে এখানে সই করুন"
/home/data/raw/bengali/audio/bn_00688.wav,"এটা আমার বোঝার বাইরে"
/home/data/raw/bengali/audio/bn_00689.wav,"তিনি একটি নতুন রেকর্ড করেছেন"
/home/data/raw/bengali/audio/bn_00690.wav,"শুভেচ্ছা"
/home/data/raw/bengali/audio/bn_00691.wav,"হ্যালো আজ আবহাওয়া খুব ভালো"
/home/data/raw/bengali/audio/bn_00692.wav,"ভারতের রাজধানী নতুন দিল্লি"
/home/data/raw/bengali/audio/bn_00693.wav,"আপনি কি আমাকে সাহায্য করতে পারেন"
/home/data/raw/bengali/audio/bn_00694.wav,"এটি একটি পরীক্ষা"
/home/data/raw/bengali/audio/bn_00695.wav,"দয়া করে ধীরে বলুন আমি বুঝতে পারছি না"
/home/data/raw/bengali/audio/bn_00696.wav,"আপনার নাম কি"
/home/data/raw/bengali/audio/bn_00697.wav,"আমি কাল বাজারে যাব"
/home/data/raw/bengali/audio/bn_00698.wav,"আমাদের সত্য কথা বলা উচিত"
/home/data/raw/bengali/audio/bn_00699.wav,"এই ট্রেনটি কখন ছাড়বে"
/home/data/raw/bengali/audio/bn_00700.wav,"সূর্য পূর্ব দিকে ওঠে"
/home/data/raw/bengali/audio/bn_00701.wav,"আপনি কেমন আছেন"
/home/data/raw/bengali/audio/bn_00702.wav,"বিজ্ঞানীরা একটি নতুন আবিষ্কার করেছেন"
/home/data/raw/bengali/audio/bn_00703.wav,"আমি বাংলা বলতে খুব ভালোবাসি"
/home/data/raw/bengali/audio/bn_00704.wav,"শিক্ষাই সাফল্যের চাবিকাঠি"
/home/data/raw/bengali/audio/bn_00705.wav,"আজকের তাজা খবর কি"
/home/data/raw/bengali/audio/bn_00706.wav,"তিনি তার পড়াশোনা শেষ করেছেন"
/home/data/raw/bengali/audio/bn_00707.wav,"আপনার কি কোন প্রশ্ন আছে"
/home/data/raw/bengali/audio/bn_00708.wav,"এটি একটি খুব সুন্দর জায়গা"
/home/data/raw/bengali/audio/bn_00709.wav,"আমাদের সকলের পরিবেশ রক্ষা করা উচিত"
/home/data/raw/bengali/audio/bn_00710.wav,"সে খুব পরিশ্রমী ছেলে"
/home/data/raw/bengali/audio/bn_00711.wav,"আমার এক গ্লাস জল দরকার"
/home/data/raw/bengali/audio/bn_00712.wav,"ডিজিটাল ইন্ডিয়া একটি গুরুত্বপূর্ণ উদ্যোগ"
/home/data/raw/bengali/audio/bn_00713.wav,"খেলাধুলা শিশুদের জন্য ভালো"
/home/data/raw/bengali/audio/bn_00714.wav,"আমি আপনার সাথে একমত"
/home/data/raw/bengali/audio/bn_00715.wav,"সময় খুব মূল্যবান"
/home/data/raw/bengali/audio/bn_00716.wav,"ভারত একটি বৈচিত্র্যময় দেশ"
/home/data/raw/bengali/audio/bn_00717.wav,"দয়া করে এখানে সই করুন"
/home/data/raw/bengali/audio/bn_00718.wav,"এটা আমার বোঝার বাইরে"
/home/data/raw/bengali/audio/bn_00719.wav,"তিনি একটি নতুন রেকর্ড করেছেন"
/home/data/raw/bengali/audio/bn_00720.wav,"শুভেচ্ছা"
/home/data/raw/bengali/audio/bn_00721.wav,"হ্যালো আজ আবহাওয়া খুব ভালো"
/home/data/raw/bengali/audio/bn_00722.wav,"ভারতের রাজধানী নতুন দিল্লি"
/home/data/raw/bengali/audio/bn_00723.wav,"আপনি কি আমাকে সাহায্য করতে পারেন"
/home/data/raw/bengali/audio/bn_00724.wav,"এটি একটি পরীক্ষা"
/home/data/raw/bengali/audio/bn_00725.wav,"দয়া করে ধীরে বলুন আমি বুঝতে পারছি না"
/home/data/raw/bengali/audio/bn_00726.wav,"আপনার নাম কি"
/home/data/raw/bengali/audio/bn_00727.wav,"আমি কাল বাজারে যাব"
/home/data/raw/bengali/audio/bn_00728.wav,"আমাদের সত্য কথা বলা উচিত"
/home/data/raw/bengali/audio/bn_00729.wav,"এই ট্রেনটি কখন ছাড়বে"
/home/data/raw/bengali/audio/bn_00730.wav,"সূর্য পূর্ব দিকে ওঠে"
/home/data/raw/bengali/audio/bn_00731.wav,"আপনি কেমন আছেন"
/home/data/raw/bengali/audio/bn_00732.wav,"বিজ্ঞানীরা একটি নতুন আবিষ্কার করেছেন"
/home/data/raw/bengali/audio/bn_00733.wav,"আমি বাংলা বলতে খুব ভালোবাসি"
/home/data/raw/bengali/audio/bn_00734.wav,"শিক্ষাই সাফল্যের চাবিকাঠি"
/home/data/raw/bengali/audio/bn_00735.wav,"আজকের তাজা খবর কি"
/home/data/raw/bengali/audio/bn_00736.wav,"তিনি তার পড়াশোনা শেষ করেছেন"
/home/data/raw/bengali/audio/bn_00737.wav,"আপনার কি কোন প্রশ্ন আছে"
/home/data/raw/bengali/audio/bn_00738.wav,"এটি একটি খুব সুন্দর জায়গা"
/home/data/raw/bengali/audio/bn_00739.wav,"আমাদের সকলের পরিবেশ রক্ষা করা উচিত"
/home/data/raw/bengali/audio/bn_00740.wav,"সে খুব পরিশ্রমী ছেলে"
/home/data/raw/bengali/audio/bn_00741.wav,"আমার এক গ্লাস জল দরকার"
/home/data/raw/bengali/audio/bn_00742.wav,"ডিজিটাল ইন্ডিয়া একটি গুরুত্বপূর্ণ উদ্যোগ"
/home/data/raw/bengali/audio/bn_00743.wav,"খেলাধুলা শিশুদের জন্য ভালো"
/home/data/raw/bengali/audio/bn_00744.wav,"আমি আপনার সাথে একমত"
/home/data/raw/bengali/audio/bn_00745.wav,"সময় খুব মূল্যবান"
/home/data/raw/bengali/audio/bn_00746.wav,"ভারত একটি বৈচিত্র্যময় দেশ"
/home/data/raw/bengali/audio/bn_00747.wav,"দয়া করে এখানে সই করুন"
/home/data/raw/bengali/audio/bn_00748.wav,"এটা আমার বোঝার বাইরে"
/home/data/raw/bengali/audio/bn_00749.wav,"তিনি একটি নতুন রেকর্ড করেছেন"
/home/data/raw/bengali/audio/bn_00750.wav,"শুভেচ্ছা"
/home/data/raw/bengali/audio/bn_00751.wav,"হ্যালো আজ আবহাওয়া খুব ভালো"
/home/data/raw/bengali/audio/bn_00752.wav,"ভারতের রাজধানী নতুন দিল্লি"
/home/data/raw/bengali/audio/bn_00753.wav,"আপনি কি আমাকে সাহায্য করতে পারেন"
/home/data/raw/bengali/audio/bn_00754.wav,"এটি একটি পরীক্ষা"
/home/data/raw/bengali/audio/bn_00755.wav,"দয়া করে ধীরে বলুন আমি বুঝতে পারছি না"
/home/data/raw/bengali/audio/bn_00756.wav,"আপনার নাম কি"
/home/data/raw/bengali/audio/bn_00757.wav,"আমি কাল বাজারে যাব"
/home/data/raw/bengali/audio/bn_00758.wav,"আমাদের সত্য কথা বলা উচিত"
/home/data/raw/bengali/audio/bn_00759.wav,"এই ট্রেনটি কখন ছাড়বে"
/home/data/raw/bengali/audio/bn_00760.wav,"সূর্য পূর্ব দিকে ওঠে"
/home/data/raw/bengali/audio/bn_00761.wav,"আপনি কেমন আছেন"
/home/data/raw/bengali/audio/bn_00762.wav,"বিজ্ঞানীরা একটি নতুন আবিষ্কার করেছেন"
/home/data/raw/bengali/audio/bn_00763.wav,"আমি বাংলা বলতে খুব ভালোবাসি"
/home/data/raw/bengali/audio/bn_00764.wav,"শিক্ষাই সাফল্যের চাবিকাঠি"
/home/data/raw/bengali/audio/bn_00765.wav,"আজকের তাজা খবর কি"
/home/data/raw/bengali/audio/bn_00766.wav,"তিনি তার পড়াশোনা শেষ করেছেন"
/home/data/raw/bengali/audio/bn_00767.wav,"আপনার কি কোন প্রশ্ন আছে"
/home/data/raw/bengali/audio/bn_00768.wav,"এটি একটি খুব সুন্দর জায়গা"
/home/data/raw/bengali/audio/bn_00769.wav,"আমাদের সকলের পরিবেশ রক্ষা করা উচিত"
/home/data/raw/bengali/audio/bn_00770.wav,"সে খুব পরিশ্রমী ছেলে"
/home/data/raw/bengali/audio/bn_00771.wav,"আমার এক গ্লাস জল দরকার"
/home/data/raw/bengali/audio/bn_00772.wav,"ডিজিটাল ইন্ডিয়া একটি গুরুত্বপূর্ণ উদ্যোগ"
/home/data/raw/bengali/audio/bn_00773.wav,"খেলাধুলা শিশুদের জন্য ভালো"
/home/data/raw/bengali/audio/bn_00774.wav,"আমি আপনার সাথে একমত"
/home/data/raw/bengali/audio/bn_00775.wav,"সময় খুব মূল্যবান"
/home/data/raw/bengali/audio/bn_00776.wav,"ভারত একটি বৈচিত্র্যময় দেশ"
/home/data/raw/bengali/audio/bn_00777.wav,"দয়া করে এখানে সই করুন"
/home/data/raw/bengali/audio/bn_00778.wav,"এটা আমার বোঝার বাইরে"
/home/data/raw/bengali/audio/bn_00779.wav,"তিনি একটি নতুন রেকর্ড করেছেন"
/home/data/raw/bengali/audio/bn_00780.wav,"শুভেচ্ছা"
/home/data/raw/bengali/audio/bn_00781.wav,"হ্যালো আজ আবহাওয়া খুব ভালো"
/home/data/raw/bengali/audio/bn_00782.wav,"ভারতের রাজধানী নতুন দিল্লি"
/home/data/raw/bengali/audio/bn_00783.wav,"আপনি কি আমাকে সাহায্য করতে পারেন"
/home/data/raw/bengali/audio/bn_00784.wav,"এটি একটি পরীক্ষা"
/home/data/raw/bengali/audio/bn_00785.wav,"দয়া করে ধীরে বলুন আমি বুঝতে পারছি না"
/home/data/raw/bengali/audio/bn_00786.wav,"আপনার নাম কি"
/home/data/raw/bengali/audio/bn_00787.wav,"আমি কাল বাজারে যাব"
/home/data/raw/bengali/audio/bn_00788.wav,"আমাদের সত্য কথা বলা উচিত"
/home/data/raw/bengali/audio/bn_00789.wav,"এই ট্রেনটি কখন ছাড়বে"
/home/data/raw/bengali/audio/bn_00790.wav,"সূর্য পূর্ব দিকে ওঠে"
/home/data/raw/bengali/audio/bn_00791.wav,"আপনি কেমন আছেন"
/home/data/raw/bengali/audio/bn_00792.wav,"বিজ্ঞানীরা একটি নতুন আবিষ্কার করেছেন"
/home/data/raw/bengali/audio/bn_00793.wav,"আমি বাংলা বলতে খুব ভালোবাসি"
/home/data/raw/bengali/audio/bn_00794.wav,"শিক্ষাই সাফল্যের চাবিকাঠি"
/home/data/raw/bengali/audio/bn_00795.wav,"আজকের তাজা খবর কি"
/home/data/raw/bengali/audio/bn_00796.wav,"তিনি তার পড়াশোনা শেষ করেছেন"
/home/data/raw/bengali/audio/bn_00797.wav,"আপনার কি কোন প্রশ্ন আছে"
/home/data/raw/bengali/audio/bn_00798.wav,"এটি একটি খুব সুন্দর জায়গা"
/home/data/raw/bengali/audio/bn_00799.wav,"আমাদের সকলের পরিবেশ রক্ষা করা উচিত"
/home/data/raw/bengali/audio/bn_00800.wav,"সে খুব পরিশ্রমী ছেলে"
/home/data/raw/bengali/audio/bn_00801.wav,"আমার এক গ্লাস জল দরকার"
/home/data/raw/bengali/audio/bn_00802.wav,"ডিজিটাল ইন্ডিয়া একটি গুরুত্বপূর্ণ উদ্যোগ"
/home/data/raw/bengali/audio/bn_00803.wav,"খেলাধুলা শিশুদের জন্য ভালো"
/home/data/raw/bengali/audio/bn_00804.wav,"আমি আপনার সাথে একমত"
/home/data/raw/bengali/audio/bn_00805.wav,"সময় খুব মূল্যবান"
/home/data/raw/bengali/audio/bn_00806.wav,"ভারত একটি বৈচিত্র্যময় দেশ"
/home/data/raw/bengali/audio/bn_00807.wav,"দয়া করে এখানে সই করুন"
/home/data/raw/bengali/audio/bn_00808.wav,"এটা আমার বোঝার বাইরে"
/home/data/raw/bengali/audio/bn_00809.wav,"তিনি একটি নতুন রেকর্ড করেছেন"
/home/data/raw/bengali/audio/bn_00810.wav,"শুভেচ্ছা"
/home/data/raw/bengali/audio/bn_00811.wav,"হ্যালো আজ আবহাওয়া খুব ভালো"
/home/data/raw/bengali/audio/bn_00812.wav,"ভারতের রাজধানী নতুন দিল্লি"
/home/data/raw/bengali/audio/bn_00813.wav,"আপনি কি আমাকে সাহায্য করতে পারেন"
/home/data/raw/bengali/audio/bn_00814.wav,"এটি একটি পরীক্ষা"
/home/data/raw/bengali/audio/bn_00815.wav,"দয়া করে ধীরে বলুন আমি বুঝতে পারছি না"
/home/data/raw/bengali/audio/bn_00816.wav,"আপনার নাম কি"
/home/data/raw/bengali/audio/bn_00817.wav,"আমি কাল বাজারে যাব"
/home/data/raw/bengali/audio/bn_00818.wav,"আমাদের সত্য কথা বলা উচিত"
/home/data/raw/bengali/audio/bn_00819.wav,"এই ট্রেনটি কখন ছাড়বে"
/home/data/raw/bengali/audio/bn_00820.wav,"সূর্য পূর্ব দিকে ওঠে"
/home/data/raw/bengali/audio/bn_00821.wav,"আপনি কেমন আছেন"
/home/data/raw/bengali/audio/bn_00822.wav,"বিজ্ঞানীরা একটি নতুন আবিষ্কার করেছেন"
/home/data/raw/bengali/audio/bn_00823.wav,"আমি বাংলা বলতে খুব ভালোবাসি"
/home/data/raw/bengali/audio/bn_00824.wav,"শিক্ষাই সাফল্যের চাবিকাঠি"
/home/data/raw/bengali/audio/bn_00825.wav,"আজকের তাজা খবর কি"
/home/data/raw/bengali/audio/bn_00826.wav,"তিনি তার পড়াশোনা শেষ করেছেন"
/home/data/raw/bengali/audio/bn_00827.wav,"আপনার কি কোন প্রশ্ন আছে"
/home/data/raw/bengali/audio/bn_00828.wav,"এটি একটি খুব সুন্দর জায়গা"
/home/data/raw/bengali/audio/bn_00829.wav,"আমাদের সকলের পরিবেশ রক্ষা করা উচিত"
/home/data/raw/bengali/audio/bn_00830.wav,"সে খুব পরিশ্রমী ছেলে"
/home/data/raw/bengali/audio/bn_00831.wav,"আমার এক গ্লাস জল দরকার"
/home/data/raw/bengali/audio/bn_00832.wav,"ডিজিটাল ইন্ডিয়া একটি গুরুত্বপূর্ণ উদ্যোগ"
/home/data/raw/bengali/audio/bn_00833.wav,"খেলাধুলা শিশুদের জন্য ভালো"
/home/data/raw/bengali/audio/bn_00834.wav,"আমি আপনার সাথে একমত"
/home/data/raw/bengali/audio/bn_00835.wav,"সময় খুব মূল্যবান"
/home/data/raw/bengali/audio/bn_00836.wav,"ভারত একটি বৈচিত্র্যময় দেশ"
/home/data/raw/bengali/audio/bn_00837.wav,"দয়া করে এখানে সই করুন"
/home/data/raw/bengali/audio/bn_00838.wav,"এটা আমার বোঝার বাইরে"
/home/data/raw/bengali/audio/bn_00839.wav,"তিনি একটি নতুন রেকর্ড করেছেন"
/home/data/raw/bengali/audio/bn_00840.wav,"শুভেচ্ছা"
/home/data/raw/bengali/audio/bn_00841.wav,"হ্যালো আজ আবহাওয়া খুব ভালো"
/home/data/raw/bengali/audio/bn_00842.wav,"ভারতের রাজধানী নতুন দিল্লি"
/home/data/raw/bengali/audio/bn_00843.wav,"আপনি কি আমাকে সাহায্য করতে পারেন"
/home/data/raw/bengali/audio/bn_00844.wav,"এটি একটি পরীক্ষা"
/home/data/raw/bengali/audio/bn_00845.wav,"দয়া করে ধীরে বলুন আমি বুঝতে পারছি না"
/home/data/raw/bengali/audio/bn_00846.wav,"আপনার নাম কি"
/home/data/raw/bengali/audio/bn_00847.wav,"আমি কাল বাজারে যাব"
/home/data/raw/bengali/audio/bn_00848.wav,"আমাদের সত্য কথা বলা উচিত"
/home/data/raw/bengali/audio/bn_00849.wav,"এই ট্রেনটি কখন ছাড়বে"
/home/data/raw/bengali/audio/bn_00850.wav,"সূর্য পূর্ব দিকে ওঠে"
/home/data/raw/bengali/audio/bn_00851.wav,"আপনি কেমন আছেন"
/home/data/raw/bengali/audio/bn_00852.wav,"বিজ্ঞানীরা একটি নতুন আবিষ্কার করেছেন"
/home/data/raw/bengali/audio/bn_00853.wav,"আমি বাংলা বলতে খুব ভালোবাসি"
/home/data/raw/bengali/audio/bn_00854.wav,"শিক্ষাই সাফল্যের চাবিকাঠি"
/home/data/raw/bengali/audio/bn_00855.wav,"আজকের তাজা খবর কি"
/home/data/raw/bengali/audio/bn_00856.wav,"তিনি তার পড়াশোনা শেষ করেছেন"
/home/data/raw/bengali/audio/bn_00857.wav,"আপনার কি কোন প্রশ্ন আছে"
/home/data/raw/bengali/audio/bn_00858.wav,"এটি একটি খুব সুন্দর জায়গা"
/home/data/raw/bengali/audio/bn_00859.wav,"আমাদের সকলের পরিবেশ রক্ষা করা উচিত"
/home/data/raw/bengali/audio/bn_00860.wav,"সে খুব পরিশ্রমী ছেলে"
/home/data/raw/bengali/audio/bn_00861.wav,"আমার এক গ্লাস জল দরকার"
/home/data/raw/bengali/audio/bn_00862.wav,"ডিজিটাল ইন্ডিয়া একটি গুরুত্বপূর্ণ উদ্যোগ"
/home/data/raw/bengali/audio/bn_00863.wav,"খেলাধুলা শিশুদের জন্য ভালো"
/home/data/raw/bengali/audio/bn_00864.wav,"আমি আপনার সাথে একমত"
/home/data/raw/bengali/audio/bn_00865.wav,"সময় খুব মূল্যবান"
/home/data/raw/bengali/audio/bn_00866.wav,"ভারত একটি বৈচিত্র্যময় দেশ"
/home/data/raw/bengali/audio/bn_00867.wav,"দয়া করে এখানে সই করুন"
/home/data/raw/bengali/audio/bn_00868.wav,"এটা আমার বোঝার বাইরে"
/home/data/raw/bengali/audio/bn_00869.wav,"তিনি একটি নতুন রেকর্ড করেছেন"
/home/data/raw/bengali/audio/bn_00870.wav,"শুভেচ্ছা"
/home/data/raw/bengali/audio/bn_00871.wav,"হ্যালো আজ আবহাওয়া খুব ভালো"
/home/data/raw/bengali/audio/bn_00872.wav,"ভারতের রাজধানী নতুন দিল্লি"
/home/data/raw/bengali/audio/bn_00873.wav,"আপনি কি আমাকে সাহায্য করতে পারেন"
/home/data/raw/bengali/audio/bn_00874.wav,"এটি একটি পরীক্ষা"
/home/data/raw/bengali/audio/bn_00875.wav,"দয়া করে ধীরে বলুন আমি বুঝতে পারছি না"
/home/data/raw/bengali/audio/bn_00876.wav,"আপনার নাম কি"
/home/data/raw/bengali/audio/bn_00877.wav,"আমি কাল বাজারে যাব"
/home/data/raw/bengali/audio/bn_00878.wav,"আমাদের সত্য কথা বলা উচিত"
/home/data/raw/bengali/audio/bn_00879.wav,"এই ট্রেনটি কখন ছাড়বে"
/home/data/raw/bengali/audio/bn_00880.wav,"সূর্য পূর্ব দিকে ওঠে"
/home/data/raw/bengali/audio/bn_00881.wav,"আপনি কেমন আছেন"
/home/data/raw/bengali/audio/bn_00882.wav,"বিজ্ঞানীরা একটি নতুন আবিষ্কার করেছেন"
/home/data/raw/bengali/audio/bn_00883.wav,"আমি বাংলা বলতে খুব ভালোবাসি"
/home/data/raw/bengali/audio/bn_00884.wav,"শিক্ষাই সাফল্যের চাবিকাঠি"
/home/data/raw/bengali/audio/bn_00885.wav,"আজকের তাজা খবর কি"
/home/data/raw/bengali/audio/bn_00886.wav,"তিনি তার পড়াশোনা শেষ করেছেন"
/home/data/raw/bengali/audio/bn_00887.wav,"আপনার কি কোন প্রশ্ন আছে"
/home/data/raw/bengali/audio/bn_00888.wav,"এটি একটি খুব সুন্দর জায়গা"
/home/data/raw/bengali/audio/bn_00889.wav,"আমাদের সকলের পরিবেশ রক্ষা করা উচিত"
/home/data/raw/bengali/audio/bn_00890.wav,"সে খুব পরিশ্রমী ছেলে"
/home/data/raw/bengali/audio/bn_00891.wav,"আমার এক গ্লাস জল দরকার"
/home/data/raw/bengali/audio/bn_00892.wav,"ডিজিটাল ইন্ডিয়া একটি গুরুত্বপূর্ণ উদ্যোগ"
/home/data/raw/bengali/audio/bn_00893.wav,"খেলাধুলা শিশুদের জন্য ভালো"
/home/data/raw/bengali/audio/bn_00894.wav,"আমি আপনার সাথে একমত"
/home/data/raw/bengali/audio/bn_00895.wav,"সময় খুব মূল্যবান"
/home/data/raw/bengali/audio/bn_00896.wav,"ভারত একটি বৈচিত্র্যময় দেশ"
/home/data/raw/bengali/audio/bn_00897.wav,"দয়া করে এখানে সই করুন"
/home/data/raw/bengali/audio/bn_00898.wav,"এটা আমার বোঝার বাইরে"
/home/data/raw/bengali/audio/bn_00899.wav,"তিনি একটি নতুন রেকর্ড করেছেন"
/home/data/raw/bengali/audio/bn_00900.wav,"শুভেচ্ছা"
/home/data/raw/bengali/audio/bn_00901.wav,"হ্যালো আজ আবহাওয়া খুব ভালো"
/home/data/raw/bengali/audio/bn_00902.wav,"ভারতের রাজধানী নতুন দিল্লি"
/home/data/raw/bengali/audio/bn_00903.wav,"আপনি কি আমাকে সাহায্য করতে পারেন"
/home/data/raw/bengali/audio/bn_00904.wav,"এটি একটি পরীক্ষা"
/home/data/raw/bengali/audio/bn_00905.wav,"দয়া করে ধীরে বলুন আমি বুঝতে পারছি না"
/home/data/raw/bengali/audio/bn_00906.wav,"আপনার নাম কি"
/home/data/raw/bengali/audio/bn_00907.wav,"আমি কাল বাজারে যাব"
/home/data/raw/bengali/audio/bn_00908.wav,"আমাদের সত্য কথা বলা উচিত"
/home/data/raw/bengali/audio/bn_00909.wav,"এই ট্রেনটি কখন ছাড়বে"
/home/data/raw/bengali/audio/bn_00910.wav,"সূর্য পূর্ব দিকে ওঠে"
/home/data/raw/bengali/audio/bn_00911.wav,"আপনি কেমন আছেন"
/home/data/raw/bengali/audio/bn_00912.wav,"বিজ্ঞানীরা একটি নতুন আবিষ্কার করেছেন"
/home/data/raw/bengali/audio/bn_00913.wav,"আমি বাংলা বলতে খুব ভালোবাসি"
/home/data/raw/bengali/audio/bn_00914.wav,"শিক্ষাই সাফল্যের চাবিকাঠি"
/home/data/raw/bengali/audio/bn_00915.wav,"আজকের তাজা খবর কি"
/home/data/raw/bengali/audio/bn_00916.wav,"তিনি তার পড়াশোনা শেষ করেছেন"
/home/data/raw/bengali/audio/bn_00917.wav,"আপনার কি কোন প্রশ্ন আছে"
/home/data/raw/bengali/audio/bn_00918.wav,"এটি একটি খুব সুন্দর জায়গা"
/home/data/raw/bengali/audio/bn_00919.wav,"আমাদের সকলের পরিবেশ রক্ষা করা উচিত"
/home/data/raw/bengali/audio/bn_00920.wav,"সে খুব পরিশ্রমী ছেলে"
/home/data/raw/bengali/audio/bn_00921.wav,"আমার এক গ্লাস জল দরকার"
/home/data/raw/bengali/audio/bn_00922.wav,"ডিজিটাল ইন্ডিয়া একটি গুরুত্বপূর্ণ উদ্যোগ"
/home/data/raw/bengali/audio/bn_00923.wav,"খেলাধুলা শিশুদের জন্য ভালো"
/home/data/raw/bengali/audio/bn_00924.wav,"আমি আপনার সাথে একমত"
/home/data/raw/bengali/audio/bn_00925.wav,"সময় খুব মূল্যবান"
/home/data/raw/bengali/audio/bn_00926.wav,"ভারত একটি বৈচিত্র্যময় দেশ"
/home/data/raw/bengali/audio/bn_00927.wav,"দয়া করে এখানে সই করুন"
/home/data/raw/bengali/audio/bn_00928.wav,"এটা আমার বোঝার বাইরে"
/home/data/raw/bengali/audio/bn_00929.wav,"তিনি একটি নতুন রেকর্ড করেছেন"
/home/data/raw/bengali/audio/bn_00930.wav,"শুভেচ্ছা"
/home/data/raw/bengali/audio/bn_00931.wav,"হ্যালো আজ আবহাওয়া খুব ভালো"
/home/data/raw/bengali/audio/bn_00932.wav,"ভারতের রাজধানী নতুন দিল্লি"
/home/data/raw/bengali/audio/bn_00933.wav,"আপনি কি আমাকে সাহায্য করতে পারেন"
/home/data/raw/bengali/audio/bn_00934.wav,"এটি একটি পরীক্ষা"
/home/data/raw/bengali/audio/bn_00935.wav,"দয়া করে ধীরে বলুন আমি বুঝতে পারছি না"
/home/data/raw/bengali/audio/bn_00936.wav,"আপনার নাম কি"
/home/data/raw/bengali/audio/bn_00937.wav,"আমি কাল বাজারে যাব"
/home/data/raw/bengali/audio/bn_00938.wav,"আমাদের সত্য কথা বলা উচিত"
/home/data/raw/bengali/audio/bn_00939.wav,"এই ট্রেনটি কখন ছাড়বে"
/home/data/raw/bengali/audio/bn_00940.wav,"সূর্য পূর্ব দিকে ওঠে"
/home/data/raw/bengali/audio/bn_00941.wav,"আপনি কেমন আছেন"
/home/data/raw/bengali/audio/bn_00942.wav,"বিজ্ঞানীরা একটি নতুন আবিষ্কার করেছেন"
/home/data/raw/bengali/audio/bn_00943.wav,"আমি বাংলা বলতে খুব ভালোবাসি"
/home/data/raw/bengali/audio/bn_00944.wav,"শিক্ষাই সাফল্যের চাবিকাঠি"
/home/data/raw/bengali/audio/bn_00945.wav,"আজকের তাজা খবর কি"
/home/data/raw/bengali/audio/bn_00946.wav,"তিনি তার পড়াশোনা শেষ করেছেন"
/home/data/raw/bengali/audio/bn_00947.wav,"আপনার কি কোন প্রশ্ন আছে"
/home/data/raw/bengali/audio/bn_00948.wav,"এটি একটি খুব সুন্দর জায়গা"
/home/data/raw/bengali/audio/bn_00949.wav,"আমাদের সকলের পরিবেশ রক্ষা করা উচিত"
/home/data/raw/bengali/audio/bn_00950.wav,"সে খুব পরিশ্রমী ছেলে"
/home/data/raw/bengali/audio/bn_00951.wav,"আমার এক গ্লাস জল দরকার"
/home/data/raw/bengali/audio/bn_00952.wav,"ডিজিটাল ইন্ডিয়া একটি গুরুত্বপূর্ণ উদ্যোগ"
/home/data/raw/bengali/audio/bn_00953.wav,"খেলাধুলা শিশুদের জন্য ভালো"
/home/data/raw/bengali/audio/bn_00954.wav,"আমি আপনার সাথে একমত"
/home/data/raw/bengali/audio/bn_00955.wav,"সময় খুব মূল্যবান"
/home/data/raw/bengali/audio/bn_00956.wav,"ভারত একটি বৈচিত্র্যময় দেশ"
/home/data/raw/bengali/audio/bn_00957.wav,"দয়া করে এখানে সই করুন"
/home/data/raw/bengali/audio/bn_00958.wav,"এটা আমার বোঝার বাইরে"
/home/data/raw/bengali/audio/bn_00959.wav,"তিনি একটি নতুন রেকর্ড করেছেন"
/home/data/raw/bengali/audio/bn_00960.wav,"শুভেচ্ছা"
/home/data/raw/bengali/audio/bn_00961.wav,"হ্যালো আজ আবহাওয়া খুব ভালো"
/home/data/raw/bengali/audio/bn_00962.wav,"ভারতের রাজধানী নতুন দিল্লি"
/home/data/raw/bengali/audio/bn_00963.wav,"আপনি কি আমাকে সাহায্য করতে পারেন"
/home/data/raw/bengali/audio/bn_00964.wav,"এটি একটি পরীক্ষা"
/home/data/raw/bengali/audio/bn_00965.wav,"দয়া করে ধীরে বলুন আমি বুঝতে পারছি না"
/home/data/raw/bengali/audio/bn_00966.wav,"আপনার নাম কি"
/home/data/raw/bengali/audio/bn_00967.wav,"আমি কাল বাজারে যাব"
/home/data/raw/bengali/audio/bn_00968.wav,"আমাদের সত্য কথা বলা উচিত"
/home/data/raw/bengali/audio/bn_00969.wav,"এই ট্রেনটি কখন ছাড়বে"
/home/data/raw/bengali/audio/bn_00970.wav,"সূর্য পূর্ব দিকে ওঠে"
/home/data/raw/bengali/audio/bn_00971.wav,"আপনি কেমন আছেন"
/home/data/raw/bengali/audio/bn_00972.wav,"বিজ্ঞানীরা একটি নতুন আবিষ্কার করেছেন"
/home/data/raw/bengali/audio/bn_00973.wav,"আমি বাংলা বলতে খুব ভালোবাসি"
/home/data/raw/bengali/audio/bn_00974.wav,"শিক্ষাই সাফল্যের চাবিকাঠি"
/home/data/raw/bengali/audio/bn_00975.wav,"আজকের তাজা খবর কি"
/home/data/raw/bengali/audio/bn_00976.wav,"তিনি তার পড়াশোনা শেষ করেছেন"
/home/data/raw/bengali/audio/bn_00977.wav,"আপনার কি কোন প্রশ্ন আছে"
/home/data/raw/bengali/audio/bn_00978.wav,"এটি একটি খুব সুন্দর জায়গা"
/home/data/raw/bengali/audio/bn_00979.wav,"আমাদের সকলের পরিবেশ রক্ষা করা উচিত"
/home/data/raw/bengali/audio/bn_00980.wav,"সে খুব পরিশ্রমী ছেলে"
/home/data/raw/bengali/audio/bn_00981.wav,"আমার এক গ্লাস জল দরকার"
/home/data/raw/bengali/audio/bn_00982.wav,"ডিজিটাল ইন্ডিয়া একটি গুরুত্বপূর্ণ উদ্যোগ"
/home/data/raw/bengali/audio/bn_00983.wav,"খেলাধুলা শিশুদের জন্য ভালো"
/home/data/raw/bengali/audio/bn_00984.wav,"আমি আপনার সাথে একমত"
/home/data/raw/bengali/audio/bn_00985.wav,"সময় খুব মূল্যবান"
/home/data/raw/bengali/audio/bn_00986.wav,"ভারত একটি বৈচিত্র্যময় দেশ"
/home/data/raw/bengali/audio/bn_00987.wav,"দয়া করে এখানে সই করুন"
/home/data/raw/bengali/audio/bn_00988.wav,"এটা আমার বোঝার বাইরে"
/home/data/raw/bengali/audio/bn_00989.wav,"তিনি একটি নতুন রেকর্ড করেছেন"
/home/data/raw/bengali/audio/bn_00990.wav,"শুভেচ্ছা"
/home/data/raw/bengali/audio/bn_00991.wav,"হ্যালো আজ আবহাওয়া খুব ভালো"
/home/data/raw/bengali/audio/bn_00992.wav,"ভারতের রাজধানী নতুন দিল্লি"
/home/data/raw/bengali/audio/bn_00993.wav,"আপনি কি আমাকে সাহায্য করতে পারেন"
/home/data/raw/bengali/audio/bn_00994.wav,"এটি একটি পরীক্ষা"
/home/data/raw/bengali/audio/bn_00995.wav,"দয়া করে ধীরে বলুন আমি বুঝতে পারছি না"
/home/data/raw/bengali/audio/bn_00996.wav,"আপনার নাম কি"
/home/data/raw/bengali/audio/bn_00997.wav,"আমি কাল বাজারে যাব"
/home/data/raw/bengali/audio/bn_00998.wav,"আমাদের সত্য কথা বলা উচিত"
/home/data/raw/bengali/audio/bn_00999.wav,"এই ট্রেনটি কখন ছাড়বে"
/home/data/raw/bengali/audio/bn_01000.wav,"সূর্য পূর্ব দিকে ওঠে"
/home/data/raw/bengali/audio/bn_01001.wav,"আপনি কেমন আছেন"
/home/data/raw/bengali/audio/bn_01002.wav,"বিজ্ঞানীরা একটি নতুন আবিষ্কার করেছেন"
/home/data/raw/bengali/audio/bn_01003.wav,"আমি বাংলা বলতে খুব ভালোবাসি"
/home/data/raw/bengali/audio/bn_01004.wav,"শিক্ষাই সাফল্যের চাবিকাঠি"
/home/data/raw/bengali/audio/bn_01005.wav,"আজকের তাজা খবর কি"
/home/data/raw/bengali/audio/bn_01006.wav,"তিনি তার পড়াশোনা শেষ করেছেন"
/home/data/raw/bengali/audio/bn_01007.wav,"আপনার কি কোন প্রশ্ন আছে"
/home/data/raw/bengali/audio/bn_01008.wav,"এটি একটি খুব সুন্দর জায়গা"
/home/data/raw/bengali/audio/bn_01009.wav,"আমাদের সকলের পরিবেশ রক্ষা করা উচিত"
/home/data/raw/bengali/audio/bn_01010.wav,"সে খুব পরিশ্রমী ছেলে"
/home/data/raw/bengali/audio/bn_01011.wav,"আমার এক গ্লাস জল দরকার"
/home/data/raw/bengali/audio/bn_01012.wav,"ডিজিটাল ইন্ডিয়া একটি গুরুত্বপূর্ণ উদ্যোগ"
/home/data/raw/bengali/audio/bn_01013.wav,"খেলাধুলা শিশুদের জন্য ভালো"
/home/data/raw/bengali/audio/bn_01014.wav,"আমি আপনার সাথে একমত"
/home/data/raw/bengali/audio/bn_01015.wav,"সময় খুব মূল্যবান"
/home/data/raw/bengali/audio/bn_01016.wav,"ভারত একটি বৈচিত্র্যময় দেশ"
/home/data/raw/bengali/audio/bn_01017.wav,"দয়া করে এখানে সই করুন"
/home/data/raw/bengali/audio/bn_01018.wav,"এটা আমার বোঝার বাইরে"
/home/data/raw/bengali/audio/bn_01019.wav,"তিনি একটি নতুন রেকর্ড করেছেন"
/home/data/raw/bengali/audio/bn_01020.wav,"শুভেচ্ছা"
/home/data/raw/bengali/audio/bn_01021.wav,"হ্যালো আজ আবহাওয়া খুব ভালো"
/home/data/raw/bengali/audio/bn_01022.wav,"ভারতের রাজধানী নতুন দিল্লি"
/home/data/raw/bengali/audio/bn_01023.wav,"আপনি কি আমাকে সাহায্য করতে পারেন"
/home/data/raw/bengali/audio/bn_01024.wav,"এটি একটি পরীক্ষা"
/home/data/raw/bengali/audio/bn_01025.wav,"দয়া করে ধীরে বলুন আমি বুঝতে পারছি না"
/home/data/raw/bengali/audio/bn_01026.wav,"আপনার নাম কি"
/home/data/raw/bengali/audio/bn_01027.wav,"আমি কাল বাজারে যাব"
/home/data/raw/bengali/audio/bn_01028.wav,"আমাদের সত্য কথা বলা উচিত"
/home/data/raw/bengali/audio/bn_01029.wav,"এই ট্রেনটি কখন ছাড়বে"
/home/data/raw/bengali/audio/bn_01030.wav,"সূর্য পূর্ব দিকে ওঠে"
/home/data/raw/bengali/audio/bn_01031.wav,"আপনি কেমন আছেন"
/home/data/raw/bengali/audio/bn_01032.wav,"বিজ্ঞানীরা একটি নতুন আবিষ্কার করেছেন"
/home/data/raw/bengali/audio/bn_01033.wav,"আমি বাংলা বলতে খুব ভালোবাসি"
/home/data/raw/bengali/audio/bn_01034.wav,"শিক্ষাই সাফল্যের চাবিকাঠি"
/home/data/raw/bengali/audio/bn_01035.wav,"আজকের তাজা খবর কি"
/home/data/raw/bengali/audio/bn_01036.wav,"তিনি তার পড়াশোনা শেষ করেছেন"
/home/data/raw/bengali/audio/bn_01037.wav,"আপনার কি কোন প্রশ্ন আছে"
/home/data/raw/bengali/audio/bn_01038.wav,"এটি একটি খুব সুন্দর জায়গা"
/home/data/raw/bengali/audio/bn_01039.wav,"আমাদের সকলের পরিবেশ রক্ষা করা উচিত"
/home/data/raw/bengali/audio/bn_01040.wav,"সে খুব পরিশ্রমী ছেলে"
/home/data/raw/bengali/audio/bn_01041.wav,"আমার এক গ্লাস জল দরকার"
/home/data/raw/bengali/audio/bn_01042.wav,"ডিজিটাল ইন্ডিয়া একটি গুরুত্বপূর্ণ উদ্যোগ"
/home/data/raw/bengali/audio/bn_01043.wav,"খেলাধুলা শিশুদের জন্য ভালো"
/home/data/raw/bengali/audio/bn_01044.wav,"আমি আপনার সাথে একমত"
/home/data/raw/bengali/audio/bn_01045.wav,"সময় খুব মূল্যবান"
/home/data/raw/bengali/audio/bn_01046.wav,"ভারত একটি বৈচিত্র্যময় দেশ"
/home/data/raw/bengali/audio/bn_01047.wav,"দয়া করে এখানে সই করুন"
/home/data/raw/bengali/audio/bn_01048.wav,"এটা আমার বোঝার বাইরে"
/home/data/raw/bengali/audio/bn_01049.wav,"তিনি একটি নতুন রেকর্ড করেছেন"
/home/data/raw/bengali/audio/bn_01050.wav,"শুভেচ্ছা"
/home/data/raw/bengali/audio/bn_01051.wav,"হ্যালো আজ আবহাওয়া খুব ভালো"
/home/data/raw/bengali/audio/bn_01052.wav,"ভারতের রাজধানী নতুন দিল্লি"
/home/data/raw/bengali/audio/bn_01053.wav,"আপনি কি আমাকে সাহায্য করতে পারেন"
/home/data/raw/bengali/audio/bn_01054.wav,"এটি একটি পরীক্ষা"
/home/data/raw/bengali/audio/bn_01055.wav,"দয়া করে ধীরে বলুন আমি বুঝতে পারছি না"
/home/data/raw/bengali/audio/bn_01056.wav,"আপনার নাম কি"
/home/data/raw/bengali/audio/bn_01057.wav,"আমি কাল বাজারে যাব"
/home/data/raw/bengali/audio/bn_01058.wav,"আমাদের সত্য কথা বলা উচিত"
/home/data/raw/bengali/audio/bn_01059.wav,"এই ট্রেনটি কখন ছাড়বে"
/home/data/raw/bengali/audio/bn_01060.wav,"সূর্য পূর্ব দিকে ওঠে"
/home/data/raw/bengali/audio/bn_01061.wav,"আপনি কেমন আছেন"
/home/data/raw/bengali/audio/bn_01062.wav,"বিজ্ঞানীরা একটি নতুন আবিষ্কার করেছেন"
/home/data/raw/bengali/audio/bn_01063.wav,"আমি বাংলা বলতে খুব ভালোবাসি"
/home/data/raw/bengali/audio/bn_01064.wav,"শিক্ষাই সাফল্যের চাবিকাঠি"
/home/data/raw/bengali/audio/bn_01065.wav,"আজকের তাজা খবর কি"
/home/data/raw/bengali/audio/bn_01066.wav,"তিনি তার পড়াশোনা শেষ করেছেন"
/home/data/raw/bengali/audio/bn_01067.wav,"আপনার কি কোন প্রশ্ন আছে"
/home/data/raw/bengali/audio/bn_01068.wav,"এটি একটি খুব সুন্দর জায়গা"
/home/data/raw/bengali/audio/bn_01069.wav,"আমাদের সকলের পরিবেশ রক্ষা করা উচিত"
/home/data/raw/bengali/audio/bn_01070.wav,"সে খুব পরিশ্রমী ছেলে"
/home/data/raw/bengali/audio/bn_01071.wav,"আমার এক গ্লাস জল দরকার"
/home/data/raw/bengali/audio/bn_01072.wav,"ডিজিটাল ইন্ডিয়া একটি গুরুত্বপূর্ণ উদ্যোগ"
/home/data/raw/bengali/audio/bn_01073.wav,"খেলাধুলা শিশুদের জন্য ভালো"
/home/data/raw/bengali/audio/bn_01074.wav,"আমি আপনার সাথে একমত"
/home/data/raw/bengali/audio/bn_01075.wav,"সময় খুব মূল্যবান"
/home/data/raw/bengali/audio/bn_01076.wav,"ভারত একটি বৈচিত্র্যময় দেশ"
/home/data/raw/bengali/audio/bn_01077.wav,"দয়া করে এখানে সই করুন"
/home/data/raw/bengali/audio/bn_01078.wav,"এটা আমার বোঝার বাইরে"
/home/data/raw/bengali/audio/bn_01079.wav,"তিনি একটি নতুন রেকর্ড করেছেন"
/home/data/raw/bengali/audio/bn_01080.wav,"শুভেচ্ছা"
/home/data/raw/bengali/audio/bn_01081.wav,"হ্যালো আজ আবহাওয়া খুব ভালো"
/home/data/raw/bengali/audio/bn_01082.wav,"ভারতের রাজধানী নতুন দিল্লি"
/home/data/raw/bengali/audio/bn_01083.wav,"আপনি কি আমাকে সাহায্য করতে পারেন"
/home/data/raw/bengali/audio/bn_01084.wav,"এটি একটি পরীক্ষা"
/home/data/raw/bengali/audio/bn_01085.wav,"দয়া করে ধীরে বলুন আমি বুঝতে পারছি না"
/home/data/raw/bengali/audio/bn_01086.wav,"আপনার নাম কি"
/home/data/raw/bengali/audio/bn_01087.wav,"আমি কাল বাজারে যাব"
/home/data/raw/bengali/audio/bn_01088.wav,"আমাদের সত্য কথা বলা উচিত"
/home/data/raw/bengali/audio/bn_01089.wav,"এই ট্রেনটি কখন ছাড়বে"
/home/data/raw/bengali/audio/bn_01090.wav,"সূর্য পূর্ব দিকে ওঠে"
/home/data/raw/bengali/audio/bn_01091.wav,"আপনি কেমন আছেন"
/home/data/raw/bengali/audio/bn_01092.wav,"বিজ্ঞানীরা একটি নতুন আবিষ্কার করেছেন"
/home/data/raw/bengali/audio/bn_01093.wav,"আমি বাংলা বলতে খুব ভালোবাসি"
/home/data/raw/bengali/audio/bn_01094.wav,"শিক্ষাই সাফল্যের চাবিকাঠি"
/home/data/raw/bengali/audio/bn_01095.wav,"আজকের তাজা খবর কি"
/home/data/raw/bengali/audio/bn_01096.wav,"তিনি তার পড়াশোনা শেষ করেছেন"
/home/data/raw/bengali/audio/bn_01097.wav,"আপনার কি কোন প্রশ্ন আছে"
/home/data/raw/bengali/audio/bn_01098.wav,"এটি একটি খুব সুন্দর জায়গা"
/home/data/raw/bengali/audio/bn_01099.wav,"আমাদের সকলের পরিবেশ রক্ষা করা উচিত"
/home/data/raw/bengali/audio/bn_01100.wav,"সে খুব পরিশ্রমী ছেলে"
/home/data/raw/bengali/audio/bn_01101.wav,"আমার এক গ্লাস জল দরকার"
/home/data/raw/bengali/audio/bn_01102.wav,"ডিজিটাল ইন্ডিয়া একটি গুরুত্বপূর্ণ উদ্যোগ"
/home/data/raw/bengali/audio/bn_01103.wav,"খেলাধুলা শিশুদের জন্য ভালো"
/home/data/raw/bengali/audio/bn_01104.wav,"আমি আপনার সাথে একমত"
/home/data/raw/bengali/audio/bn_01105.wav,"সময় খুব মূল্যবান"
/home/data/raw/bengali/audio/bn_01106.wav,"ভারত একটি বৈচিত্র্যময় দেশ"
/home/data/raw/bengali/audio/bn_01107.wav,"দয়া করে এখানে সই করুন"
/home/data/raw/bengali/audio/bn_01108.wav,"এটা আমার বোঝার বাইরে"
/home/data/raw/bengali/audio/bn_01109.wav,"তিনি একটি নতুন রেকর্ড করেছেন"
/home/data/raw/bengali/audio/bn_01110.wav,"শুভেচ্ছা"
/home/data/raw/bengali/audio/bn_01111.wav,"হ্যালো আজ আবহাওয়া খুব ভালো"
/home/data/raw/bengali/audio/bn_01112.wav,"ভারতের রাজধানী নতুন দিল্লি"
/home/data/raw/bengali/audio/bn_01113.wav,"আপনি কি আমাকে সাহায্য করতে পারেন"
/home/data/raw/bengali/audio/bn_01114.wav,"এটি একটি পরীক্ষা"
/home/data/raw/bengali/audio/bn_01115.wav,"দয়া করে ধীরে বলুন আমি বুঝতে পারছি না"
/home/data/raw/bengali/audio/bn_01116.wav,"আপনার নাম কি"
/home/data/raw/bengali/audio/bn_01117.wav,"আমি কাল বাজারে যাব"
/home/data/raw/bengali/audio/bn_01118.wav,"আমাদের সত্য কথা বলা উচিত"
/home/data/raw/bengali/audio/bn_01119.wav,"এই ট্রেনটি কখন ছাড়বে"
/home/data/raw/bengali/audio/bn_01120.wav,"সূর্য পূর্ব দিকে ওঠে"
/home/data/raw/bengali/audio/bn_01121.wav,"আপনি কেমন আছেন"
/home/data/raw/bengali/audio/bn_01122.wav,"বিজ্ঞানীরা একটি নতুন আবিষ্কার করেছেন"
/home/data/raw/bengali/audio/bn_01123.wav,"আমি বাংলা বলতে খুব ভালোবাসি"
/home/data/raw/bengali/audio/bn_01124.wav,"শিক্ষাই সাফল্যের চাবিকাঠি"
/home/data/raw/bengali/audio/bn_01125.wav,"আজকের তাজা খবর কি"
/home/data/raw/bengali/audio/bn_01126.wav,"তিনি তার পড়াশোনা শেষ করেছেন"
/home/data/raw/bengali/audio/bn_01127.wav,"আপনার কি কোন প্রশ্ন আছে"
/home/data/raw/bengali/audio/bn_01128.wav,"এটি একটি খুব সুন্দর জায়গা"
/home/data/raw/bengali/audio/bn_01129.wav,"আমাদের সকলের পরিবেশ রক্ষা করা উচিত"
/home/data/raw/bengali/audio/bn_01130.wav,"সে খুব পরিশ্রমী ছেলে"
/home/data/raw/bengali/audio/bn_01131.wav,"আমার এক গ্লাস জল দরকার"
/home/data/raw/bengali/audio/bn_01132.wav,"ডিজিটাল ইন্ডিয়া একটি গুরুত্বপূর্ণ উদ্যোগ"
/home/data/raw/bengali/audio/bn_01133.wav,"খেলাধুলা শিশুদের জন্য ভালো"
/home/data/raw/bengali/audio/bn_01134.wav,"আমি আপনার সাথে একমত"
/home/data/raw/bengali/audio/bn_01135.wav,"সময় খুব মূল্যবান"
/home/data/raw/bengali/audio/bn_01136.wav,"ভারত একটি বৈচিত্র্যময় দেশ"
/home/data/raw/bengali/audio/bn_01137.wav,"দয়া করে এখানে সই করুন"
/home/data/raw/bengali/audio/bn_01138.wav,"এটা আমার বোঝার বাইরে"
/home/data/raw/bengali/audio/bn_01139.wav,"তিনি একটি নতুন রেকর্ড করেছেন"
/home/data/raw/bengali/audio/bn_01140.wav,"শুভেচ্ছা"
/home/data/raw/bengali/audio/bn_01141.wav,"হ্যালো আজ আবহাওয়া খুব ভালো"
/home/data/raw/bengali/audio/bn_01142.wav,"ভারতের রাজধানী নতুন দিল্লি"
/home/data/raw/bengali/audio/bn_01143.wav,"আপনি কি আমাকে সাহায্য করতে পারেন"
/home/data/raw/bengali/audio/bn_01144.wav,"এটি একটি পরীক্ষা"
/home/data/raw/bengali/audio/bn_01145.wav,"দয়া করে ধীরে বলুন আমি বুঝতে পারছি না"
/home/data/raw/bengali/audio/bn_01146.wav,"আপনার নাম কি"
/home/data/raw/bengali/audio/bn_01147.wav,"আমি কাল বাজারে যাব"
/home/data/raw/bengali/audio/bn_01148.wav,"আমাদের সত্য কথা বলা উচিত"
/home/data/raw/bengali/audio/bn_01149.wav,"এই ট্রেনটি কখন ছাড়বে"
/home/data/raw/bengali/audio/bn_01150.wav,"সূর্য পূর্ব দিকে ওঠে"
/home/data/raw/bengali/audio/bn_01151.wav,"আপনি কেমন আছেন"
/home/data/raw/bengali/audio/bn_01152.wav,"বিজ্ঞানীরা একটি নতুন আবিষ্কার করেছেন"
/home/data/raw/bengali/audio/bn_01153.wav,"আমি বাংলা বলতে খুব ভালোবাসি"
/home/data/raw/bengali/audio/bn_01154.wav,"শিক্ষাই সাফল্যের চাবিকাঠি"
/home/data/raw/bengali/audio/bn_01155.wav,"আজকের তাজা খবর কি"
/home/data/raw/bengali/audio/bn_01156.wav,"তিনি তার পড়াশোনা শেষ করেছেন"
/home/data/raw/bengali/audio/bn_01157.wav,"আপনার কি কোন প্রশ্ন আছে"
/home/data/raw/bengali/audio/bn_01158.wav,"এটি একটি খুব সুন্দর জায়গা"
/home/data/raw/bengali/audio/bn_01159.wav,"আমাদের সকলের পরিবেশ রক্ষা করা উচিত"
/home/data/raw/bengali/audio/bn_01160.wav,"সে খুব পরিশ্রমী ছেলে"
/home/data/raw/bengali/audio/bn_01161.wav,"আমার এক গ্লাস জল দরকার"
/home/data/raw/bengali/audio/bn_01162.wav,"ডিজিটাল ইন্ডিয়া একটি গুরুত্বপূর্ণ উদ্যোগ"
/home/data/raw/bengali/audio/bn_01163.wav,"খেলাধুলা শিশুদের জন্য ভালো"
/home/data/raw/bengali/audio/bn_01164.wav,"আমি আপনার সাথে একমত"
/home/data/raw/bengali/audio/bn_01165.wav,"সময় খুব মূল্যবান"
/home/data/raw/bengali/audio/bn_01166.wav,"ভারত একটি বৈচিত্র্যময় দেশ"
/home/data/raw/bengali/audio/bn_01167.wav,"দয়া করে এখানে সই করুন"
/home/data/raw/bengali/audio/bn_01168.wav,"এটা আমার বোঝার বাইরে"
/home/data/raw/bengali/audio/bn_01169.wav,"তিনি একটি নতুন রেকর্ড করেছেন"
/home/data/raw/bengali/audio/bn_01170.wav,"শুভেচ্ছা"
/home/data/raw/bengali/audio/bn_01171.wav,"হ্যালো আজ আবহাওয়া খুব ভালো"
/home/data/raw/bengali/audio/bn_01172.wav,"ভারতের রাজধানী নতুন দিল্লি"
/home/data/raw/bengali/audio/bn_01173.wav,"আপনি কি আমাকে সাহায্য করতে পারেন"
/home/data/raw/bengali/audio/bn_01174.wav,"এটি একটি পরীক্ষা"
/home/data/raw/bengali/audio/bn_01175.wav,"দয়া করে ধীরে বলুন আমি বুঝতে পারছি না"
/home/data/raw/bengali/audio/bn_01176.wav,"আপনার নাম কি"
/home/data/raw/bengali/audio/bn_01177.wav,"আমি কাল বাজারে যাব"
/home/data/raw/bengali/audio/bn_01178.wav,"আমাদের সত্য কথা বলা উচিত"
/home/data/raw/bengali/audio/bn_01179.wav,"এই ট্রেনটি কখন ছাড়বে"
/home/data/raw/bengali/audio/bn_01180.wav,"সূর্য পূর্ব দিকে ওঠে"
/home/data/raw/bengali/audio/bn_01181.wav,"আপনি কেমন আছেন"
/home/data/raw/bengali/audio/bn_01182.wav,"বিজ্ঞানীরা একটি নতুন আবিষ্কার করেছেন"
/home/data/raw/bengali/audio/bn_01183.wav,"আমি বাংলা বলতে খুব ভালোবাসি"
/home/data/raw/bengali/audio/bn_01184.wav,"শিক্ষাই সাফল্যের চাবিকাঠি"
/home/data/raw/bengali/audio/bn_01185.wav,"আজকের তাজা খবর কি"
/home/data/raw/bengali/audio/bn_01186.wav,"তিনি তার পড়াশোনা শেষ করেছেন"
/home/data/raw/bengali/audio/bn_01187.wav,"আপনার কি কোন প্রশ্ন আছে"
/home/data/raw/bengali/audio/bn_01188.wav,"এটি একটি খুব সুন্দর জায়গা"
/home/data/raw/bengali/audio/bn_01189.wav,"আমাদের সকলের পরিবেশ রক্ষা করা উচিত"
/home/data/raw/bengali/audio/bn_01190.wav,"সে খুব পরিশ্রমী ছেলে"
/home/data/raw/bengali/audio/bn_01191.wav,"আমার এক গ্লাস জল দরকার"
/home/data/raw/bengali/audio/bn_01192.wav,"ডিজিটাল ইন্ডিয়া একটি গুরুত্বপূর্ণ উদ্যোগ"
/home/data/raw/bengali/audio/bn_01193.wav,"খেলাধুলা শিশুদের জন্য ভালো"
/home/data/raw/bengali/audio/bn_01194.wav,"আমি আপনার সাথে একমত"
/home/data/raw/bengali/audio/bn_01195.wav,"সময় খুব মূল্যবান"
/home/data/raw/bengali/audio/bn_01196.wav,"ভারত একটি বৈচিত্র্যময় দেশ"
/home/data/raw/bengali/audio/bn_01197.wav,"দয়া করে এখানে সই করুন"
/home/data/raw/bengali/audio/bn_01198.wav,"এটা আমার বোঝার বাইরে"
/home/data/raw/bengali/audio/bn_01199.wav,"তিনি একটি নতুন রেকর্ড করেছেন"
/home/data/raw/bengali/audio/bn_01200.wav,"শুভেচ্ছা"
/home/data/raw/bengali/audio/bn_01201.wav,"হ্যালো আজ আবহাওয়া খুব ভালো"
/home/data/raw/bengali/audio/bn_01202.wav,"ভারতের রাজধানী নতুন দিল্লি"
/home/data/raw/bengali/audio/bn_01203.wav,"আপনি কি আমাকে সাহায্য করতে পারেন"
/home/data/raw/bengali/audio/bn_01204.wav,"এটি একটি পরীক্ষা"
/home/data/raw/bengali/audio/bn_01205.wav,"দয়া করে ধীরে বলুন আমি বুঝতে পারছি না"
/home/data/raw/bengali/audio/bn_01206.wav,"আপনার নাম কি"
/home/data/raw/bengali/audio/bn_01207.wav,"আমি কাল বাজারে যাব"
/home/data/raw/bengali/audio/bn_01208.wav,"আমাদের সত্য কথা বলা উচিত"
/home/data/raw/bengali/audio/bn_01209.wav,"এই ট্রেনটি কখন ছাড়বে"
/home/data/raw/bengali/audio/bn_01210.wav,"সূর্য পূর্ব দিকে ওঠে"
/home/data/raw/bengali/audio/bn_01211.wav,"আপনি কেমন আছেন"
/home/data/raw/bengali/audio/bn_01212.wav,"বিজ্ঞানীরা একটি নতুন আবিষ্কার করেছেন"
/home/data/raw/bengali/audio/bn_01213.wav,"আমি বাংলা বলতে খুব ভালোবাসি"
/home/data/raw/bengali/audio/bn_01214.wav,"শিক্ষাই সাফল্যের চাবিকাঠি"
/home/data/raw/bengali/audio/bn_01215.wav,"আজকের তাজা খবর কি"
/home/data/raw/bengali/audio/bn_01216.wav,"তিনি তার পড়াশোনা শেষ করেছেন"
/home/data/raw/bengali/audio/bn_01217.wav,"আপনার কি কোন প্রশ্ন আছে"
/home/data/raw/bengali/audio/bn_01218.wav,"এটি একটি খুব সুন্দর জায়গা"
/home/data/raw/bengali/audio/bn_01219.wav,"আমাদের সকলের পরিবেশ রক্ষা করা উচিত"
/home/data/raw/bengali/audio/bn_01220.wav,"সে খুব পরিশ্রমী ছেলে"
/home/data/raw/bengali/audio/bn_01221.wav,"আমার এক গ্লাস জল দরকার"
/home/data/raw/bengali/audio/bn_01222.wav,"ডিজিটাল ইন্ডিয়া একটি গুরুত্বপূর্ণ উদ্যোগ"
/home/data/raw/bengali/audio/bn_01223.wav,"খেলাধুলা শিশুদের জন্য ভালো"
/home/data/raw/bengali/audio/bn_01224.wav,"আমি আপনার সাথে একমত"
/home/data/raw/bengali/audio/bn_01225.wav,"সময় খুব মূল্যবান"
/home/data/raw/bengali/audio/bn_01226.wav,"ভারত একটি বৈচিত্র্যময় দেশ"
/home/data/raw/bengali/audio/bn_01227.wav,"দয়া করে এখানে সই করুন"
/home/data/raw/bengali/audio/bn_01228.wav,"এটা আমার বোঝার বাইরে"
/home/data/raw/bengali/audio/bn_01229.wav,"তিনি একটি নতুন রেকর্ড করেছেন"
/home/data/raw/bengali/audio/bn_01230.wav,"শুভেচ্ছা"
/home/data/raw/bengali/audio/bn_01231.wav,"হ্যালো আজ আবহাওয়া খুব ভালো"
/home/data/raw/bengali/audio/bn_01232.wav,"ভারতের রাজধানী নতুন দিল্লি"
/home/data/raw/bengali/audio/bn_01233.wav,"আপনি কি আমাকে সাহায্য করতে পারেন"
/home/data/raw/bengali/audio/bn_01234.wav,"এটি একটি পরীক্ষা"
/home/data/raw/bengali/audio/bn_01235.wav,"দয়া করে ধীরে বলুন আমি বুঝতে পারছি না"
/home/data/raw/bengali/audio/bn_01236.wav,"আপনার নাম কি"
/home/data/raw/bengali/audio/bn_01237.wav,"আমি কাল বাজারে যাব"
/home/data/raw/bengali/audio/bn_01238.wav,"আমাদের সত্য কথা বলা উচিত"
/home/data/raw/bengali/audio/bn_01239.wav,"এই ট্রেনটি কখন ছাড়বে"
/home/data/raw/bengali/audio/bn_01240.wav,"সূর্য পূর্ব দিকে ওঠে"
/home/data/raw/bengali/audio/bn_01241.wav,"আপনি কেমন আছেন"
/home/data/raw/bengali/audio/bn_01242.wav,"বিজ্ঞানীরা একটি নতুন আবিষ্কার করেছেন"
/home/data/raw/bengali/audio/bn_01243.wav,"আমি বাংলা বলতে খুব ভালোবাসি"
/home/data/raw/bengali/audio/bn_01244.wav,"শিক্ষাই সাফল্যের চাবিকাঠি"
/home/data/raw/bengali/audio/bn_01245.wav,"আজকের তাজা খবর কি"
/home/data/raw/bengali/audio/bn_01246.wav,"তিনি তার পড়াশোনা শেষ করেছেন"
/home/data/raw/bengali/audio/bn_01247.wav,"আপনার কি কোন প্রশ্ন আছে"
/home/data/raw/bengali/audio/bn_01248.wav,"এটি একটি খুব সুন্দর জায়গা"
/home/data/raw/bengali/audio/bn_01249.wav,"আমাদের সকলের পরিবেশ রক্ষা করা উচিত"
/home/data/raw/bengali/audio/bn_01250.wav,"সে খুব পরিশ্রমী ছেলে"
/home/data/raw/bengali/audio/bn_01251.wav,"আমার এক গ্লাস জল দরকার"
/home/data/raw/bengali/audio/bn_01252.wav,"ডিজিটাল ইন্ডিয়া একটি গুরুত্বপূর্ণ উদ্যোগ"
/home/data/raw/bengali/audio/bn_01253.wav,"খেলাধুলা শিশুদের জন্য ভালো"
/home/data/raw/bengali/audio/bn_01254.wav,"আমি আপনার সাথে একমত"
/home/data/raw/bengali/audio/bn_01255.wav,"সময় খুব মূল্যবান"
/home/data/raw/bengali/audio/bn_01256.wav,"ভারত একটি বৈচিত্র্যময় দেশ"
/home/data/raw/bengali/audio/bn_01257.wav,"দয়া করে এখানে সই করুন"
/home/data/raw/bengali/audio/bn_01258.wav,"এটা আমার বোঝার বাইরে"
/home/data/raw/bengali/audio/bn_01259.wav,"তিনি একটি নতুন রেকর্ড করেছেন"
/home/data/raw/bengali/audio/bn_01260.wav,"শুভেচ্ছা"
/home/data/raw/bengali/audio/bn_01261.wav,"হ্যালো আজ আবহাওয়া খুব ভালো"
/home/data/raw/bengali/audio/bn_01262.wav,"ভারতের রাজধানী নতুন দিল্লি"
/home/data/raw/bengali/audio/bn_01263.wav,"আপনি কি আমাকে সাহায্য করতে পারেন"
/home/data/raw/bengali/audio/bn_01264.wav,"এটি একটি পরীক্ষা"
/home/data/raw/bengali/audio/bn_01265.wav,"দয়া করে ধীরে বলুন আমি বুঝতে পারছি না"
/home/data/raw/bengali/audio/bn_01266.wav,"আপনার নাম কি"
/home/data/raw/bengali/audio/bn_01267.wav,"আমি কাল বাজারে যাব"
/home/data/raw/bengali/audio/bn_01268.wav,"আমাদের সত্য কথা বলা উচিত"
/home/data/raw/bengali/audio/bn_01269.wav,"এই ট্রেনটি কখন ছাড়বে"
/home/data/raw/bengali/audio/bn_01270.wav,"সূর্য পূর্ব দিকে ওঠে"
/home/data/raw/bengali/audio/bn_01271.wav,"আপনি কেমন আছেন"
/home/data/raw/bengali/audio/bn_01272.wav,"বিজ্ঞানীরা একটি নতুন আবিষ্কার করেছেন"
/home/data/raw/bengali/audio/bn_01273.wav,"আমি বাংলা বলতে খুব ভালোবাসি"
/home/data/raw/bengali/audio/bn_01274.wav,"শিক্ষাই সাফল্যের চাবিকাঠি"
/home/data/raw/bengali/audio/bn_01275.wav,"আজকের তাজা খবর কি"
/home/data/raw/bengali/audio/bn_01276.wav,"তিনি তার পড়াশোনা শেষ করেছেন"
/home/data/raw/bengali/audio/bn_01277.wav,"আপনার কি কোন প্রশ্ন আছে"
/home/data/raw/bengali/audio/bn_01278.wav,"এটি একটি খুব সুন্দর জায়গা"
/home/data/raw/bengali/audio/bn_01279.wav,"আমাদের সকলের পরিবেশ রক্ষা করা উচিত"
/home/data/raw/bengali/audio/bn_01280.wav,"সে খুব পরিশ্রমী ছেলে"
/home/data/raw/bengali/audio/bn_01281.wav,"আমার এক গ্লাস জল দরকার"
/home/data/raw/bengali/audio/bn_01282.wav,"ডিজিটাল ইন্ডিয়া একটি গুরুত্বপূর্ণ উদ্যোগ"
/home/data/raw/bengali/audio/bn_01283.wav,"খেলাধুলা শিশুদের জন্য ভালো"
/home/data/raw/bengali/audio/bn_01284.wav,"আমি আপনার সাথে একমত"
/home/data/raw/bengali/audio/bn_01285.wav,"সময় খুব মূল্যবান"
/home/data/raw/bengali/audio/bn_01286.wav,"ভারত একটি বৈচিত্র্যময় দেশ"
/home/data/raw/bengali/audio/bn_01287.wav,"দয়া করে এখানে সই করুন"
/home/data/raw/bengali/audio/bn_01288.wav,"এটা আমার বোঝার বাইরে"
/home/data/raw/bengali/audio/bn_01289.wav,"তিনি একটি নতুন রেকর্ড করেছেন"
/home/data/raw/bengali/audio/bn_01290.wav,"শুভেচ্ছা"
/home/data/raw/bengali/audio/bn_01291.wav,"হ্যালো আজ আবহাওয়া খুব ভালো"
/home/data/raw/bengali/audio/bn_01292.wav,"ভারতের রাজধানী নতুন দিল্লি"
/home/data/raw/bengali/audio/bn_01293.wav,"আপনি কি আমাকে সাহায্য করতে পারেন"
/home/data/raw/bengali/audio/bn_01294.wav,"এটি একটি পরীক্ষা"
/home/data/raw/bengali/audio/bn_01295.wav,"দয়া করে ধীরে বলুন আমি বুঝতে পারছি না"
/home/data/raw/bengali/audio/bn_01296.wav,"আপনার নাম কি"
/home/data/raw/bengali/audio/bn_01297.wav,"আমি কাল বাজারে যাব"
/home/data/raw/bengali/audio/bn_01298.wav,"আমাদের সত্য কথা বলা উচিত"
/home/data/raw/bengali/audio/bn_01299.wav,"এই ট্রেনটি কখন ছাড়বে"
/home/data/raw/bengali/audio/bn_01300.wav,"সূর্য পূর্ব দিকে ওঠে"
/home/data/raw/bengali/audio/bn_01301.wav,"আপনি কেমন আছেন"
/home/data/raw/bengali/audio/bn_01302.wav,"বিজ্ঞানীরা একটি নতুন আবিষ্কার করেছেন"
/home/data/raw/bengali/audio/bn_01303.wav,"আমি বাংলা বলতে খুব ভালোবাসি"
/home/data/raw/bengali/audio/bn_01304.wav,"শিক্ষাই সাফল্যের চাবিকাঠি"
/home/data/raw/bengali/audio/bn_01305.wav,"আজকের তাজা খবর কি"
/home/data/raw/bengali/audio/bn_01306.wav,"তিনি তার পড়াশোনা শেষ করেছেন"
/home/data/raw/bengali/audio/bn_01307.wav,"আপনার কি কোন প্রশ্ন আছে"
/home/data/raw/bengali/audio/bn_01308.wav,"এটি একটি খুব সুন্দর জায়গা"
/home/data/raw/bengali/audio/bn_01309.wav,"আমাদের সকলের পরিবেশ রক্ষা করা উচিত"
/home/data/raw/bengali/audio/bn_01310.wav,"সে খুব পরিশ্রমী ছেলে"
/home/data/raw/bengali/audio/bn_01311.wav,"আমার এক গ্লাস জল দরকার"
/home/data/raw/bengali/audio/bn_01312.wav,"ডিজিটাল ইন্ডিয়া একটি গুরুত্বপূর্ণ উদ্যোগ"
/home/data/raw/bengali/audio/bn_01313.wav,"খেলাধুলা শিশুদের জন্য ভালো"
/home/data/raw/bengali/audio/bn_01314.wav,"আমি আপনার সাথে একমত"
/home/data/raw/bengali/audio/bn_01315.wav,"সময় খুব মূল্যবান"
/home/data/raw/bengali/audio/bn_01316.wav,"ভারত একটি বৈচিত্র্যময় দেশ"
/home/data/raw/bengali/audio/bn_01317.wav,"দয়া করে এখানে সই করুন"
/home/data/raw/bengali/audio/bn_01318.wav,"এটা আমার বোঝার বাইরে"
/home/data/raw/bengali/audio/bn_01319.wav,"তিনি একটি নতুন রেকর্ড করেছেন"
/home/data/raw/bengali/audio/bn_01320.wav,"শুভেচ্ছা"
/home/data/raw/bengali/audio/bn_01321.wav,"হ্যালো আজ আবহাওয়া খুব ভালো"
/home/data/raw/bengali/audio/bn_01322.wav,"ভারতের রাজধানী নতুন দিল্লি"
/home/data/raw/bengali/audio/bn_01323.wav,"আপনি কি আমাকে সাহায্য করতে পারেন"
/home/data/raw/bengali/audio/bn_01324.wav,"এটি একটি পরীক্ষা"
/home/data/raw/bengali/audio/bn_01325.wav,"দয়া করে ধীরে বলুন আমি বুঝতে পারছি না"
/home/data/raw/bengali/audio/bn_01326.wav,"আপনার নাম কি"
/home/data/raw/bengali/audio/bn_01327.wav,"আমি কাল বাজারে যাব"
/home/data/raw/bengali/audio/bn_01328.wav,"আমাদের সত্য কথা বলা উচিত"
/home/data/raw/bengali/audio/bn_01329.wav,"এই ট্রেনটি কখন ছাড়বে"
/home/data/raw/bengali/audio/bn_01330.wav,"সূর্য পূর্ব দিকে ওঠে"
/home/data/raw/bengali/audio/bn_01331.wav,"আপনি কেমন আছেন"
/home/data/raw/bengali/audio/bn_01332.wav,"বিজ্ঞানীরা একটি নতুন আবিষ্কার করেছেন"
/home/data/raw/bengali/audio/bn_01333.wav,"আমি বাংলা বলতে খুব ভালোবাসি"
/home/data/raw/bengali/audio/bn_01334.wav,"শিক্ষাই সাফল্যের চাবিকাঠি"
/home/data/raw/bengali/audio/bn_01335.wav,"আজকের তাজা খবর কি"
/home/data/raw/bengali/audio/bn_01336.wav,"তিনি তার পড়াশোনা শেষ করেছেন"
/home/data/raw/bengali/audio/bn_01337.wav,"আপনার কি কোন প্রশ্ন আছে"
/home/data/raw/bengali/audio/bn_01338.wav,"এটি একটি খুব সুন্দর জায়গা"
/home/data/raw/bengali/audio/bn_01339.wav,"আমাদের সকলের পরিবেশ রক্ষা করা উচিত"
/home/data/raw/bengali/audio/bn_01340.wav,"সে খুব পরিশ্রমী ছেলে"
/home/data/raw/bengali/audio/bn_01341.wav,"আমার এক গ্লাস জল দরকার"
/home/data/raw/bengali/audio/bn_01342.wav,"ডিজিটাল ইন্ডিয়া একটি গুরুত্বপূর্ণ উদ্যোগ"
/home/data/raw/bengali/audio/bn_01343.wav,"খেলাধুলা শিশুদের জন্য ভালো"
/home/data/raw/bengali/audio/bn_01344.wav,"আমি আপনার সাথে একমত"
/home/data/raw/bengali/audio/bn_01345.wav,"সময় খুব মূল্যবান"
/home/data/raw/bengali/audio/bn_01346.wav,"ভারত একটি বৈচিত্র্যময় দেশ"
/home/data/raw/bengali/audio/bn_01347.wav,"দয়া করে এখানে সই করুন"
/home/data/raw/bengali/audio/bn_01348.wav,"এটা আমার বোঝার বাইরে"
/home/data/raw/bengali/audio/bn_01349.wav,"তিনি একটি নতুন রেকর্ড করেছেন"
/home/data/raw/bengali/audio/bn_01350.wav,"শুভেচ্ছা"
/home/data/raw/bengali/audio/bn_01351.wav,"হ্যালো আজ আবহাওয়া খুব ভালো"
/home/data/raw/bengali/audio/bn_01352.wav,"ভারতের রাজধানী নতুন দিল্লি"
/home/data/raw/bengali/audio/bn_01353.wav,"আপনি কি আমাকে সাহায্য করতে পারেন"
/home/data/raw/bengali/audio/bn_01354.wav,"এটি একটি পরীক্ষা"
/home/data/raw/bengali/audio/bn_01355.wav,"দয়া করে ধীরে বলুন আমি বুঝতে পারছি না"
/home/data/raw/bengali/audio/bn_01356.wav,"আপনার নাম কি"
/home/data/raw/bengali/audio/bn_01357.wav,"আমি কাল বাজারে যাব"
/home/data/raw/bengali/audio/bn_01358.wav,"আমাদের সত্য কথা বলা উচিত"
/home/data/raw/bengali/audio/bn_01359.wav,"এই ট্রেনটি কখন ছাড়বে"
/home/data/raw/bengali/audio/bn_01360.wav,"সূর্য পূর্ব দিকে ওঠে"
/home/data/raw/bengali/audio/bn_01361.wav,"আপনি কেমন আছেন"
/home/data/raw/bengali/audio/bn_01362.wav,"বিজ্ঞানীরা একটি নতুন আবিষ্কার করেছেন"
/home/data/raw/bengali/audio/bn_01363.wav,"আমি বাংলা বলতে খুব ভালোবাসি"
/home/data/raw/bengali/audio/bn_01364.wav,"শিক্ষাই সাফল্যের চাবিকাঠি"
/home/data/raw/bengali/audio/bn_01365.wav,"আজকের তাজা খবর কি"
/home/data/raw/bengali/audio/bn_01366.wav,"তিনি তার পড়াশোনা শেষ করেছেন"
/home/data/raw/bengali/audio/bn_01367.wav,"আপনার কি কোন প্রশ্ন আছে"
/home/data/raw/bengali/audio/bn_01368.wav,"এটি একটি খুব সুন্দর জায়গা"
/home/data/raw/bengali/audio/bn_01369.wav,"আমাদের সকলের পরিবেশ রক্ষা করা উচিত"
/home/data/raw/bengali/audio/bn_01370.wav,"সে খুব পরিশ্রমী ছেলে"
/home/data/raw/bengali/audio/bn_01371.wav,"আমার এক গ্লাস জল দরকার"
/home/data/raw/bengali/audio/bn_01372.wav,"ডিজিটাল ইন্ডিয়া একটি গুরুত্বপূর্ণ উদ্যোগ"
/home/data/raw/bengali/audio/bn_01373.wav,"খেলাধুলা শিশুদের জন্য ভালো"
/home/data/raw/bengali/audio/bn_01374.wav,"আমি আপনার সাথে একমত"
/home/data/raw/bengali/audio/bn_01375.wav,"সময় খুব মূল্যবান"
/home/data/raw/bengali/audio/bn_01376.wav,"ভারত একটি বৈচিত্র্যময় দেশ"
/home/data/raw/bengali/audio/bn_01377.wav,"দয়া করে এখানে সই করুন"
/home/data/raw/bengali/audio/bn_01378.wav,"এটা আমার বোঝার বাইরে"
/home/data/raw/bengali/audio/bn_01379.wav,"তিনি একটি নতুন রেকর্ড করেছেন"
/home/data/raw/bengali/audio/bn_01380.wav,"শুভেচ্ছা"
/home/data/raw/bengali/audio/bn_01381.wav,"হ্যালো আজ আবহাওয়া খুব ভালো"
/home/data/raw/bengali/audio/bn_01382.wav,"ভারতের রাজধানী নতুন দিল্লি"
/home/data/raw/bengali/audio/bn_01383.wav,"আপনি কি আমাকে সাহায্য করতে পারেন"
/home/data/raw/bengali/audio/bn_01384.wav,"এটি একটি পরীক্ষা"
/home/data/raw/bengali/audio/bn_01385.wav,"দয়া করে ধীরে বলুন আমি বুঝতে পারছি না"
/home/data/raw/bengali/audio/bn_01386.wav,"আপনার নাম কি"
/home/data/raw/bengali/audio/bn_01387.wav,"আমি কাল বাজারে যাব"
/home/data/raw/bengali/audio/bn_01388.wav,"আমাদের সত্য কথা বলা উচিত"
/home/data/raw/bengali/audio/bn_01389.wav,"এই ট্রেনটি কখন ছাড়বে"
/home/data/raw/bengali/audio/bn_01390.wav,"সূর্য পূর্ব দিকে ওঠে"
/home/data/raw/bengali/audio/bn_01391.wav,"আপনি কেমন আছেন"
/home/data/raw/bengali/audio/bn_01392.wav,"বিজ্ঞানীরা একটি নতুন আবিষ্কার করেছেন"
/home/data/raw/bengali/audio/bn_01393.wav,"আমি বাংলা বলতে খুব ভালোবাসি"
/home/data/raw/bengali/audio/bn_01394.wav,"শিক্ষাই সাফল্যের চাবিকাঠি"
/home/data/raw/bengali/audio/bn_01395.wav,"আজকের তাজা খবর কি"
/home/data/raw/bengali/audio/bn_01396.wav,"তিনি তার পড়াশোনা শেষ করেছেন"
/home/data/raw/bengali/audio/bn_01397.wav,"আপনার কি কোন প্রশ্ন আছে"
/home/data/raw/bengali/audio/bn_01398.wav,"এটি একটি খুব সুন্দর জায়গা"
/home/data/raw/bengali/audio/bn_01399.wav,"আমাদের সকলের পরিবেশ রক্ষা করা উচিত"
/home/data/raw/bengali/audio/bn_01400.wav,"সে খুব পরিশ্রমী ছেলে"
/home/data/raw/bengali/audio/bn_01401.wav,"আমার এক গ্লাস জল দরকার"
/home/data/raw/bengali/audio/bn_01402.wav,"ডিজিটাল ইন্ডিয়া একটি গুরুত্বপূর্ণ উদ্যোগ"
/home/data/raw/bengali/audio/bn_01403.wav,"খেলাধুলা শিশুদের জন্য ভালো"
/home/data/raw/bengali/audio/bn_01404.wav,"আমি আপনার সাথে একমত"
/home/data/raw/bengali/audio/bn_01405.wav,"সময় খুব মূল্যবান"
/home/data/raw/bengali/audio/bn_01406.wav,"ভারত একটি বৈচিত্র্যময় দেশ"
/home/data/raw/bengali/audio/bn_01407.wav,"দয়া করে এখানে সই করুন"
/home/data/raw/bengali/audio/bn_01408.wav,"এটা আমার বোঝার বাইরে"
/home/data/raw/bengali/audio/bn_01409.wav,"তিনি একটি নতুন রেকর্ড করেছেন"
/home/data/raw/bengali/audio/bn_01410.wav,"শুভেচ্ছা"
/home/data/raw/bengali/audio/bn_01411.wav,"হ্যালো আজ আবহাওয়া খুব ভালো"
/home/data/raw/bengali/audio/bn_01412.wav,"ভারতের রাজধানী নতুন দিল্লি"
/home/data/raw/bengali/audio/bn_01413.wav,"আপনি কি আমাকে সাহায্য করতে পারেন"
/home/data/raw/bengali/audio/bn_01414.wav,"এটি একটি পরীক্ষা"
/home/data/raw/bengali/audio/bn_01415.wav,"দয়া করে ধীরে বলুন আমি বুঝতে পারছি না"
/home/data/raw/bengali/audio/bn_01416.wav,"আপনার নাম কি"
/home/data/raw/bengali/audio/bn_01417.wav,"আমি কাল বাজারে যাব"
/home/data/raw/bengali/audio/bn_01418.wav,"আমাদের সত্য কথা বলা উচিত"
/home/data/raw/bengali/audio/bn_01419.wav,"এই ট্রেনটি কখন ছাড়বে"
/home/data/raw/bengali/audio/bn_01420.wav,"সূর্য পূর্ব দিকে ওঠে"
/home/data/raw/bengali/audio/bn_01421.wav,"আপনি কেমন আছেন"
/home/data/raw/bengali/audio/bn_01422.wav,"বিজ্ঞানীরা একটি নতুন আবিষ্কার করেছেন"
/home/data/raw/bengali/audio/bn_01423.wav,"আমি বাংলা বলতে খুব ভালোবাসি"
/home/data/raw/bengali/audio/bn_01424.wav,"শিক্ষাই সাফল্যের চাবিকাঠি"
/home/data/raw/bengali/audio/bn_01425.wav,"আজকের তাজা খবর কি"
/home/data/raw/bengali/audio/bn_01426.wav,"তিনি তার পড়াশোনা শেষ করেছেন"
/home/data/raw/bengali/audio/bn_01427.wav,"আপনার কি কোন প্রশ্ন আছে"
/home/data/raw/bengali/audio/bn_01428.wav,"এটি একটি খুব সুন্দর জায়গা"
/home/data/raw/bengali/audio/bn_01429.wav,"আমাদের সকলের পরিবেশ রক্ষা করা উচিত"
/home/data/raw/bengali/audio/bn_01430.wav,"সে খুব পরিশ্রমী ছেলে"
/home/data/raw/bengali/audio/bn_01431.wav,"আমার এক গ্লাস জল দরকার"
/home/data/raw/bengali/audio/bn_01432.wav,"ডিজিটাল ইন্ডিয়া একটি গুরুত্বপূর্ণ উদ্যোগ"
/home/data/raw/bengali/audio/bn_01433.wav,"খেলাধুলা শিশুদের জন্য ভালো"
/home/data/raw/bengali/audio/bn_01434.wav,"আমি আপনার সাথে একমত"
/home/data/raw/bengali/audio/bn_01435.wav,"সময় খুব মূল্যবান"
/home/data/raw/bengali/audio/bn_01436.wav,"ভারত একটি বৈচিত্র্যময় দেশ"
/home/data/raw/bengali/audio/bn_01437.wav,"দয়া করে এখানে সই করুন"
/home/data/raw/bengali/audio/bn_01438.wav,"এটা আমার বোঝার বাইরে"
/home/data/raw/bengali/audio/bn_01439.wav,"তিনি একটি নতুন রেকর্ড করেছেন"
/home/data/raw/bengali/audio/bn_01440.wav,"শুভেচ্ছা"
/home/data/raw/bengali/audio/bn_01441.wav,"হ্যালো আজ আবহাওয়া খুব ভালো"
/home/data/raw/bengali/audio/bn_01442.wav,"ভারতের রাজধানী নতুন দিল্লি"
/home/data/raw/bengali/audio/bn_01443.wav,"আপনি কি আমাকে সাহায্য করতে পারেন"
/home/data/raw/bengali/audio/bn_01444.wav,"এটি একটি পরীক্ষা"
/home/data/raw/bengali/audio/bn_01445.wav,"দয়া করে ধীরে বলুন আমি বুঝতে পারছি না"
/home/data/raw/bengali/audio/bn_01446.wav,"আপনার নাম কি"
/home/data/raw/bengali/audio/bn_01447.wav,"আমি কাল বাজারে যাব"
/home/data/raw/bengali/audio/bn_01448.wav,"আমাদের সত্য কথা বলা উচিত"
/home/data/raw/bengali/audio/bn_01449.wav,"এই ট্রেনটি কখন ছাড়বে"
/home/data/raw/bengali/audio/bn_01450.wav,"সূর্য পূর্ব দিকে ওঠে"
/home/data/raw/bengali/audio/bn_01451.wav,"আপনি কেমন আছেন"
/home/data/raw/bengali/audio/bn_01452.wav,"বিজ্ঞানীরা একটি নতুন আবিষ্কার করেছেন"
/home/data/raw/bengali/audio/bn_01453.wav,"আমি বাংলা বলতে খুব ভালোবাসি"
/home/data/raw/bengali/audio/bn_01454.wav,"শিক্ষাই সাফল্যের চাবিকাঠি"
/home/data/raw/bengali/audio/bn_01455.wav,"আজকের তাজা খবর কি"
/home/data/raw/bengali/audio/bn_01456.wav,"তিনি তার পড়াশোনা শেষ করেছেন"
/home/data/raw/bengali/audio/bn_01457.wav,"আপনার কি কোন প্রশ্ন আছে"
/home/data/raw/bengali/audio/bn_01458.wav,"এটি একটি খুব সুন্দর জায়গা"
/home/data/raw/bengali/audio/bn_01459.wav,"আমাদের সকলের পরিবেশ রক্ষা করা উচিত"
/home/data/raw/bengali/audio/bn_01460.wav,"সে খুব পরিশ্রমী ছেলে"
/home/data/raw/bengali/audio/bn_01461.wav,"আমার এক গ্লাস জল দরকার"
/home/data/raw/bengali/audio/bn_01462.wav,"ডিজিটাল ইন্ডিয়া একটি গুরুত্বপূর্ণ উদ্যোগ"
/home/data/raw/bengali/audio/bn_01463.wav,"খেলাধুলা শিশুদের জন্য ভালো"
/home/data/raw/bengali/audio/bn_01464.wav,"আমি আপনার সাথে একমত"
/home/data/raw/bengali/audio/bn_01465.wav,"সময় খুব মূল্যবান"
/home/data/raw/bengali/audio/bn_01466.wav,"ভারত একটি বৈচিত্র্যময় দেশ"
/home/data/raw/bengali/audio/bn_01467.wav,"দয়া করে এখানে সই করুন"
/home/data/raw/bengali/audio/bn_01468.wav,"এটা আমার বোঝার বাইরে"
/home/data/raw/bengali/audio/bn_01469.wav,"তিনি একটি নতুন রেকর্ড করেছেন"
/home/data/raw/bengali/audio/bn_01470.wav,"শুভেচ্ছা"
/home/data/raw/bengali/audio/bn_01471.wav,"হ্যালো আজ আবহাওয়া খুব ভালো"
/home/data/raw/bengali/audio/bn_01472.wav,"ভারতের রাজধানী নতুন দিল্লি"
/home/data/raw/bengali/audio/bn_01473.wav,"আপনি কি আমাকে সাহায্য করতে পারেন"
/home/data/raw/bengali/audio/bn_01474.wav,"এটি একটি পরীক্ষা"
/home/data/raw/bengali/audio/bn_01475.wav,"দয়া করে ধীরে বলুন আমি বুঝতে পারছি না"
/home/data/raw/bengali/audio/bn_01476.wav,"আপনার নাম কি"
/home/data/raw/bengali/audio/bn_01477.wav,"আমি কাল বাজারে যাব"
/home/data/raw/bengali/audio/bn_01478.wav,"আমাদের সত্য কথা বলা উচিত"
/home/data/raw/bengali/audio/bn_01479.wav,"এই ট্রেনটি কখন ছাড়বে"
/home/data/raw/bengali/audio/bn_01480.wav,"সূর্য পূর্ব দিকে ওঠে"
/home/data/raw/bengali/audio/bn_01481.wav,"আপনি কেমন আছেন"
/home/data/raw/bengali/audio/bn_01482.wav,"বিজ্ঞানীরা একটি নতুন আবিষ্কার করেছেন"
/home/data/raw/bengali/audio/bn_01483.wav,"আমি বাংলা বলতে খুব ভালোবাসি"
/home/data/raw/bengali/audio/bn_01484.wav,"শিক্ষাই সাফল্যের চাবিকাঠি"
/home/data/raw/bengali/audio/bn_01485.wav,"আজকের তাজা খবর কি"
/home/data/raw/bengali/audio/bn_01486.wav,"তিনি তার পড়াশোনা শেষ করেছেন"
/home/data/raw/bengali/audio/bn_01487.wav,"আপনার কি কোন প্রশ্ন আছে"
/home/data/raw/bengali/audio/bn_01488.wav,"এটি একটি খুব সুন্দর জায়গা"
/home/data/raw/bengali/audio/bn_01489.wav,"আমাদের সকলের পরিবেশ রক্ষা করা উচিত"
/home/data/raw/bengali/audio/bn_01490.wav,"সে খুব পরিশ্রমী ছেলে"
/home/data/raw/bengali/audio/bn_01491.wav,"আমার এক গ্লাস জল দরকার"
/home/data/raw/bengali/audio/bn_01492.wav,"ডিজিটাল ইন্ডিয়া একটি গুরুত্বপূর্ণ উদ্যোগ"
/home/data/raw/bengali/audio/bn_01493.wav,"খেলাধুলা শিশুদের জন্য ভালো"
/home/data/raw/bengali/audio/bn_01494.wav,"আমি আপনার সাথে একমত"
/home/data/raw/bengali/audio/bn_01495.wav,"সময় খুব মূল্যবান"
/home/data/raw/bengali/audio/bn_01496.wav,"ভারত একটি বৈচিত্র্যময় দেশ"
/home/data/raw/bengali/audio/bn_01497.wav,"দয়া করে এখানে সই করুন"
/home/data/raw/bengali/audio/bn_01498.wav,"এটা আমার বোঝার বাইরে"
/home/data/raw/bengali/audio/bn_01499.wav,"তিনি একটি নতুন রেকর্ড করেছেন"
/home/data/raw/bengali/audio/bn_01500.wav,"শুভেচ্ছা"
/home/data/raw/bengali/audio/bn_01501.wav,"হ্যালো আজ আবহাওয়া খুব ভালো"
/home/data/raw/bengali/audio/bn_01502.wav,"ভারতের রাজধানী নতুন দিল্লি"
/home/data/raw/bengali/audio/bn_01503.wav,"আপনি কি আমাকে সাহায্য করতে পারেন"
/home/data/raw/bengali/audio/bn_01504.wav,"এটি একটি পরীক্ষা"
/home/data/raw/bengali/audio/bn_01505.wav,"দয়া করে ধীরে বলুন আমি বুঝতে পারছি না"
/home/data/raw/bengali/audio/bn_01506.wav,"আপনার নাম কি"
/home/data/raw/bengali/audio/bn_01507.wav,"আমি কাল বাজারে যাব"
/home/data/raw/bengali/audio/bn_01508.wav,"আমাদের সত্য কথা বলা উচিত"
/home/data/raw/bengali/audio/bn_01509.wav,"এই ট্রেনটি কখন ছাড়বে"
/home/data/raw/bengali/audio/bn_01510.wav,"সূর্য পূর্ব দিকে ওঠে"
/home/data/raw/bengali/audio/bn_01511.wav,"আপনি কেমন আছেন"
/home/data/raw/bengali/audio/bn_01512.wav,"বিজ্ঞানীরা একটি নতুন আবিষ্কার করেছেন"
/home/data/raw/bengali/audio/bn_01513.wav,"আমি বাংলা বলতে খুব ভালোবাসি"
/home/data/raw/bengali/audio/bn_01514.wav,"শিক্ষাই সাফল্যের চাবিকাঠি"
/home/data/raw/bengali/audio/bn_01515.wav,"আজকের তাজা খবর কি"
/home/data/raw/bengali/audio/bn_01516.wav,"তিনি তার পড়াশোনা শেষ করেছেন"
/home/data/raw/bengali/audio/bn_01517.wav,"আপনার কি কোন প্রশ্ন আছে"
/home/data/raw/bengali/audio/bn_01518.wav,"এটি একটি খুব সুন্দর জায়গা"
/home/data/raw/bengali/audio/bn_01519.wav,"আমাদের সকলের পরিবেশ রক্ষা করা উচিত"
/home/data/raw/bengali/audio/bn_01520.wav,"সে খুব পরিশ্রমী ছেলে"
/home/data/raw/bengali/audio/bn_01521.wav,"আমার এক গ্লাস জল দরকার"
/home/data/raw/bengali/audio/bn_01522.wav,"ডিজিটাল ইন্ডিয়া একটি গুরুত্বপূর্ণ উদ্যোগ"
/home/data/raw/bengali/audio/bn_01523.wav,"খেলাধুলা শিশুদের জন্য ভালো"
/home/data/raw/bengali/audio/bn_01524.wav,"আমি আপনার সাথে একমত"
/home/data/raw/bengali/audio/bn_01525.wav,"সময় খুব মূল্যবান"
/home/data/raw/bengali/audio/bn_01526.wav,"ভারত একটি বৈচিত্র্যময় দেশ"
/home/data/raw/bengali/audio/bn_01527.wav,"দয়া করে এখানে সই করুন"
/home/data/raw/bengali/audio/bn_01528.wav,"এটা আমার বোঝার বাইরে"
/home/data/raw/bengali/audio/bn_01529.wav,"তিনি একটি নতুন রেকর্ড করেছেন"
/home/data/raw/bengali/audio/bn_01530.wav,"শুভেচ্ছা"
/home/data/raw/bengali/audio/bn_01531.wav,"হ্যালো আজ আবহাওয়া খুব ভালো"
/home/data/raw/bengali/audio/bn_01532.wav,"ভারতের রাজধানী নতুন দিল্লি"
/home/data/raw/bengali/audio/bn_01533.wav,"আপনি কি আমাকে সাহায্য করতে পারেন"
/home/data/raw/bengali/audio/bn_01534.wav,"এটি একটি পরীক্ষা"
/home/data/raw/bengali/audio/bn_01535.wav,"দয়া করে ধীরে বলুন আমি বুঝতে পারছি না"
/home/data/raw/bengali/audio/bn_01536.wav,"আপনার নাম কি"
/home/data/raw/bengali/audio/bn_01537.wav,"আমি কাল বাজারে যাব"
/home/data/raw/bengali/audio/bn_01538.wav,"আমাদের সত্য কথা বলা উচিত"
/home/data/raw/bengali/audio/bn_01539.wav,"এই ট্রেনটি কখন ছাড়বে"
/home/data/raw/bengali/audio/bn_01540.wav,"সূর্য পূর্ব দিকে ওঠে"
/home/data/raw/bengali/audio/bn_01541.wav,"আপনি কেমন আছেন"
/home/data/raw/bengali/audio/bn_01542.wav,"বিজ্ঞানীরা একটি নতুন আবিষ্কার করেছেন"
/home/data/raw/bengali/audio/bn_01543.wav,"আমি বাংলা বলতে খুব ভালোবাসি"
/home/data/raw/bengali/audio/bn_01544.wav,"শিক্ষাই সাফল্যের চাবিকাঠি"
/home/data/raw/bengali/audio/bn_01545.wav,"আজকের তাজা খবর কি"
/home/data/raw/bengali/audio/bn_01546.wav,"তিনি তার পড়াশোনা শেষ করেছেন"
/home/data/raw/bengali/audio/bn_01547.wav,"আপনার কি কোন প্রশ্ন আছে"
/home/data/raw/bengali/audio/bn_01548.wav,"এটি একটি খুব সুন্দর জায়গা"
/home/data/raw/bengali/audio/bn_01549.wav,"আমাদের সকলের পরিবেশ রক্ষা করা উচিত"
/home/data/raw/bengali/audio/bn_01550.wav,"সে খুব পরিশ্রমী ছেলে"
/home/data/raw/bengali/audio/bn_01551.wav,"আমার এক গ্লাস জল দরকার"
/home/data/raw/bengali/audio/bn_01552.wav,"ডিজিটাল ইন্ডিয়া একটি গুরুত্বপূর্ণ উদ্যোগ"
/home/data/raw/bengali/audio/bn_01553.wav,"খেলাধুলা শিশুদের জন্য ভালো"
/home/data/raw/bengali/audio/bn_01554.wav,"আমি আপনার সাথে একমত"
/home/data/raw/bengali/audio/bn_01555.wav,"সময় খুব মূল্যবান"
/home/data/raw/bengali/audio/bn_01556.wav,"ভারত একটি বৈচিত্র্যময় দেশ"
/home/data/raw/bengali/audio/bn_01557.wav,"দয়া করে এখানে সই করুন"
/home/data/raw/bengali/audio/bn_01558.wav,"এটা আমার বোঝার বাইরে"
/home/data/raw/bengali/audio/bn_01559.wav,"তিনি একটি নতুন রেকর্ড করেছেন"
/home/data/raw/bengali/audio/bn_01560.wav,"শুভেচ্ছা"
/home/data/raw/bengali/audio/bn_01561.wav,"হ্যালো আজ আবহাওয়া খুব ভালো"
/home/data/raw/bengali/audio/bn_01562.wav,"ভারতের রাজধানী নতুন দিল্লি"
/home/data/raw/bengali/audio/bn_01563.wav,"আপনি কি আমাকে সাহায্য করতে পারেন"
/home/data/raw/bengali/audio/bn_01564.wav,"এটি একটি পরীক্ষা"
/home/data/raw/bengali/audio/bn_01565.wav,"দয়া করে ধীরে বলুন আমি বুঝতে পারছি না"
/home/data/raw/bengali/audio/bn_01566.wav,"আপনার নাম কি"
/home/data/raw/bengali/audio/bn_01567.wav,"আমি কাল বাজারে যাব"
/home/data/raw/bengali/audio/bn_01568.wav,"আমাদের সত্য কথা বলা উচিত"
/home/data/raw/bengali/audio/bn_01569.wav,"এই ট্রেনটি কখন ছাড়বে"
/home/data/raw/bengali/audio/bn_01570.wav,"সূর্য পূর্ব দিকে ওঠে"
/home/data/raw/bengali/audio/bn_01571.wav,"আপনি কেমন আছেন"
/home/data/raw/bengali/audio/bn_01572.wav,"বিজ্ঞানীরা একটি নতুন আবিষ্কার করেছেন"
/home/data/raw/bengali/audio/bn_01573.wav,"আমি বাংলা বলতে খুব ভালোবাসি"
/home/data/raw/bengali/audio/bn_01574.wav,"শিক্ষাই সাফল্যের চাবিকাঠি"
/home/data/raw/bengali/audio/bn_01575.wav,"আজকের তাজা খবর কি"
/home/data/raw/bengali/audio/bn_01576.wav,"তিনি তার পড়াশোনা শেষ করেছেন"
/home/data/raw/bengali/audio/bn_01577.wav,"আপনার কি কোন প্রশ্ন আছে"
/home/data/raw/bengali/audio/bn_01578.wav,"এটি একটি খুব সুন্দর জায়গা"
/home/data/raw/bengali/audio/bn_01579.wav,"আমাদের সকলের পরিবেশ রক্ষা করা উচিত"
/home/data/raw/bengali/audio/bn_01580.wav,"সে খুব পরিশ্রমী ছেলে"
/home/data/raw/bengali/audio/bn_01581.wav,"আমার এক গ্লাস জল দরকার"
/home/data/raw/bengali/audio/bn_01582.wav,"ডিজিটাল ইন্ডিয়া একটি গুরুত্বপূর্ণ উদ্যোগ"
/home/data/raw/bengali/audio/bn_01583.wav,"খেলাধুলা শিশুদের জন্য ভালো"
/home/data/raw/bengali/audio/bn_01584.wav,"আমি আপনার সাথে একমত"
/home/data/raw/bengali/audio/bn_01585.wav,"সময় খুব মূল্যবান"
/home/data/raw/bengali/audio/bn_01586.wav,"ভারত একটি বৈচিত্র্যময় দেশ"
/home/data/raw/bengali/audio/bn_01587.wav,"দয়া করে এখানে সই করুন"
/home/data/raw/bengali/audio/bn_01588.wav,"এটা আমার বোঝার বাইরে"
/home/data/raw/bengali/audio/bn_01589.wav,"তিনি একটি নতুন রেকর্ড করেছেন"
/home/data/raw/bengali/audio/bn_01590.wav,"শুভেচ্ছা"
/home/data/raw/bengali/audio/bn_01591.wav,"হ্যালো আজ আবহাওয়া খুব ভালো"
/home/data/raw/bengali/audio/bn_01592.wav,"ভারতের রাজধানী নতুন দিল্লি"
/home/data/raw/bengali/audio/bn_01593.wav,"আপনি কি আমাকে সাহায্য করতে পারেন"
/home/data/raw/bengali/audio/bn_01594.wav,"এটি একটি পরীক্ষা"
/home/data/raw/bengali/audio/bn_01595.wav,"দয়া করে ধীরে বলুন আমি বুঝতে পারছি না"
/home/data/raw/bengali/audio/bn_01596.wav,"আপনার নাম কি"
/home/data/raw/bengali/audio/bn_01597.wav,"আমি কাল বাজারে যাব"
/home/data/raw/bengali/audio/bn_01598.wav,"আমাদের সত্য কথা বলা উচিত"
/home/data/raw/bengali/audio/bn_01599.wav,"এই ট্রেনটি কখন ছাড়বে"
/home/data/raw/bengali/audio/bn_01600.wav,"সূর্য পূর্ব দিকে ওঠে"
/home/data/raw/bengali/audio/bn_01601.wav,"আপনি কেমন আছেন"
/home/data/raw/bengali/audio/bn_01602.wav,"বিজ্ঞানীরা একটি নতুন আবিষ্কার করেছেন"
/home/data/raw/bengali/audio/bn_01603.wav,"আমি বাংলা বলতে খুব ভালোবাসি"
/home/data/raw/bengali/audio/bn_01604.wav,"শিক্ষাই সাফল্যের চাবিকাঠি"
/home/data/raw/bengali/audio/bn_01605.wav,"আজকের তাজা খবর কি"
/home/data/raw/bengali/audio/bn_01606.wav,"তিনি তার পড়াশোনা শেষ করেছেন"
/home/data/raw/bengali/audio/bn_01607.wav,"আপনার কি কোন প্রশ্ন আছে"
/home/data/raw/bengali/audio/bn_01608.wav,"এটি একটি খুব সুন্দর জায়গা"
/home/data/raw/bengali/audio/bn_01609.wav,"আমাদের সকলের পরিবেশ রক্ষা করা উচিত"
/home/data/raw/bengali/audio/bn_01610.wav,"সে খুব পরিশ্রমী ছেলে"
/home/data/raw/bengali/audio/bn_01611.wav,"আমার এক গ্লাস জল দরকার"
/home/data/raw/bengali/audio/bn_01612.wav,"ডিজিটাল ইন্ডিয়া একটি গুরুত্বপূর্ণ উদ্যোগ"
/home/data/raw/bengali/audio/bn_01613.wav,"খেলাধুলা শিশুদের জন্য ভালো"
/home/data/raw/bengali/audio/bn_01614.wav,"আমি আপনার সাথে একমত"
/home/data/raw/bengali/audio/bn_01615.wav,"সময় খুব মূল্যবান"
/home/data/raw/bengali/audio/bn_01616.wav,"ভারত একটি বৈচিত্র্যময় দেশ"
/home/data/raw/bengali/audio/bn_01617.wav,"দয়া করে এখানে সই করুন"
/home/data/raw/bengali/audio/bn_01618.wav,"এটা আমার বোঝার বাইরে"
/home/data/raw/bengali/audio/bn_01619.wav,"তিনি একটি নতুন রেকর্ড করেছেন"
/home/data/raw/bengali/audio/bn_01620.wav,"শুভেচ্ছা"
/home/data/raw/bengali/audio/bn_01621.wav,"হ্যালো আজ আবহাওয়া খুব ভালো"
/home/data/raw/bengali/audio/bn_01622.wav,"ভারতের রাজধানী নতুন দিল্লি"
/home/data/raw/bengali/audio/bn_01623.wav,"আপনি কি আমাকে সাহায্য করতে পারেন"
/home/data/raw/bengali/audio/bn_01624.wav,"এটি একটি পরীক্ষা"
/home/data/raw/bengali/audio/bn_01625.wav,"দয়া করে ধীরে বলুন আমি বুঝতে পারছি না"
/home/data/raw/bengali/audio/bn_01626.wav,"আপনার নাম কি"
/home/data/raw/bengali/audio/bn_01627.wav,"আমি কাল বাজারে যাব"
/home/data/raw/bengali/audio/bn_01628.wav,"আমাদের সত্য কথা বলা উচিত"
/home/data/raw/bengali/audio/bn_01629.wav,"এই ট্রেনটি কখন ছাড়বে"
/home/data/raw/bengali/audio/bn_01630.wav,"সূর্য পূর্ব দিকে ওঠে"
/home/data/raw/bengali/audio/bn_01631.wav,"আপনি কেমন আছেন"
/home/data/raw/bengali/audio/bn_01632.wav,"বিজ্ঞানীরা একটি নতুন আবিষ্কার করেছেন"
/home/data/raw/bengali/audio/bn_01633.wav,"আমি বাংলা বলতে খুব ভালোবাসি"
/home/data/raw/bengali/audio/bn_01634.wav,"শিক্ষাই সাফল্যের চাবিকাঠি"
/home/data/raw/bengali/audio/bn_01635.wav,"আজকের তাজা খবর কি"
/home/data/raw/bengali/audio/bn_01636.wav,"তিনি তার পড়াশোনা শেষ করেছেন"
/home/data/raw/bengali/audio/bn_01637.wav,"আপনার কি কোন প্রশ্ন আছে"
/home/data/raw/bengali/audio/bn_01638.wav,"এটি একটি খুব সুন্দর জায়গা"
/home/data/raw/bengali/audio/bn_01639.wav,"আমাদের সকলের পরিবেশ রক্ষা করা উচিত"
/home/data/raw/bengali/audio/bn_01640.wav,"সে খুব পরিশ্রমী ছেলে"
/home/data/raw/bengali/audio/bn_01641.wav,"আমার এক গ্লাস জল দরকার"
/home/data/raw/bengali/audio/bn_01642.wav,"ডিজিটাল ইন্ডিয়া একটি গুরুত্বপূর্ণ উদ্যোগ"
/home/data/raw/bengali/audio/bn_01643.wav,"খেলাধুলা শিশুদের জন্য ভালো"
/home/data/raw/bengali/audio/bn_01644.wav,"আমি আপনার সাথে একমত"
/home/data/raw/bengali/audio/bn_01645.wav,"সময় খুব মূল্যবান"
/home/data/raw/bengali/audio/bn_01646.wav,"ভারত একটি বৈচিত্র্যময় দেশ"
/home/data/raw/bengali/audio/bn_01647.wav,"দয়া করে এখানে সই করুন"
/home/data/raw/bengali/audio/bn_01648.wav,"এটা আমার বোঝার বাইরে"
/home/data/raw/bengali/audio/bn_01649.wav,"তিনি একটি নতুন রেকর্ড করেছেন"
/home/data/raw/bengali/audio/bn_01650.wav,"শুভেচ্ছা"
/home/data/raw/bengali/audio/bn_01651.wav,"হ্যালো আজ আবহাওয়া খুব ভালো"
/home/data/raw/bengali/audio/bn_01652.wav,"ভারতের রাজধানী নতুন দিল্লি"
/home/data/raw/bengali/audio/bn_01653.wav,"আপনি কি আমাকে সাহায্য করতে পারেন"
/home/data/raw/bengali/audio/bn_01654.wav,"এটি একটি পরীক্ষা"
/home/data/raw/bengali/audio/bn_01655.wav,"দয়া করে ধীরে বলুন আমি বুঝতে পারছি না"
/home/data/raw/bengali/audio/bn_01656.wav,"আপনার নাম কি"
/home/data/raw/bengali/audio/bn_01657.wav,"আমি কাল বাজারে যাব"
/home/data/raw/bengali/audio/bn_01658.wav,"আমাদের সত্য কথা বলা উচিত"
/home/data/raw/bengali/audio/bn_01659.wav,"এই ট্রেনটি কখন ছাড়বে"
/home/data/raw/bengali/audio/bn_01660.wav,"সূর্য পূর্ব দিকে ওঠে"
/home/data/raw/bengali/audio/bn_01661.wav,"আপনি কেমন আছেন"
/home/data/raw/bengali/audio/bn_01662.wav,"বিজ্ঞানীরা একটি নতুন আবিষ্কার করেছেন"
/home/data/raw/bengali/audio/bn_01663.wav,"আমি বাংলা বলতে খুব ভালোবাসি"
/home/data/raw/bengali/audio/bn_01664.wav,"শিক্ষাই সাফল্যের চাবিকাঠি"
/home/data/raw/bengali/audio/bn_01665.wav,"আজকের তাজা খবর কি"
/home/data/raw/bengali/audio/bn_01666.wav,"তিনি তার পড়াশোনা শেষ করেছেন"
/home/data/raw/bengali/audio/bn_01667.wav,"আপনার কি কোন প্রশ্ন আছে"
/home/data/raw/bengali/audio/bn_01668.wav,"এটি একটি খুব সুন্দর জায়গা"
/home/data/raw/bengali/audio/bn_01669.wav,"আমাদের সকলের পরিবেশ রক্ষা করা উচিত"
/home/data/raw/bengali/audio/bn_01670.wav,"সে খুব পরিশ্রমী ছেলে"
/home/data/raw/bengali/audio/bn_01671.wav,"আমার এক গ্লাস জল দরকার"
/home/data/raw/bengali/audio/bn_01672.wav,"ডিজিটাল ইন্ডিয়া একটি গুরুত্বপূর্ণ উদ্যোগ"
/home/data/raw/bengali/audio/bn_01673.wav,"খেলাধুলা শিশুদের জন্য ভালো"
/home/data/raw/bengali/audio/bn_01674.wav,"আমি আপনার সাথে একমত"
/home/data/raw/bengali/audio/bn_01675.wav,"সময় খুব মূল্যবান"
/home/data/raw/bengali/audio/bn_01676.wav,"ভারত একটি বৈচিত্র্যময় দেশ"
/home/data/raw/bengali/audio/bn_01677.wav,"দয়া করে এখানে সই করুন"
/home/data/raw/bengali/audio/bn_01678.wav,"এটা আমার বোঝার বাইরে"
/home/data/raw/bengali/audio/bn_01679.wav,"তিনি একটি নতুন রেকর্ড করেছেন"
/home/data/raw/bengali/audio/bn_01680.wav,"শুভেচ্ছা"
/home/data/raw/bengali/audio/bn_01681.wav,"হ্যালো আজ আবহাওয়া খুব ভালো"
/home/data/raw/bengali/audio/bn_01682.wav,"ভারতের রাজধানী নতুন দিল্লি"
/home/data/raw/bengali/audio/bn_01683.wav,"আপনি কি আমাকে সাহায্য করতে পারেন"
/home/data/raw/bengali/audio/bn_01684.wav,"এটি একটি পরীক্ষা"
/home/data/raw/bengali/audio/bn_01685.wav,"দয়া করে ধীরে বলুন আমি বুঝতে পারছি না"
/home/data/raw/bengali/audio/bn_01686.wav,"আপনার নাম কি"
/home/data/raw/bengali/audio/bn_01687.wav,"আমি কাল বাজারে যাব"
/home/data/raw/bengali/audio/bn_01688.wav,"আমাদের সত্য কথা বলা উচিত"
/home/data/raw/bengali/audio/bn_01689.wav,"এই ট্রেনটি কখন ছাড়বে"
/home/data/raw/bengali/audio/bn_01690.wav,"সূর্য পূর্ব দিকে ওঠে"
/home/data/raw/bengali/audio/bn_01691.wav,"আপনি কেমন আছেন"
/home/data/raw/bengali/audio/bn_01692.wav,"বিজ্ঞানীরা একটি নতুন আবিষ্কার করেছেন"
/home/data/raw/bengali/audio/bn_01693.wav,"আমি বাংলা বলতে খুব ভালোবাসি"
/home/data/raw/bengali/audio/bn_01694.wav,"শিক্ষাই সাফল্যের চাবিকাঠি"
/home/data/raw/bengali/audio/bn_01695.wav,"আজকের তাজা খবর কি"
/home/data/raw/bengali/audio/bn_01696.wav,"তিনি তার পড়াশোনা শেষ করেছেন"
/home/data/raw/bengali/audio/bn_01697.wav,"আপনার কি কোন প্রশ্ন আছে"
/home/data/raw/bengali/audio/bn_01698.wav,"এটি একটি খুব সুন্দর জায়গা"
/home/data/raw/bengali/audio/bn_01699.wav,"আমাদের সকলের পরিবেশ রক্ষা করা উচিত"
/home/data/raw/bengali/audio/bn_01700.wav,"সে খুব পরিশ্রমী ছেলে"
/home/data/raw/bengali/audio/bn_01701.wav,"আমার এক গ্লাস জল দরকার"
/home/data/raw/bengali/audio/bn_01702.wav,"ডিজিটাল ইন্ডিয়া একটি গুরুত্বপূর্ণ উদ্যোগ"
/home/data/raw/bengali/audio/bn_01703.wav,"খেলাধুলা শিশুদের জন্য ভালো"
/home/data/raw/bengali/audio/bn_01704.wav,"আমি আপনার সাথে একমত"
/home/data/raw/bengali/audio/bn_01705.wav,"সময় খুব মূল্যবান"
/home/data/raw/bengali/audio/bn_01706.wav,"ভারত একটি বৈচিত্র্যময় দেশ"
/home/data/raw/bengali/audio/bn_01707.wav,"দয়া করে এখানে সই করুন"
/home/data/raw/bengali/audio/bn_01708.wav,"এটা আমার বোঝার বাইরে"
/home/data/raw/bengali/audio/bn_01709.wav,"তিনি একটি নতুন রেকর্ড করেছেন"
/home/data/raw/bengali/audio/bn_01710.wav,"শুভেচ্ছা"
/home/data/raw/bengali/audio/bn_01711.wav,"হ্যালো আজ আবহাওয়া খুব ভালো"
/home/data/raw/bengali/audio/bn_01712.wav,"ভারতের রাজধানী নতুন দিল্লি"
/home/data/raw/bengali/audio/bn_01713.wav,"আপনি কি আমাকে সাহায্য করতে পারেন"
/home/data/raw/bengali/audio/bn_01714.wav,"এটি একটি পরীক্ষা"
/home/data/raw/bengali/audio/bn_01715.wav,"দয়া করে ধীরে বলুন আমি বুঝতে পারছি না"
/home/data/raw/bengali/audio/bn_01716.wav,"আপনার নাম কি"
/home/data/raw/bengali/audio/bn_01717.wav,"আমি কাল বাজারে যাব"
/home/data/raw/bengali/audio/bn_01718.wav,"আমাদের সত্য কথা বলা উচিত"
/home/data/raw/bengali/audio/bn_01719.wav,"এই ট্রেনটি কখন ছাড়বে"
/home/data/raw/bengali/audio/bn_01720.wav,"সূর্য পূর্ব দিকে ওঠে"
/home/data/raw/bengali/audio/bn_01721.wav,"আপনি কেমন আছেন"
/home/data/raw/bengali/audio/bn_01722.wav,"বিজ্ঞানীরা একটি নতুন আবিষ্কার করেছেন"
/home/data/raw/bengali/audio/bn_01723.wav,"আমি বাংলা বলতে খুব ভালোবাসি"
/home/data/raw/bengali/audio/bn_01724.wav,"শিক্ষাই সাফল্যের চাবিকাঠি"
/home/data/raw/bengali/audio/bn_01725.wav,"আজকের তাজা খবর কি"
/home/data/raw/bengali/audio/bn_01726.wav,"তিনি তার পড়াশোনা শেষ করেছেন"
/home/data/raw/bengali/audio/bn_01727.wav,"আপনার কি কোন প্রশ্ন আছে"
/home/data/raw/bengali/audio/bn_01728.wav,"এটি একটি খুব সুন্দর জায়গা"
/home/data/raw/bengali/audio/bn_01729.wav,"আমাদের সকলের পরিবেশ রক্ষা করা উচিত"
/home/data/raw/bengali/audio/bn_01730.wav,"সে খুব পরিশ্রমী ছেলে"
/home/data/raw/bengali/audio/bn_01731.wav,"আমার এক গ্লাস জল দরকার"
/home/data/raw/bengali/audio/bn_01732.wav,"ডিজিটাল ইন্ডিয়া একটি গুরুত্বপূর্ণ উদ্যোগ"
/home/data/raw/bengali/audio/bn_01733.wav,"খেলাধুলা শিশুদের জন্য ভালো"
/home/data/raw/bengali/audio/bn_01734.wav,"আমি আপনার সাথে একমত"
/home/data/raw/bengali/audio/bn_01735.wav,"সময় খুব মূল্যবান"
/home/data/raw/bengali/audio/bn_01736.wav,"ভারত একটি বৈচিত্র্যময় দেশ"
/home/data/raw/bengali/audio/bn_01737.wav,"দয়া করে এখানে সই করুন"
/home/data/raw/bengali/audio/bn_01738.wav,"এটা আমার বোঝার বাইরে"
/home/data/raw/bengali/audio/bn_01739.wav,"তিনি একটি নতুন রেকর্ড করেছেন"
/home/data/raw/bengali/audio/bn_01740.wav,"শুভেচ্ছা"
/home/data/raw/bengali/audio/bn_01741.wav,"হ্যালো আজ আবহাওয়া খুব ভালো"
/home/data/raw/bengali/audio/bn_01742.wav,"ভারতের রাজধানী নতুন দিল্লি"
/home/data/raw/bengali/audio/bn_01743.wav,"আপনি কি আমাকে সাহায্য করতে পারেন"
/home/data/raw/bengali/audio/bn_01744.wav,"এটি একটি পরীক্ষা"
/home/data/raw/bengali/audio/bn_01745.wav,"দয়া করে ধীরে বলুন আমি বুঝতে পারছি না"
/home/data/raw/bengali/audio/bn_01746.wav,"আপনার নাম কি"
/home/data/raw/bengali/audio/bn_01747.wav,"আমি কাল বাজারে যাব"
/home/data/raw/bengali/audio/bn_01748.wav,"আমাদের সত্য কথা বলা উচিত"
/home/data/raw/bengali/audio/bn_01749.wav,"এই ট্রেনটি কখন ছাড়বে"
/home/data/raw/bengali/audio/bn_01750.wav,"সূর্য পূর্ব দিকে ওঠে"
/home/data/raw/bengali/audio/bn_01751.wav,"আপনি কেমন আছেন"
/home/data/raw/bengali/audio/bn_01752.wav,"বিজ্ঞানীরা একটি নতুন আবিষ্কার করেছেন"
/home/data/raw/bengali/audio/bn_01753.wav,"আমি বাংলা বলতে খুব ভালোবাসি"
/home/data/raw/bengali/audio/bn_01754.wav,"শিক্ষাই সাফল্যের চাবিকাঠি"
/home/data/raw/bengali/audio/bn_01755.wav,"আজকের তাজা খবর কি"
/home/data/raw/bengali/audio/bn_01756.wav,"তিনি তার পড়াশোনা শেষ করেছেন"
/home/data/raw/bengali/audio/bn_01757.wav,"আপনার কি কোন প্রশ্ন আছে"
/home/data/raw/bengali/audio/bn_01758.wav,"এটি একটি খুব সুন্দর জায়গা"
/home/data/raw/bengali/audio/bn_01759.wav,"আমাদের সকলের পরিবেশ রক্ষা করা উচিত"
/home/data/raw/bengali/audio/bn_01760.wav,"সে খুব পরিশ্রমী ছেলে"
/home/data/raw/bengali/audio/bn_01761.wav,"আমার এক গ্লাস জল দরকার"
/home/data/raw/bengali/audio/bn_01762.wav,"ডিজিটাল ইন্ডিয়া একটি গুরুত্বপূর্ণ উদ্যোগ"
/home/data/raw/bengali/audio/bn_01763.wav,"খেলাধুলা শিশুদের জন্য ভালো"
/home/data/raw/bengali/audio/bn_01764.wav,"আমি আপনার সাথে একমত"
/home/data/raw/bengali/audio/bn_01765.wav,"সময় খুব মূল্যবান"
/home/data/raw/bengali/audio/bn_01766.wav,"ভারত একটি বৈচিত্র্যময় দেশ"
/home/data/raw/bengali/audio/bn_01767.wav,"দয়া করে এখানে সই করুন"
/home/data/raw/bengali/audio/bn_01768.wav,"এটা আমার বোঝার বাইরে"
/home/data/raw/bengali/audio/bn_01769.wav,"তিনি একটি নতুন রেকর্ড করেছেন"
/home/data/raw/bengali/audio/bn_01770.wav,"শুভেচ্ছা"
/home/data/raw/bengali/audio/bn_01771.wav,"হ্যালো আজ আবহাওয়া খুব ভালো"
/home/data/raw/bengali/audio/bn_01772.wav,"ভারতের রাজধানী নতুন দিল্লি"
/home/data/raw/bengali/audio/bn_01773.wav,"আপনি কি আমাকে সাহায্য করতে পারেন"
/home/data/raw/bengali/audio/bn_01774.wav,"এটি একটি পরীক্ষা"
/home/data/raw/bengali/audio/bn_01775.wav,"দয়া করে ধীরে বলুন আমি বুঝতে পারছি না"
/home/data/raw/bengali/audio/bn_01776.wav,"আপনার নাম কি"
/home/data/raw/bengali/audio/bn_01777.wav,"আমি কাল বাজারে যাব"
/home/data/raw/bengali/audio/bn_01778.wav,"আমাদের সত্য কথা বলা উচিত"
/home/data/raw/bengali/audio/bn_01779.wav,"এই ট্রেনটি কখন ছাড়বে"
/home/data/raw/bengali/audio/bn_01780.wav,"সূর্য পূর্ব দিকে ওঠে"
/home/data/raw/bengali/audio/bn_01781.wav,"আপনি কেমন আছেন"
/home/data/raw/bengali/audio/bn_01782.wav,"বিজ্ঞানীরা একটি নতুন আবিষ্কার করেছেন"
/home/data/raw/bengali/audio/bn_01783.wav,"আমি বাংলা বলতে খুব ভালোবাসি"
/home/data/raw/bengali/audio/bn_01784.wav,"শিক্ষাই সাফল্যের চাবিকাঠি"
/home/data/raw/bengali/audio/bn_01785.wav,"আজকের তাজা খবর কি"
/home/data/raw/bengali/audio/bn_01786.wav,"তিনি তার পড়াশোনা শেষ করেছেন"
/home/data/raw/bengali/audio/bn_01787.wav,"আপনার কি কোন প্রশ্ন আছে"
/home/data/raw/bengali/audio/bn_01788.wav,"এটি একটি খুব সুন্দর জায়গা"
/home/data/raw/bengali/audio/bn_01789.wav,"আমাদের সকলের পরিবেশ রক্ষা করা উচিত"
/home/data/raw/bengali/audio/bn_01790.wav,"সে খুব পরিশ্রমী ছেলে"
/home/data/raw/bengali/audio/bn_01791.wav,"আমার এক গ্লাস জল দরকার"
/home/data/raw/bengali/audio/bn_01792.wav,"ডিজিটাল ইন্ডিয়া একটি গুরুত্বপূর্ণ উদ্যোগ"
/home/data/raw/bengali/audio/bn_01793.wav,"খেলাধুলা শিশুদের জন্য ভালো"
/home/data/raw/bengali/audio/bn_01794.wav,"আমি আপনার সাথে একমত"
/home/data/raw/bengali/audio/bn_01795.wav,"সময় খুব মূল্যবান"
/home/data/raw/bengali/audio/bn_01796.wav,"ভারত একটি বৈচিত্র্যময় দেশ"
/home/data/raw/bengali/audio/bn_01797.wav,"দয়া করে এখানে সই করুন"
/home/data/raw/bengali/audio/bn_01798.wav,"এটা আমার বোঝার বাইরে"
/home/data/raw/bengali/audio/bn_01799.wav,"তিনি একটি নতুন রেকর্ড করেছেন"
/home/data/raw/bengali/audio/bn_01800.wav,"শুভেচ্ছা"
/home/data/raw/bengali/audio/bn_01801.wav,"হ্যালো আজ আবহাওয়া খুব ভালো"
/home/data/raw/bengali/audio/bn_01802.wav,"ভারতের রাজধানী নতুন দিল্লি"
/home/data/raw/bengali/audio/bn_01803.wav,"আপনি কি আমাকে সাহায্য করতে পারেন"
/home/data/raw/bengali/audio/bn_01804.wav,"এটি একটি পরীক্ষা"
/home/data/raw/bengali/audio/bn_01805.wav,"দয়া করে ধীরে বলুন আমি বুঝতে পারছি না"
/home/data/raw/bengali/audio/bn_01806.wav,"আপনার নাম কি"
/home/data/raw/bengali/audio/bn_01807.wav,"আমি কাল বাজারে যাব"
/home/data/raw/bengali/audio/bn_01808.wav,"আমাদের সত্য কথা বলা উচিত"
/home/data/raw/bengali/audio/bn_01809.wav,"এই ট্রেনটি কখন ছাড়বে"
/home/data/raw/bengali/audio/bn_01810.wav,"সূর্য পূর্ব দিকে ওঠে"
/home/data/raw/bengali/audio/bn_01811.wav,"আপনি কেমন আছেন"
/home/data/raw/bengali/audio/bn_01812.wav,"বিজ্ঞানীরা একটি নতুন আবিষ্কার করেছেন"
/home/data/raw/bengali/audio/bn_01813.wav,"আমি বাংলা বলতে খুব ভালোবাসি"
/home/data/raw/bengali/audio/bn_01814.wav,"শিক্ষাই সাফল্যের চাবিকাঠি"
/home/data/raw/bengali/audio/bn_01815.wav,"আজকের তাজা খবর কি"
/home/data/raw/bengali/audio/bn_01816.wav,"তিনি তার পড়াশোনা শেষ করেছেন"
/home/data/raw/bengali/audio/bn_01817.wav,"আপনার কি কোন প্রশ্ন আছে"
/home/data/raw/bengali/audio/bn_01818.wav,"এটি একটি খুব সুন্দর জায়গা"
/home/data/raw/bengali/audio/bn_01819.wav,"আমাদের সকলের পরিবেশ রক্ষা করা উচিত"
/home/data/raw/bengali/audio/bn_01820.wav,"সে খুব পরিশ্রমী ছেলে"
/home/data/raw/bengali/audio/bn_01821.wav,"আমার এক গ্লাস জল দরকার"
/home/data/raw/bengali/audio/bn_01822.wav,"ডিজিটাল ইন্ডিয়া একটি গুরুত্বপূর্ণ উদ্যোগ"
/home/data/raw/bengali/audio/bn_01823.wav,"খেলাধুলা শিশুদের জন্য ভালো"
/home/data/raw/bengali/audio/bn_01824.wav,"আমি আপনার সাথে একমত"
/home/data/raw/bengali/audio/bn_01825.wav,"সময় খুব মূল্যবান"
/home/data/raw/bengali/audio/bn_01826.wav,"ভারত একটি বৈচিত্র্যময় দেশ"
/home/data/raw/bengali/audio/bn_01827.wav,"দয়া করে এখানে সই করুন"
/home/data/raw/bengali/audio/bn_01828.wav,"এটা আমার বোঝার বাইরে"
/home/data/raw/bengali/audio/bn_01829.wav,"তিনি একটি নতুন রেকর্ড করেছেন"
/home/data/raw/bengali/audio/bn_01830.wav,"শুভেচ্ছা"
/home/data/raw/bengali/audio/bn_01831.wav,"হ্যালো আজ আবহাওয়া খুব ভালো"
/home/data/raw/bengali/audio/bn_01832.wav,"ভারতের রাজধানী নতুন দিল্লি"
/home/data/raw/bengali/audio/bn_01833.wav,"আপনি কি আমাকে সাহায্য করতে পারেন"
/home/data/raw/bengali/audio/bn_01834.wav,"এটি একটি পরীক্ষা"
/home/data/raw/bengali/audio/bn_01835.wav,"দয়া করে ধীরে বলুন আমি বুঝতে পারছি না"
/home/data/raw/bengali/audio/bn_01836.wav,"আপনার নাম কি"
/home/data/raw/bengali/audio/bn_01837.wav,"আমি কাল বাজারে যাব"
/home/data/raw/bengali/audio/bn_01838.wav,"আমাদের সত্য কথা বলা উচিত"
/home/data/raw/bengali/audio/bn_01839.wav,"এই ট্রেনটি কখন ছাড়বে"
/home/data/raw/bengali/audio/bn_01840.wav,"সূর্য পূর্ব দিকে ওঠে"
/home/data/raw/bengali/audio/bn_01841.wav,"আপনি কেমন আছেন"
/home/data/raw/bengali/audio/bn_01842.wav,"বিজ্ঞানীরা একটি নতুন আবিষ্কার করেছেন"
/home/data/raw/bengali/audio/bn_01843.wav,"আমি বাংলা বলতে খুব ভালোবাসি"
/home/data/raw/bengali/audio/bn_01844.wav,"শিক্ষাই সাফল্যের চাবিকাঠি"
/home/data/raw/bengali/audio/bn_01845.wav,"আজকের তাজা খবর কি"
/home/data/raw/bengali/audio/bn_01846.wav,"তিনি তার পড়াশোনা শেষ করেছেন"
/home/data/raw/bengali/audio/bn_01847.wav,"আপনার কি কোন প্রশ্ন আছে"
/home/data/raw/bengali/audio/bn_01848.wav,"এটি একটি খুব সুন্দর জায়গা"
/home/data/raw/bengali/audio/bn_01849.wav,"আমাদের সকলের পরিবেশ রক্ষা করা উচিত"
/home/data/raw/bengali/audio/bn_01850.wav,"সে খুব পরিশ্রমী ছেলে"
/home/data/raw/bengali/audio/bn_01851.wav,"আমার এক গ্লাস জল দরকার"
/home/data/raw/bengali/audio/bn_01852.wav,"ডিজিটাল ইন্ডিয়া একটি গুরুত্বপূর্ণ উদ্যোগ"
/home/data/raw/bengali/audio/bn_01853.wav,"খেলাধুলা শিশুদের জন্য ভালো"
/home/data/raw/bengali/audio/bn_01854.wav,"আমি আপনার সাথে একমত"
/home/data/raw/bengali/audio/bn_01855.wav,"সময় খুব মূল্যবান"
/home/data/raw/bengali/audio/bn_01856.wav,"ভারত একটি বৈচিত্র্যময় দেশ"
/home/data/raw/bengali/audio/bn_01857.wav,"দয়া করে এখানে সই করুন"
/home/data/raw/bengali/audio/bn_01858.wav,"এটা আমার বোঝার বাইরে"
/home/data/raw/bengali/audio/bn_01859.wav,"তিনি একটি নতুন রেকর্ড করেছেন"
/home/data/raw/bengali/audio/bn_01860.wav,"শুভেচ্ছা"
/home/data/raw/bengali/audio/bn_01861.wav,"হ্যালো আজ আবহাওয়া খুব ভালো"
/home/data/raw/bengali/audio/bn_01862.wav,"ভারতের রাজধানী নতুন দিল্লি"
/home/data/raw/bengali/audio/bn_01863.wav,"আপনি কি আমাকে সাহায্য করতে পারেন"
/home/data/raw/bengali/audio/bn_01864.wav,"এটি একটি পরীক্ষা"
/home/data/raw/bengali/audio/bn_01865.wav,"দয়া করে ধীরে বলুন আমি বুঝতে পারছি না"
/home/data/raw/bengali/audio/bn_01866.wav,"আপনার নাম কি"
/home/data/raw/bengali/audio/bn_01867.wav,"আমি কাল বাজারে যাব"
/home/data/raw/bengali/audio/bn_01868.wav,"আমাদের সত্য কথা বলা উচিত"
/home/data/raw/bengali/audio/bn_01869.wav,"এই ট্রেনটি কখন ছাড়বে"
/home/data/raw/bengali/audio/bn_01870.wav,"সূর্য পূর্ব দিকে ওঠে"
/home/data/raw/bengali/audio/bn_01871.wav,"আপনি কেমন আছেন"
/home/data/raw/bengali/audio/bn_01872.wav,"বিজ্ঞানীরা একটি নতুন আবিষ্কার করেছেন"
/home/data/raw/bengali/audio/bn_01873.wav,"আমি বাংলা বলতে খুব ভালোবাসি"
/home/data/raw/bengali/audio/bn_01874.wav,"শিক্ষাই সাফল্যের চাবিকাঠি"
/home/data/raw/bengali/audio/bn_01875.wav,"আজকের তাজা খবর কি"
/home/data/raw/bengali/audio/bn_01876.wav,"তিনি তার পড়াশোনা শেষ করেছেন"
/home/data/raw/bengali/audio/bn_01877.wav,"আপনার কি কোন প্রশ্ন আছে"
/home/data/raw/bengali/audio/bn_01878.wav,"এটি একটি খুব সুন্দর জায়গা"
/home/data/raw/bengali/audio/bn_01879.wav,"আমাদের সকলের পরিবেশ রক্ষা করা উচিত"
/home/data/raw/bengali/audio/bn_01880.wav,"সে খুব পরিশ্রমী ছেলে"
/home/data/raw/bengali/audio/bn_01881.wav,"আমার এক গ্লাস জল দরকার"
/home/data/raw/bengali/audio/bn_01882.wav,"ডিজিটাল ইন্ডিয়া একটি গুরুত্বপূর্ণ উদ্যোগ"
/home/data/raw/bengali/audio/bn_01883.wav,"খেলাধুলা শিশুদের জন্য ভালো"
/home/data/raw/bengali/audio/bn_01884.wav,"আমি আপনার সাথে একমত"
/home/data/raw/bengali/audio/bn_01885.wav,"সময় খুব মূল্যবান"
/home/data/raw/bengali/audio/bn_01886.wav,"ভারত একটি বৈচিত্র্যময় দেশ"
/home/data/raw/bengali/audio/bn_01887.wav,"দয়া করে এখানে সই করুন"
/home/data/raw/bengali/audio/bn_01888.wav,"এটা আমার বোঝার বাইরে"
/home/data/raw/bengali/audio/bn_01889.wav,"তিনি একটি নতুন রেকর্ড করেছেন"
/home/data/raw/bengali/audio/bn_01890.wav,"শুভেচ্ছা"
/home/data/raw/bengali/audio/bn_01891.wav,"হ্যালো আজ আবহাওয়া খুব ভালো"
/home/data/raw/bengali/audio/bn_01892.wav,"ভারতের রাজধানী নতুন দিল্লি"
/home/data/raw/bengali/audio/bn_01893.wav,"আপনি কি আমাকে সাহায্য করতে পারেন"
/home/data/raw/bengali/audio/bn_01894.wav,"এটি একটি পরীক্ষা"
/home/data/raw/bengali/audio/bn_01895.wav,"দয়া করে ধীরে বলুন আমি বুঝতে পারছি না"
/home/data/raw/bengali/audio/bn_01896.wav,"আপনার নাম কি"
/home/data/raw/bengali/audio/bn_01897.wav,"আমি কাল বাজারে যাব"
/home/data/raw/bengali/audio/bn_01898.wav,"আমাদের সত্য কথা বলা উচিত"
/home/data/raw/bengali/audio/bn_01899.wav,"এই ট্রেনটি কখন ছাড়বে"
/home/data/raw/bengali/audio/bn_01900.wav,"সূর্য পূর্ব দিকে ওঠে"
/home/data/raw/bengali/audio/bn_01901.wav,"আপনি কেমন আছেন"
/home/data/raw/bengali/audio/bn_01902.wav,"বিজ্ঞানীরা একটি নতুন আবিষ্কার করেছেন"
/home/data/raw/bengali/audio/bn_01903.wav,"আমি বাংলা বলতে খুব ভালোবাসি"
/home/data/raw/bengali/audio/bn_01904.wav,"শিক্ষাই সাফল্যের চাবিকাঠি"
/home/data/raw/bengali/audio/bn_01905.wav,"আজকের তাজা খবর কি"
/home/data/raw/bengali/audio/bn_01906.wav,"তিনি তার পড়াশোনা শেষ করেছেন"
/home/data/raw/bengali/audio/bn_01907.wav,"আপনার কি কোন প্রশ্ন আছে"
/home/data/raw/bengali/audio/bn_01908.wav,"এটি একটি খুব সুন্দর জায়গা"
/home/data/raw/bengali/audio/bn_01909.wav,"আমাদের সকলের পরিবেশ রক্ষা করা উচিত"
/home/data/raw/bengali/audio/bn_01910.wav,"সে খুব পরিশ্রমী ছেলে"
/home/data/raw/bengali/audio/bn_01911.wav,"আমার এক গ্লাস জল দরকার"
/home/data/raw/bengali/audio/bn_01912.wav,"ডিজিটাল ইন্ডিয়া একটি গুরুত্বপূর্ণ উদ্যোগ"
/home/data/raw/bengali/audio/bn_01913.wav,"খেলাধুলা শিশুদের জন্য ভালো"
/home/data/raw/bengali/audio/bn_01914.wav,"আমি আপনার সাথে একমত"
/home/data/raw/bengali/audio/bn_01915.wav,"সময় খুব মূল্যবান"
/home/data/raw/bengali/audio/bn_01916.wav,"ভারত একটি বৈচিত্র্যময় দেশ"
/home/data/raw/bengali/audio/bn_01917.wav,"দয়া করে এখানে সই করুন"
/home/data/raw/bengali/audio/bn_01918.wav,"এটা আমার বোঝার বাইরে"
/home/data/raw/bengali/audio/bn_01919.wav,"তিনি একটি নতুন রেকর্ড করেছেন"
/home/data/raw/bengali/audio/bn_01920.wav,"শুভেচ্ছা"
/home/data/raw/bengali/audio/bn_01921.wav,"হ্যালো আজ আবহাওয়া খুব ভালো"
/home/data/raw/bengali/audio/bn_01922.wav,"ভারতের রাজধানী নতুন দিল্লি"
/home/data/raw/bengali/audio/bn_01923.wav,"আপনি কি আমাকে সাহায্য করতে পারেন"
/home/data/raw/bengali/audio/bn_01924.wav,"এটি একটি পরীক্ষা"
/home/data/raw/bengali/audio/bn_01925.wav,"দয়া করে ধীরে বলুন আমি বুঝতে পারছি না"
/home/data/raw/bengali/audio/bn_01926.wav,"আপনার নাম কি"
/home/data/raw/bengali/audio/bn_01927.wav,"আমি কাল বাজারে যাব"
/home/data/raw/bengali/audio/bn_01928.wav,"আমাদের সত্য কথা বলা উচিত"
/home/data/raw/bengali/audio/bn_01929.wav,"এই ট্রেনটি কখন ছাড়বে"
/home/data/raw/bengali/audio/bn_01930.wav,"সূর্য পূর্ব দিকে ওঠে"
/home/data/raw/bengali/audio/bn_01931.wav,"আপনি কেমন আছেন"
/home/data/raw/bengali/audio/bn_01932.wav,"বিজ্ঞানীরা একটি নতুন আবিষ্কার করেছেন"
/home/data/raw/bengali/audio/bn_01933.wav,"আমি বাংলা বলতে খুব ভালোবাসি"
/home/data/raw/bengali/audio/bn_01934.wav,"শিক্ষাই সাফল্যের চাবিকাঠি"
/home/data/raw/bengali/audio/bn_01935.wav,"আজকের তাজা খবর কি"
/home/data/raw/bengali/audio/bn_01936.wav,"তিনি তার পড়াশোনা শেষ করেছেন"
/home/data/raw/bengali/audio/bn_01937.wav,"আপনার কি কোন প্রশ্ন আছে"
/home/data/raw/bengali/audio/bn_01938.wav,"এটি একটি খুব সুন্দর জায়গা"
/home/data/raw/bengali/audio/bn_01939.wav,"আমাদের সকলের পরিবেশ রক্ষা করা উচিত"
/home/data/raw/bengali/audio/bn_01940.wav,"সে খুব পরিশ্রমী ছেলে"
/home/data/raw/bengali/audio/bn_01941.wav,"আমার এক গ্লাস জল দরকার"
/home/data/raw/bengali/audio/bn_01942.wav,"ডিজিটাল ইন্ডিয়া একটি গুরুত্বপূর্ণ উদ্যোগ"
/home/data/raw/bengali/audio/bn_01943.wav,"খেলাধুলা শিশুদের জন্য ভালো"
/home/data/raw/bengali/audio/bn_01944.wav,"আমি আপনার সাথে একমত"
/home/data/raw/bengali/audio/bn_01945.wav,"সময় খুব মূল্যবান"
/home/data/raw/bengali/audio/bn_01946.wav,"ভারত একটি বৈচিত্র্যময় দেশ"
/home/data/raw/bengali/audio/bn_01947.wav,"দয়া করে এখানে সই করুন"
/home/data/raw/bengali/audio/bn_01948.wav,"এটা আমার বোঝার বাইরে"
/home/data/raw/bengali/audio/bn_01949.wav,"তিনি একটি নতুন রেকর্ড করেছেন"
/home/data/raw/bengali/audio/bn_01950.wav,"শুভেচ্ছা"
/home/data/raw/bengali/audio/bn_01951.wav,"হ্যালো আজ আবহাওয়া খুব ভালো"
/home/data/raw/bengali/audio/bn_01952.wav,"ভারতের রাজধানী নতুন দিল্লি"
/home/data/raw/bengali/audio/bn_01953.wav,"আপনি কি আমাকে সাহায্য করতে পারেন"
/home/data/raw/bengali/audio/bn_01954.wav,"এটি একটি পরীক্ষা"
/home/data/raw/bengali/audio/bn_01955.wav,"দয়া করে ধীরে বলুন আমি বুঝতে পারছি না"
/home/data/raw/bengali/audio/bn_01956.wav,"আপনার নাম কি"
/home/data/raw/bengali/audio/bn_01957.wav,"আমি কাল বাজারে যাব"
/home/data/raw/bengali/audio/bn_01958.wav,"আমাদের সত্য কথা বলা উচিত"
/home/data/raw/bengali/audio/bn_01959.wav,"এই ট্রেনটি কখন ছাড়বে"
/home/data/raw/bengali/audio/bn_01960.wav,"সূর্য পূর্ব দিকে ওঠে"
/home/data/raw/bengali/audio/bn_01961.wav,"আপনি কেমন আছেন"
/home/data/raw/bengali/audio/bn_01962.wav,"বিজ্ঞানীরা একটি নতুন আবিষ্কার করেছেন"
/home/data/raw/bengali/audio/bn_01963.wav,"আমি বাংলা বলতে খুব ভালোবাসি"
/home/data/raw/bengali/audio/bn_01964.wav,"শিক্ষাই সাফল্যের চাবিকাঠি"
/home/data/raw/bengali/audio/bn_01965.wav,"আজকের তাজা খবর কি"
/home/data/raw/bengali/audio/bn_01966.wav,"তিনি তার পড়াশোনা শেষ করেছেন"
/home/data/raw/bengali/audio/bn_01967.wav,"আপনার কি কোন প্রশ্ন আছে"
/home/data/raw/bengali/audio/bn_01968.wav,"এটি একটি খুব সুন্দর জায়গা"
/home/data/raw/bengali/audio/bn_01969.wav,"আমাদের সকলের পরিবেশ রক্ষা করা উচিত"
/home/data/raw/bengali/audio/bn_01970.wav,"সে খুব পরিশ্রমী ছেলে"
/home/data/raw/bengali/audio/bn_01971.wav,"আমার এক গ্লাস জল দরকার"
/home/data/raw/bengali/audio/bn_01972.wav,"ডিজিটাল ইন্ডিয়া একটি গুরুত্বপূর্ণ উদ্যোগ"
/home/data/raw/bengali/audio/bn_01973.wav,"খেলাধুলা শিশুদের জন্য ভালো"
/home/data/raw/bengali/audio/bn_01974.wav,"আমি আপনার সাথে একমত"
/home/data/raw/bengali/audio/bn_01975.wav,"সময় খুব মূল্যবান"
/home/data/raw/bengali/audio/bn_01976.wav,"ভারত একটি বৈচিত্র্যময় দেশ"
/home/data/raw/bengali/audio/bn_01977.wav,"দয়া করে এখানে সই করুন"
/home/data/raw/bengali/audio/bn_01978.wav,"এটা আমার বোঝার বাইরে"
/home/data/raw/bengali/audio/bn_01979.wav,"তিনি একটি নতুন রেকর্ড করেছেন"
/home/data/raw/bengali/audio/bn_01980.wav,"শুভেচ্ছা"
/home/data/raw/bengali/audio/bn_01981.wav,"হ্যালো আজ আবহাওয়া খুব ভালো"
/home/data/raw/bengali/audio/bn_01982.wav,"ভারতের রাজধানী নতুন দিল্লি"
/home/data/raw/bengali/audio/bn_01983.wav,"আপনি কি আমাকে সাহায্য করতে পারেন"
/home/data/raw/bengali/audio/bn_01984.wav,"এটি একটি পরীক্ষা"
/home/data/raw/bengali/audio/bn_01985.wav,"দয়া করে ধীরে বলুন আমি বুঝতে পারছি না"
/home/data/raw/bengali/audio/bn_01986.wav,"আপনার নাম কি"
/home/data/raw/bengali/audio/bn_01987.wav,"আমি কাল বাজারে যাব"
/home/data/raw/bengali/audio/bn_01988.wav,"আমাদের সত্য কথা বলা উচিত"
/home/data/raw/bengali/audio/bn_01989.wav,"এই ট্রেনটি কখন ছাড়বে"
/home/data/raw/bengali/audio/bn_01990.wav,"সূর্য পূর্ব দিকে ওঠে"
/home/data/raw/bengali/audio/bn_01991.wav,"আপনি কেমন আছেন"
/home/data/raw/bengali/audio/bn_01992.wav,"বিজ্ঞানীরা একটি নতুন আবিষ্কার করেছেন"
/home/data/raw/bengali/audio/bn_01993.wav,"আমি বাংলা বলতে খুব ভালোবাসি"
/home/data/raw/bengali/audio/bn_01994.wav,"শিক্ষাই সাফল্যের চাবিকাঠি"
/home/data/raw/bengali/audio/bn_01995.wav,"আজকের তাজা খবর কি"
/home/data/raw/bengali/audio/bn_01996.wav,"তিনি তার পড়াশোনা শেষ করেছেন"
/home/data/raw/bengali/audio/bn_01997.wav,"আপনার কি কোন প্রশ্ন আছে"
/home/data/raw/bengali/audio/bn_01998.wav,"এটি একটি খুব সুন্দর জায়গা"
/home/data/raw/bengali/audio/bn_01999.wav,"আমাদের সকলের পরিবেশ রক্ষা করা উচিত"
/home/data/raw/bengali/audio/bn_02000.wav,"সে খুব পরিশ্রমী ছেলে"
/home/data/raw/bengali/audio/bn_02001.wav,"আমার এক গ্লাস জল দরকার"
/home/data/raw/bengali/audio/bn_02002.wav,"ডিজিটাল ইন্ডিয়া একটি গুরুত্বপূর্ণ উদ্যোগ"
/home/data/raw/bengali/audio/bn_02003.wav,"খেলাধুলা শিশুদের জন্য ভালো"
/home/data/raw/bengali/audio/bn_02004.wav,"আমি আপনার সাথে একমত"
/home/data/raw/bengali/audio/bn_02005.wav,"সময় খুব মূল্যবান"
/home/data/raw/bengali/audio/bn_02006.wav,"ভারত একটি বৈচিত্র্যময় দেশ"
/home/data/raw/bengali/audio/bn_02007.wav,"দয়া করে এখানে সই করুন"
/home/data/raw/bengali/audio/bn_02008.wav,"এটা আমার বোঝার বাইরে"
/home/data/raw/bengali/audio/bn_02009.wav,"তিনি একটি নতুন রেকর্ড করেছেন"
/home/data/raw/bengali/audio/bn_02010.wav,"শুভেচ্ছা"
/home/data/raw/bengali/audio/bn_02011.wav,"হ্যালো আজ আবহাওয়া খুব ভালো"
/home/data/raw/bengali/audio/bn_02012.wav,"ভারতের রাজধানী নতুন দিল্লি"
/home/data/raw/bengali/audio/bn_02013.wav,"আপনি কি আমাকে সাহায্য করতে পারেন"
/home/data/raw/bengali/audio/bn_02014.wav,"এটি একটি পরীক্ষা"
/home/data/raw/bengali/audio/bn_02015.wav,"দয়া করে ধীরে বলুন আমি বুঝতে পারছি না"
/home/data/raw/bengali/audio/bn_02016.wav,"আপনার নাম কি"
/home/data/raw/bengali/audio/bn_02017.wav,"আমি কাল বাজারে যাব"
/home/data/raw/bengali/audio/bn_02018.wav,"আমাদের সত্য কথা বলা উচিত"
/home/data/raw/bengali/audio/bn_02019.wav,"এই ট্রেনটি কখন ছাড়বে"
/home/data/raw/bengali/audio/bn_02020.wav,"সূর্য পূর্ব দিকে ওঠে"
/home/data/raw/bengali/audio/bn_02021.wav,"আপনি কেমন আছেন"
/home/data/raw/bengali/audio/bn_02022.wav,"বিজ্ঞানীরা একটি নতুন আবিষ্কার করেছেন"
/home/data/raw/bengali/audio/bn_02023.wav,"আমি বাংলা বলতে খুব ভালোবাসি"
/home/data/raw/bengali/audio/bn_02024.wav,"শিক্ষাই সাফল্যের চাবিকাঠি"
/home/data/raw/bengali/audio/bn_02025.wav,"আজকের তাজা খবর কি"
/home/data/raw/bengali/audio/bn_02026.wav,"তিনি তার পড়াশোনা শেষ করেছেন"
/home/data/raw/bengali/audio/bn_02027.wav,"আপনার কি কোন প্রশ্ন আছে"
/home/data/raw/bengali/audio/bn_02028.wav,"এটি একটি খুব সুন্দর জায়গা"
/home/data/raw/bengali/audio/bn_02029.wav,"আমাদের সকলের পরিবেশ রক্ষা করা উচিত"
/home/data/raw/bengali/audio/bn_02030.wav,"সে খুব পরিশ্রমী ছেলে"
/home/data/raw/bengali/audio/bn_02031.wav,"আমার এক গ্লাস জল দরকার"
/home/data/raw/bengali/audio/bn_02032.wav,"ডিজিটাল ইন্ডিয়া একটি গুরুত্বপূর্ণ উদ্যোগ"
/home/data/raw/bengali/audio/bn_02033.wav,"খেলাধুলা শিশুদের জন্য ভালো"
/home/data/raw/bengali/audio/bn_02034.wav,"আমি আপনার সাথে একমত"
/home/data/raw/bengali/audio/bn_02035.wav,"সময় খুব মূল্যবান"
/home/data/raw/bengali/audio/bn_02036.wav,"ভারত একটি বৈচিত্র্যময় দেশ"
/home/data/raw/bengali/audio/bn_02037.wav,"দয়া করে এখানে সই করুন"
/home/data/raw/bengali/audio/bn_02038.wav,"এটা আমার বোঝার বাইরে"
/home/data/raw/bengali/audio/bn_02039.wav,"তিনি একটি নতুন রেকর্ড করেছেন"
/home/data/raw/bengali/audio/bn_02040.wav,"শুভেচ্ছা"
/home/data/raw/bengali/audio/bn_02041.wav,"হ্যালো আজ আবহাওয়া খুব ভালো"
/home/data/raw/bengali/audio/bn_02042.wav,"ভারতের রাজধানী নতুন দিল্লি"
/home/data/raw/bengali/audio/bn_02043.wav,"আপনি কি আমাকে সাহায্য করতে পারেন"
/home/data/raw/bengali/audio/bn_02044.wav,"এটি একটি পরীক্ষা"
/home/data/raw/bengali/audio/bn_02045.wav,"দয়া করে ধীরে বলুন আমি বুঝতে পারছি না"
/home/data/raw/bengali/audio/bn_02046.wav,"আপনার নাম কি"
/home/data/raw/bengali/audio/bn_02047.wav,"আমি কাল বাজারে যাব"
/home/data/raw/bengali/audio/bn_02048.wav,"আমাদের সত্য কথা বলা উচিত"
/home/data/raw/bengali/audio/bn_02049.wav,"এই ট্রেনটি কখন ছাড়বে"
/home/data/raw/bengali/audio/bn_02050.wav,"সূর্য পূর্ব দিকে ওঠে"
/home/data/raw/bengali/audio/bn_02051.wav,"আপনি কেমন আছেন"
/home/data/raw/bengali/audio/bn_02052.wav,"বিজ্ঞানীরা একটি নতুন আবিষ্কার করেছেন"
/home/data/raw/bengali/audio/bn_02053.wav,"আমি বাংলা বলতে খুব ভালোবাসি"
/home/data/raw/bengali/audio/bn_02054.wav,"শিক্ষাই সাফল্যের চাবিকাঠি"
/home/data/raw/bengali/audio/bn_02055.wav,"আজকের তাজা খবর কি"
/home/data/raw/bengali/audio/bn_02056.wav,"তিনি তার পড়াশোনা শেষ করেছেন"
/home/data/raw/bengali/audio/bn_02057.wav,"আপনার কি কোন প্রশ্ন আছে"
/home/data/raw/bengali/audio/bn_02058.wav,"এটি একটি খুব সুন্দর জায়গা"
/home/data/raw/bengali/audio/bn_02059.wav,"আমাদের সকলের পরিবেশ রক্ষা করা উচিত"
/home/data/raw/bengali/audio/bn_02060.wav,"সে খুব পরিশ্রমী ছেলে"
/home/data/raw/bengali/audio/bn_02061.wav,"আমার এক গ্লাস জল দরকার"
/home/data/raw/bengali/audio/bn_02062.wav,"ডিজিটাল ইন্ডিয়া একটি গুরুত্বপূর্ণ উদ্যোগ"
/home/data/raw/bengali/audio/bn_02063.wav,"খেলাধুলা শিশুদের জন্য ভালো"
/home/data/raw/bengali/audio/bn_02064.wav,"আমি আপনার সাথে একমত"
/home/data/raw/bengali/audio/bn_02065.wav,"সময় খুব মূল্যবান"
/home/data/raw/bengali/audio/bn_02066.wav,"ভারত একটি বৈচিত্র্যময় দেশ"
/home/data/raw/bengali/audio/bn_02067.wav,"দয়া করে এখানে সই করুন"
/home/data/raw/bengali/audio/bn_02068.wav,"এটা আমার বোঝার বাইরে"
/home/data/raw/bengali/audio/bn_02069.wav,"তিনি একটি নতুন রেকর্ড করেছেন"
/home/data/raw/bengali/audio/bn_02070.wav,"শুভেচ্ছা"
/home/data/raw/bengali/audio/bn_02071.wav,"হ্যালো আজ আবহাওয়া খুব ভালো"
/home/data/raw/bengali/audio/bn_02072.wav,"ভারতের রাজধানী নতুন দিল্লি"
/home/data/raw/bengali/audio/bn_02073.wav,"আপনি কি আমাকে সাহায্য করতে পারেন"
/home/data/raw/bengali/audio/bn_02074.wav,"এটি একটি পরীক্ষা"
/home/data/raw/bengali/audio/bn_02075.wav,"দয়া করে ধীরে বলুন আমি বুঝতে পারছি না"
/home/data/raw/bengali/audio/bn_02076.wav,"আপনার নাম কি"
/home/data/raw/bengali/audio/bn_02077.wav,"আমি কাল বাজারে যাব"
/home/data/raw/bengali/audio/bn_02078.wav,"আমাদের সত্য কথা বলা উচিত"
/home/data/raw/bengali/audio/bn_02079.wav,"এই ট্রেনটি কখন ছাড়বে"
/home/data/raw/bengali/audio/bn_02080.wav,"সূর্য পূর্ব দিকে ওঠে"
/home/data/raw/bengali/audio/bn_02081.wav,"আপনি কেমন আছেন"
/home/data/raw/bengali/audio/bn_02082.wav,"বিজ্ঞানীরা একটি নতুন আবিষ্কার করেছেন"
/home/data/raw/bengali/audio/bn_02083.wav,"আমি বাংলা বলতে খুব ভালোবাসি"
/home/data/raw/bengali/audio/bn_02084.wav,"শিক্ষাই সাফল্যের চাবিকাঠি"
/home/data/raw/bengali/audio/bn_02085.wav,"আজকের তাজা খবর কি"
/home/data/raw/bengali/audio/bn_02086.wav,"তিনি তার পড়াশোনা শেষ করেছেন"
/home/data/raw/bengali/audio/bn_02087.wav,"আপনার কি কোন প্রশ্ন আছে"
/home/data/raw/bengali/audio/bn_02088.wav,"এটি একটি খুব সুন্দর জায়গা"
/home/data/raw/bengali/audio/bn_02089.wav,"আমাদের সকলের পরিবেশ রক্ষা করা উচিত"
/home/data/raw/bengali/audio/bn_02090.wav,"সে খুব পরিশ্রমী ছেলে"
/home/data/raw/bengali/audio/bn_02091.wav,"আমার এক গ্লাস জল দরকার"
/home/data/raw/bengali/audio/bn_02092.wav,"ডিজিটাল ইন্ডিয়া একটি গুরুত্বপূর্ণ উদ্যোগ"
/home/data/raw/bengali/audio/bn_02093.wav,"খেলাধুলা শিশুদের জন্য ভালো"
/home/data/raw/bengali/audio/bn_02094.wav,"আমি আপনার সাথে একমত"
/home/data/raw/bengali/audio/bn_02095.wav,"সময় খুব মূল্যবান"
/home/data/raw/bengali/audio/bn_02096.wav,"ভারত একটি বৈচিত্র্যময় দেশ"
/home/data/raw/bengali/audio/bn_02097.wav,"দয়া করে এখানে সই করুন"
/home/data/raw/bengali/audio/bn_02098.wav,"এটা আমার বোঝার বাইরে"
/home/data/raw/bengali/audio/bn_02099.wav,"তিনি একটি নতুন রেকর্ড করেছেন"
/home/data/raw/bengali/audio/bn_02100.wav,"শুভেচ্ছা"
/home/data/raw/bengali/audio/bn_02101.wav,"হ্যালো আজ আবহাওয়া খুব ভালো"
/home/data/raw/bengali/audio/bn_02102.wav,"ভারতের রাজধানী নতুন দিল্লি"
/home/data/raw/bengali/audio/bn_02103.wav,"আপনি কি আমাকে সাহায্য করতে পারেন"
/home/data/raw/bengali/audio/bn_02104.wav,"এটি একটি পরীক্ষা"
/home/data/raw/bengali/audio/bn_02105.wav,"দয়া করে ধীরে বলুন আমি বুঝতে পারছি না"
/home/data/raw/bengali/audio/bn_02106.wav,"আপনার নাম কি"
/home/data/raw/bengali/audio/bn_02107.wav,"আমি কাল বাজারে যাব"
/home/data/raw/bengali/audio/bn_02108.wav,"আমাদের সত্য কথা বলা উচিত"
/home/data/raw/bengali/audio/bn_02109.wav,"এই ট্রেনটি কখন ছাড়বে"
/home/data/raw/bengali/audio/bn_02110.wav,"সূর্য পূর্ব দিকে ওঠে"
/home/data/raw/bengali/audio/bn_02111.wav,"আপনি কেমন আছেন"
/home/data/raw/bengali/audio/bn_02112.wav,"বিজ্ঞানীরা একটি নতুন আবিষ্কার করেছেন"
/home/data/raw/bengali/audio/bn_02113.wav,"আমি বাংলা বলতে খুব ভালোবাসি"
/home/data/raw/bengali/audio/bn_02114.wav,"শিক্ষাই সাফল্যের চাবিকাঠি"
/home/data/raw/bengali/audio/bn_02115.wav,"আজকের তাজা খবর কি"
/home/data/raw/bengali/audio/bn_02116.wav,"তিনি তার পড়াশোনা শেষ করেছেন"
/home/data/raw/bengali/audio/bn_02117.wav,"আপনার কি কোন প্রশ্ন আছে"
/home/data/raw/bengali/audio/bn_02118.wav,"এটি একটি খুব সুন্দর জায়গা"
/home/data/raw/bengali/audio/bn_02119.wav,"আমাদের সকলের পরিবেশ রক্ষা করা উচিত"
/home/data/raw/bengali/audio/bn_02120.wav,"সে খুব পরিশ্রমী ছেলে"
/home/data/raw/bengali/audio/bn_02121.wav,"আমার এক গ্লাস জল দরকার"
/home/data/raw/bengali/audio/bn_02122.wav,"ডিজিটাল ইন্ডিয়া একটি গুরুত্বপূর্ণ উদ্যোগ"
/home/data/raw/bengali/audio/bn_02123.wav,"খেলাধুলা শিশুদের জন্য ভালো"
/home/data/raw/bengali/audio/bn_02124.wav,"আমি আপনার সাথে একমত"
/home/data/raw/bengali/audio/bn_02125.wav,"সময় খুব মূল্যবান"
/home/data/raw/bengali/audio/bn_02126.wav,"ভারত একটি বৈচিত্র্যময় দেশ"
/home/data/raw/bengali/audio/bn_02127.wav,"দয়া করে এখানে সই করুন"
/home/data/raw/bengali/audio/bn_02128.wav,"এটা আমার বোঝার বাইরে"
/home/data/raw/bengali/audio/bn_02129.wav,"তিনি একটি নতুন রেকর্ড করেছেন"
/home/data/raw/bengali/audio/bn_02130.wav,"শুভেচ্ছা"
/home/data/raw/bengali/audio/bn_02131.wav,"হ্যালো আজ আবহাওয়া খুব ভালো"
/home/data/raw/bengali/audio/bn_02132.wav,"ভারতের রাজধানী নতুন দিল্লি"
/home/data/raw/bengali/audio/bn_02133.wav,"আপনি কি আমাকে সাহায্য করতে পারেন"
/home/data/raw/bengali/audio/bn_02134.wav,"এটি একটি পরীক্ষা"
/home/data/raw/bengali/audio/bn_02135.wav,"দয়া করে ধীরে বলুন আমি বুঝতে পারছি না"
/home/data/raw/bengali/audio/bn_02136.wav,"আপনার নাম কি"
/home/data/raw/bengali/audio/bn_02137.wav,"আমি কাল বাজারে যাব"
/home/data/raw/bengali/audio/bn_02138.wav,"আমাদের সত্য কথা বলা উচিত"
/home/data/raw/bengali/audio/bn_02139.wav,"এই ট্রেনটি কখন ছাড়বে"
/home/data/raw/bengali/audio/bn_02140.wav,"সূর্য পূর্ব দিকে ওঠে"
/home/data/raw/bengali/audio/bn_02141.wav,"আপনি কেমন আছেন"
/home/data/raw/bengali/audio/bn_02142.wav,"বিজ্ঞানীরা একটি নতুন আবিষ্কার করেছেন"
/home/data/raw/bengali/audio/bn_02143.wav,"আমি বাংলা বলতে খুব ভালোবাসি"
/home/data/raw/bengali/audio/bn_02144.wav,"শিক্ষাই সাফল্যের চাবিকাঠি"
/home/data/raw/bengali/audio/bn_02145.wav,"আজকের তাজা খবর কি"
/home/data/raw/bengali/audio/bn_02146.wav,"তিনি তার পড়াশোনা শেষ করেছেন"
/home/data/raw/bengali/audio/bn_02147.wav,"আপনার কি কোন প্রশ্ন আছে"
/home/data/raw/bengali/audio/bn_02148.wav,"এটি একটি খুব সুন্দর জায়গা"
/home/data/raw/bengali/audio/bn_02149.wav,"আমাদের সকলের পরিবেশ রক্ষা করা উচিত"
/home/data/raw/bengali/audio/bn_02150.wav,"সে খুব পরিশ্রমী ছেলে"
/home/data/raw/bengali/audio/bn_02151.wav,"আমার এক গ্লাস জল দরকার"
/home/data/raw/bengali/audio/bn_02152.wav,"ডিজিটাল ইন্ডিয়া একটি গুরুত্বপূর্ণ উদ্যোগ"
/home/data/raw/bengali/audio/bn_02153.wav,"খেলাধুলা শিশুদের জন্য ভালো"
/home/data/raw/bengali/audio/bn_02154.wav,"আমি আপনার সাথে একমত"
/home/data/raw/bengali/audio/bn_02155.wav,"সময় খুব মূল্যবান"
/home/data/raw/bengali/audio/bn_02156.wav,"ভারত একটি বৈচিত্র্যময় দেশ"
/home/data/raw/bengali/audio/bn_02157.wav,"দয়া করে এখানে সই করুন"
/home/data/raw/bengali/audio/bn_02158.wav,"এটা আমার বোঝার বাইরে"
/home/data/raw/bengali/audio/bn_02159.wav,"তিনি একটি নতুন রেকর্ড করেছেন"
/home/data/raw/bengali/audio/bn_02160.wav,"শুভেচ্ছা"
/home/data/raw/bengali/audio/bn_02161.wav,"হ্যালো আজ আবহাওয়া খুব ভালো"
/home/data/raw/bengali/audio/bn_02162.wav,"ভারতের রাজধানী নতুন দিল্লি"
/home/data/raw/bengali/audio/bn_02163.wav,"আপনি কি আমাকে সাহায্য করতে পারেন"
/home/data/raw/bengali/audio/bn_02164.wav,"এটি একটি পরীক্ষা"
/home/data/raw/bengali/audio/bn_02165.wav,"দয়া করে ধীরে বলুন আমি বুঝতে পারছি না"
/home/data/raw/bengali/audio/bn_02166.wav,"আপনার নাম কি"
/home/data/raw/bengali/audio/bn_02167.wav,"আমি কাল বাজারে যাব"
/home/data/raw/bengali/audio/bn_02168.wav,"আমাদের সত্য কথা বলা উচিত"
/home/data/raw/bengali/audio/bn_02169.wav,"এই ট্রেনটি কখন ছাড়বে"
/home/data/raw/bengali/audio/bn_02170.wav,"সূর্য পূর্ব দিকে ওঠে"
/home/data/raw/bengali/audio/bn_02171.wav,"আপনি কেমন আছেন"
/home/data/raw/bengali/audio/bn_02172.wav,"বিজ্ঞানীরা একটি নতুন আবিষ্কার করেছেন"
/home/data/raw/bengali/audio/bn_02173.wav,"আমি বাংলা বলতে খুব ভালোবাসি"
/home/data/raw/bengali/audio/bn_02174.wav,"শিক্ষাই সাফল্যের চাবিকাঠি"
/home/data/raw/bengali/audio/bn_02175.wav,"আজকের তাজা খবর কি"
/home/data/raw/bengali/audio/bn_02176.wav,"তিনি তার পড়াশোনা শেষ করেছেন"
/home/data/raw/bengali/audio/bn_02177.wav,"আপনার কি কোন প্রশ্ন আছে"
/home/data/raw/bengali/audio/bn_02178.wav,"এটি একটি খুব সুন্দর জায়গা"
/home/data/raw/bengali/audio/bn_02179.wav,"আমাদের সকলের পরিবেশ রক্ষা করা উচিত"
/home/data/raw/bengali/audio/bn_02180.wav,"সে খুব পরিশ্রমী ছেলে"
/home/data/raw/bengali/audio/bn_02181.wav,"আমার এক গ্লাস জল দরকার"
/home/data/raw/bengali/audio/bn_02182.wav,"ডিজিটাল ইন্ডিয়া একটি গুরুত্বপূর্ণ উদ্যোগ"
/home/data/raw/bengali/audio/bn_02183.wav,"খেলাধুলা শিশুদের জন্য ভালো"
/home/data/raw/bengali/audio/bn_02184.wav,"আমি আপনার সাথে একমত"
/home/data/raw/bengali/audio/bn_02185.wav,"সময় খুব মূল্যবান"
/home/data/raw/bengali/audio/bn_02186.wav,"ভারত একটি বৈচিত্র্যময় দেশ"
/home/data/raw/bengali/audio/bn_02187.wav,"দয়া করে এখানে সই করুন"
/home/data/raw/bengali/audio/bn_02188.wav,"এটা আমার বোঝার বাইরে"
/home/data/raw/bengali/audio/bn_02189.wav,"তিনি একটি নতুন রেকর্ড করেছেন"
/home/data/raw/bengali/audio/bn_02190.wav,"শুভেচ্ছা"
/home/data/raw/bengali/audio/bn_02191.wav,"হ্যালো আজ আবহাওয়া খুব ভালো"
/home/data/raw/bengali/audio/bn_02192.wav,"ভারতের রাজধানী নতুন দিল্লি"
/home/data/raw/bengali/audio/bn_02193.wav,"আপনি কি আমাকে সাহায্য করতে পারেন"
/home/data/raw/bengali/audio/bn_02194.wav,"এটি একটি পরীক্ষা"
/home/data/raw/bengali/audio/bn_02195.wav,"দয়া করে ধীরে বলুন আমি বুঝতে পারছি না"
/home/data/raw/bengali/audio/bn_02196.wav,"আপনার নাম কি"
/home/data/raw/bengali/audio/bn_02197.wav,"আমি কাল বাজারে যাব"
/home/data/raw/bengali/audio/bn_02198.wav,"আমাদের সত্য কথা বলা উচিত"
/home/data/raw/bengali/audio/bn_02199.wav,"এই ট্রেনটি কখন ছাড়বে"
/home/data/raw/bengali/audio/bn_02200.wav,"সূর্য পূর্ব দিকে ওঠে"
/home/data/raw/bengali/audio/bn_02201.wav,"আপনি কেমন আছেন"
/home/data/raw/bengali/audio/bn_02202.wav,"বিজ্ঞানীরা একটি নতুন আবিষ্কার করেছেন"
/home/data/raw/bengali/audio/bn_02203.wav,"আমি বাংলা বলতে খুব ভালোবাসি"
/home/data/raw/bengali/audio/bn_02204.wav,"শিক্ষাই সাফল্যের চাবিকাঠি"
/home/data/raw/bengali/audio/bn_02205.wav,"আজকের তাজা খবর কি"
/home/data/raw/bengali/audio/bn_02206.wav,"তিনি তার পড়াশোনা শেষ করেছেন"
/home/data/raw/bengali/audio/bn_02207.wav,"আপনার কি কোন প্রশ্ন আছে"
/home/data/raw/bengali/audio/bn_02208.wav,"এটি একটি খুব সুন্দর জায়গা"
/home/data/raw/bengali/audio/bn_02209.wav,"আমাদের সকলের পরিবেশ রক্ষা করা উচিত"
/home/data/raw/bengali/audio/bn_02210.wav,"সে খুব পরিশ্রমী ছেলে"
/home/data/raw/bengali/audio/bn_02211.wav,"আমার এক গ্লাস জল দরকার"
/home/data/raw/bengali/audio/bn_02212.wav,"ডিজিটাল ইন্ডিয়া একটি গুরুত্বপূর্ণ উদ্যোগ"
/home/data/raw/bengali/audio/bn_02213.wav,"খেলাধুলা শিশুদের জন্য ভালো"
/home/data/raw/bengali/audio/bn_02214.wav,"আমি আপনার সাথে একমত"
/home/data/raw/bengali/audio/bn_02215.wav,"সময় খুব মূল্যবান"
/home/data/raw/bengali/audio/bn_02216.wav,"ভারত একটি বৈচিত্র্যময় দেশ"
/home/data/raw/bengali/audio/bn_02217.wav,"দয়া করে এখানে সই করুন"
/home/data/raw/bengali/audio/bn_02218.wav,"এটা আমার বোঝার বাইরে"
/home/data/raw/bengali/audio/bn_02219.wav,"তিনি একটি নতুন রেকর্ড করেছেন"
/home/data/raw/bengali/audio/bn_02220.wav,"শুভেচ্ছা"
/home/data/raw/bengali/audio/bn_02221.wav,"হ্যালো আজ আবহাওয়া খুব ভালো"
/home/data/raw/bengali/audio/bn_02222.wav,"ভারতের রাজধানী নতুন দিল্লি"
/home/data/raw/bengali/audio/bn_02223.wav,"আপনি কি আমাকে সাহায্য করতে পারেন"
/home/data/raw/bengali/audio/bn_02224.wav,"এটি একটি পরীক্ষা"
/home/data/raw/bengali/audio/bn_02225.wav,"দয়া করে ধীরে বলুন আমি বুঝতে পারছি না"
/home/data/raw/bengali/audio/bn_02226.wav,"আপনার নাম কি"
/home/data/raw/bengali/audio/bn_02227.wav,"আমি কাল বাজারে যাব"
/home/data/raw/bengali/audio/bn_02228.wav,"আমাদের সত্য কথা বলা উচিত"
/home/data/raw/bengali/audio/bn_02229.wav,"এই ট্রেনটি কখন ছাড়বে"
/home/data/raw/bengali/audio/bn_02230.wav,"সূর্য পূর্ব দিকে ওঠে"
/home/data/raw/bengali/audio/bn_02231.wav,"আপনি কেমন আছেন"
/home/data/raw/bengali/audio/bn_02232.wav,"বিজ্ঞানীরা একটি নতুন আবিষ্কার করেছেন"
/home/data/raw/bengali/audio/bn_02233.wav,"আমি বাংলা বলতে খুব ভালোবাসি"
/home/data/raw/bengali/audio/bn_02234.wav,"শিক্ষাই সাফল্যের চাবিকাঠি"
/home/data/raw/bengali/audio/bn_02235.wav,"আজকের তাজা খবর কি"
/home/data/raw/bengali/audio/bn_02236.wav,"তিনি তার পড়াশোনা শেষ করেছেন"
/home/data/raw/bengali/audio/bn_02237.wav,"আপনার কি কোন প্রশ্ন আছে"
/home/data/raw/bengali/audio/bn_02238.wav,"এটি একটি খুব সুন্দর জায়গা"
/home/data/raw/bengali/audio/bn_02239.wav,"আমাদের সকলের পরিবেশ রক্ষা করা উচিত"
/home/data/raw/bengali/audio/bn_02240.wav,"সে খুব পরিশ্রমী ছেলে"
/home/data/raw/bengali/audio/bn_02241.wav,"আমার এক গ্লাস জল দরকার"
/home/data/raw/bengali/audio/bn_02242.wav,"ডিজিটাল ইন্ডিয়া একটি গুরুত্বপূর্ণ উদ্যোগ"
/home/data/raw/bengali/audio/bn_02243.wav,"খেলাধুলা শিশুদের জন্য ভালো"
/home/data/raw/bengali/audio/bn_02244.wav,"আমি আপনার সাথে একমত"
/home/data/raw/bengali/audio/bn_02245.wav,"সময় খুব মূল্যবান"
/home/data/raw/bengali/audio/bn_02246.wav,"ভারত একটি বৈচিত্র্যময় দেশ"
/home/data/raw/bengali/audio/bn_02247.wav,"দয়া করে এখানে সই করুন"
/home/data/raw/bengali/audio/bn_02248.wav,"এটা আমার বোঝার বাইরে"
/home/data/raw/bengali/audio/bn_02249.wav,"তিনি একটি নতুন রেকর্ড করেছেন"
/home/data/raw/bengali/audio/bn_02250.wav,"শুভেচ্ছা"
/home/data/raw/bengali/audio/bn_02251.wav,"হ্যালো আজ আবহাওয়া খুব ভালো"
/home/data/raw/bengali/audio/bn_02252.wav,"ভারতের রাজধানী নতুন দিল্লি"
/home/data/raw/bengali/audio/bn_02253.wav,"আপনি কি আমাকে সাহায্য করতে পারেন"
/home/data/raw/bengali/audio/bn_02254.wav,"এটি একটি পরীক্ষা"
/home/data/raw/bengali/audio/bn_02255.wav,"দয়া করে ধীরে বলুন আমি বুঝতে পারছি না"
/home/data/raw/bengali/audio/bn_02256.wav,"আপনার নাম কি"
/home/data/raw/bengali/audio/bn_02257.wav,"আমি কাল বাজারে যাব"
/home/data/raw/bengali/audio/bn_02258.wav,"আমাদের সত্য কথা বলা উচিত"
/home/data/raw/bengali/audio/bn_02259.wav,"এই ট্রেনটি কখন ছাড়বে"
/home/data/raw/bengali/audio/bn_02260.wav,"সূর্য পূর্ব দিকে ওঠে"
/home/data/raw/bengali/audio/bn_02261.wav,"আপনি কেমন আছেন"
/home/data/raw/bengali/audio/bn_02262.wav,"বিজ্ঞানীরা একটি নতুন আবিষ্কার করেছেন"
/home/data/raw/bengali/audio/bn_02263.wav,"আমি বাংলা বলতে খুব ভালোবাসি"
/home/data/raw/bengali/audio/bn_02264.wav,"শিক্ষাই সাফল্যের চাবিকাঠি"
/home/data/raw/bengali/audio/bn_02265.wav,"আজকের তাজা খবর কি"
/home/data/raw/bengali/audio/bn_02266.wav,"তিনি তার পড়াশোনা শেষ করেছেন"
/home/data/raw/bengali/audio/bn_02267.wav,"আপনার কি কোন প্রশ্ন আছে"
/home/data/raw/bengali/audio/bn_02268.wav,"এটি একটি খুব সুন্দর জায়গা"
/home/data/raw/bengali/audio/bn_02269.wav,"আমাদের সকলের পরিবেশ রক্ষা করা উচিত"
/home/data/raw/bengali/audio/bn_02270.wav,"সে খুব পরিশ্রমী ছেলে"
/home/data/raw/bengali/audio/bn_02271.wav,"আমার এক গ্লাস জল দরকার"
/home/data/raw/bengali/audio/bn_02272.wav,"ডিজিটাল ইন্ডিয়া একটি গুরুত্বপূর্ণ উদ্যোগ"
/home/data/raw/bengali/audio/bn_02273.wav,"খেলাধুলা শিশুদের জন্য ভালো"
/home/data/raw/bengali/audio/bn_02274.wav,"আমি আপনার সাথে একমত"
/home/data/raw/bengali/audio/bn_02275.wav,"সময় খুব মূল্যবান"
/home/data/raw/bengali/audio/bn_02276.wav,"ভারত একটি বৈচিত্র্যময় দেশ"
/home/data/raw/bengali/audio/bn_02277.wav,"দয়া করে এখানে সই করুন"
/home/data/raw/bengali/audio/bn_02278.wav,"এটা আমার বোঝার বাইরে"
/home/data/raw/bengali/audio/bn_02279.wav,"তিনি একটি নতুন রেকর্ড করেছেন"
/home/data/raw/bengali/audio/bn_02280.wav,"শুভেচ্ছা"
/home/data/raw/bengali/audio/bn_02281.wav,"হ্যালো আজ আবহাওয়া খুব ভালো"
/home/data/raw/bengali/audio/bn_02282.wav,"ভারতের রাজধানী নতুন দিল্লি"
/home/data/raw/bengali/audio/bn_02283.wav,"আপনি কি আমাকে সাহায্য করতে পারেন"
/home/data/raw/bengali/audio/bn_02284.wav,"এটি একটি পরীক্ষা"
/home/data/raw/bengali/audio/bn_02285.wav,"দয়া করে ধীরে বলুন আমি বুঝতে পারছি না"
/home/data/raw/bengali/audio/bn_02286.wav,"আপনার নাম কি"
/home/data/raw/bengali/audio/bn_02287.wav,"আমি কাল বাজারে যাব"
/home/data/raw/bengali/audio/bn_02288.wav,"আমাদের সত্য কথা বলা উচিত"
/home/data/raw/bengali/audio/bn_02289.wav,"এই ট্রেনটি কখন ছাড়বে"
/home/data/raw/bengali/audio/bn_02290.wav,"সূর্য পূর্ব দিকে ওঠে"
/home/data/raw/bengali/audio/bn_02291.wav,"আপনি কেমন আছেন"
/home/data/raw/bengali/audio/bn_02292.wav,"বিজ্ঞানীরা একটি নতুন আবিষ্কার করেছেন"
/home/data/raw/bengali/audio/bn_02293.wav,"আমি বাংলা বলতে খুব ভালোবাসি"
/home/data/raw/bengali/audio/bn_02294.wav,"শিক্ষাই সাফল্যের চাবিকাঠি"
/home/data/raw/bengali/audio/bn_02295.wav,"আজকের তাজা খবর কি"
/home/data/raw/bengali/audio/bn_02296.wav,"তিনি তার পড়াশোনা শেষ করেছেন"
/home/data/raw/bengali/audio/bn_02297.wav,"আপনার কি কোন প্রশ্ন আছে"
/home/data/raw/bengali/audio/bn_02298.wav,"এটি একটি খুব সুন্দর জায়গা"
/home/data/raw/bengali/audio/bn_02299.wav,"আমাদের সকলের পরিবেশ রক্ষা করা উচিত"
/home/data/raw/bengali/audio/bn_02300.wav,"সে খুব পরিশ্রমী ছেলে"
/home/data/raw/bengali/audio/bn_02301.wav,"আমার এক গ্লাস জল দরকার"
/home/data/raw/bengali/audio/bn_02302.wav,"ডিজিটাল ইন্ডিয়া একটি গুরুত্বপূর্ণ উদ্যোগ"
/home/data/raw/bengali/audio/bn_02303.wav,"খেলাধুলা শিশুদের জন্য ভালো"
/home/data/raw/bengali/audio/bn_02304.wav,"আমি আপনার সাথে একমত"
/home/data/raw/bengali/audio/bn_02305.wav,"সময় খুব মূল্যবান"
/home/data/raw/bengali/audio/bn_02306.wav,"ভারত একটি বৈচিত্র্যময় দেশ"
/home/data/raw/bengali/audio/bn_02307.wav,"দয়া করে এখানে সই করুন"
/home/data/raw/bengali/audio/bn_02308.wav,"এটা আমার বোঝার বাইরে"
/home/data/raw/bengali/audio/bn_02309.wav,"তিনি একটি নতুন রেকর্ড করেছেন"
/home/data/raw/bengali/audio/bn_02310.wav,"শুভেচ্ছা"
/home/data/raw/bengali/audio/bn_02311.wav,"হ্যালো আজ আবহাওয়া খুব ভালো"
/home/data/raw/bengali/audio/bn_02312.wav,"ভারতের রাজধানী নতুন দিল্লি"
/home/data/raw/bengali/audio/bn_02313.wav,"আপনি কি আমাকে সাহায্য করতে পারেন"
/home/data/raw/bengali/audio/bn_02314.wav,"এটি একটি পরীক্ষা"
/home/data/raw/bengali/audio/bn_02315.wav,"দয়া করে ধীরে বলুন আমি বুঝতে পারছি না"
/home/data/raw/bengali/audio/bn_02316.wav,"আপনার নাম কি"
/home/data/raw/bengali/audio/bn_02317.wav,"আমি কাল বাজারে যাব"
/home/data/raw/bengali/audio/bn_02318.wav,"আমাদের সত্য কথা বলা উচিত"
/home/data/raw/bengali/audio/bn_02319.wav,"এই ট্রেনটি কখন ছাড়বে"
/home/data/raw/bengali/audio/bn_02320.wav,"সূর্য পূর্ব দিকে ওঠে"
/home/data/raw/bengali/audio/bn_02321.wav,"আপনি কেমন আছেন"
/home/data/raw/bengali/audio/bn_02322.wav,"বিজ্ঞানীরা একটি নতুন আবিষ্কার করেছেন"
/home/data/raw/bengali/audio/bn_02323.wav,"আমি বাংলা বলতে খুব ভালোবাসি"
/home/data/raw/bengali/audio/bn_02324.wav,"শিক্ষাই সাফল্যের চাবিকাঠি"
/home/data/raw/bengali/audio/bn_02325.wav,"আজকের তাজা খবর কি"
/home/data/raw/bengali/audio/bn_02326.wav,"তিনি তার পড়াশোনা শেষ করেছেন"
/home/data/raw/bengali/audio/bn_02327.wav,"আপনার কি কোন প্রশ্ন আছে"
/home/data/raw/bengali/audio/bn_02328.wav,"এটি একটি খুব সুন্দর জায়গা"
/home/data/raw/bengali/audio/bn_02329.wav,"আমাদের সকলের পরিবেশ রক্ষা করা উচিত"
/home/data/raw/bengali/audio/bn_02330.wav,"সে খুব পরিশ্রমী ছেলে"
/home/data/raw/bengali/audio/bn_02331.wav,"আমার এক গ্লাস জল দরকার"
/home/data/raw/bengali/audio/bn_02332.wav,"ডিজিটাল ইন্ডিয়া একটি গুরুত্বপূর্ণ উদ্যোগ"
/home/data/raw/bengali/audio/bn_02333.wav,"খেলাধুলা শিশুদের জন্য ভালো"
/home/data/raw/bengali/audio/bn_02334.wav,"আমি আপনার সাথে একমত"
/home/data/raw/bengali/audio/bn_02335.wav,"সময় খুব মূল্যবান"
/home/data/raw/bengali/audio/bn_02336.wav,"ভারত একটি বৈচিত্র্যময় দেশ"
/home/data/raw/bengali/audio/bn_02337.wav,"দয়া করে এখানে সই করুন"
/home/data/raw/bengali/audio/bn_02338.wav,"এটা আমার বোঝার বাইরে"
/home/data/raw/bengali/audio/bn_02339.wav,"তিনি একটি নতুন রেকর্ড করেছেন"
/home/data/raw/bengali/audio/bn_02340.wav,"শুভেচ্ছা"
/home/data/raw/bengali/audio/bn_02341.wav,"হ্যালো আজ আবহাওয়া খুব ভালো"
/home/data/raw/bengali/audio/bn_02342.wav,"ভারতের রাজধানী নতুন দিল্লি"
/home/data/raw/bengali/audio/bn_02343.wav,"আপনি কি আমাকে সাহায্য করতে পারেন"
/home/data/raw/bengali/audio/bn_02344.wav,"এটি একটি পরীক্ষা"
/home/data/raw/bengali/audio/bn_02345.wav,"দয়া করে ধীরে বলুন আমি বুঝতে পারছি না"
/home/data/raw/bengali/audio/bn_02346.wav,"আপনার নাম কি"
/home/data/raw/bengali/audio/bn_02347.wav,"আমি কাল বাজারে যাব"
/home/data/raw/bengali/audio/bn_02348.wav,"আমাদের সত্য কথা বলা উচিত"
/home/data/raw/bengali/audio/bn_02349.wav,"এই ট্রেনটি কখন ছাড়বে"
/home/data/raw/bengali/audio/bn_02350.wav,"সূর্য পূর্ব দিকে ওঠে"
/home/data/raw/bengali/audio/bn_02351.wav,"আপনি কেমন আছেন"
/home/data/raw/bengali/audio/bn_02352.wav,"বিজ্ঞানীরা একটি নতুন আবিষ্কার করেছেন"
/home/data/raw/bengali/audio/bn_02353.wav,"আমি বাংলা বলতে খুব ভালোবাসি"
/home/data/raw/bengali/audio/bn_02354.wav,"শিক্ষাই সাফল্যের চাবিকাঠি"
/home/data/raw/bengali/audio/bn_02355.wav,"আজকের তাজা খবর কি"
/home/data/raw/bengali/audio/bn_02356.wav,"তিনি তার পড়াশোনা শেষ করেছেন"
/home/data/raw/bengali/audio/bn_02357.wav,"আপনার কি কোন প্রশ্ন আছে"
/home/data/raw/bengali/audio/bn_02358.wav,"এটি একটি খুব সুন্দর জায়গা"
/home/data/raw/bengali/audio/bn_02359.wav,"আমাদের সকলের পরিবেশ রক্ষা করা উচিত"
/home/data/raw/bengali/audio/bn_02360.wav,"সে খুব পরিশ্রমী ছেলে"
/home/data/raw/bengali/audio/bn_02361.wav,"আমার এক গ্লাস জল দরকার"
/home/data/raw/bengali/audio/bn_02362.wav,"ডিজিটাল ইন্ডিয়া একটি গুরুত্বপূর্ণ উদ্যোগ"
/home/data/raw/bengali/audio/bn_02363.wav,"খেলাধুলা শিশুদের জন্য ভালো"
/home/data/raw/bengali/audio/bn_02364.wav,"আমি আপনার সাথে একমত"
/home/data/raw/bengali/audio/bn_02365.wav,"সময় খুব মূল্যবান"
/home/data/raw/bengali/audio/bn_02366.wav,"ভারত একটি বৈচিত্র্যময় দেশ"
/home/data/raw/bengali/audio/bn_02367.wav,"দয়া করে এখানে সই করুন"
/home/data/raw/bengali/audio/bn_02368.wav,"এটা আমার বোঝার বাইরে"
/home/data/raw/bengali/audio/bn_02369.wav,"তিনি একটি নতুন রেকর্ড করেছেন"
/home/data/raw/bengali/audio/bn_02370.wav,"শুভেচ্ছা"
/home/data/raw/bengali/audio/bn_02371.wav,"হ্যালো আজ আবহাওয়া খুব ভালো"
/home/data/raw/bengali/audio/bn_02372.wav,"ভারতের রাজধানী নতুন দিল্লি"
/home/data/raw/bengali/audio/bn_02373.wav,"আপনি কি আমাকে সাহায্য করতে পারেন"
/home/data/raw/bengali/audio/bn_02374.wav,"এটি একটি পরীক্ষা"
/home/data/raw/bengali/audio/bn_02375.wav,"দয়া করে ধীরে বলুন আমি বুঝতে পারছি না"
/home/data/raw/bengali/audio/bn_02376.wav,"আপনার নাম কি"
/home/data/raw/bengali/audio/bn_02377.wav,"আমি কাল বাজারে যাব"
/home/data/raw/bengali/audio/bn_02378.wav,"আমাদের সত্য কথা বলা উচিত"
/home/data/raw/bengali/audio/bn_02379.wav,"এই ট্রেনটি কখন ছাড়বে"
/home/data/raw/bengali/audio/bn_02380.wav,"সূর্য পূর্ব দিকে ওঠে"
/home/data/raw/bengali/audio/bn_02381.wav,"আপনি কেমন আছেন"
/home/data/raw/bengali/audio/bn_02382.wav,"বিজ্ঞানীরা একটি নতুন আবিষ্কার করেছেন"
/home/data/raw/bengali/audio/bn_02383.wav,"আমি বাংলা বলতে খুব ভালোবাসি"
/home/data/raw/bengali/audio/bn_02384.wav,"শিক্ষাই সাফল্যের চাবিকাঠি"
/home/data/raw/bengali/audio/bn_02385.wav,"আজকের তাজা খবর কি"
/home/data/raw/bengali/audio/bn_02386.wav,"তিনি তার পড়াশোনা শেষ করেছেন"
/home/data/raw/bengali/audio/bn_02387.wav,"আপনার কি কোন প্রশ্ন আছে"
/home/data/raw/bengali/audio/bn_02388.wav,"এটি একটি খুব সুন্দর জায়গা"
/home/data/raw/bengali/audio/bn_02389.wav,"আমাদের সকলের পরিবেশ রক্ষা করা উচিত"
/home/data/raw/bengali/audio/bn_02390.wav,"সে খুব পরিশ্রমী ছেলে"
/home/data/raw/bengali/audio/bn_02391.wav,"আমার এক গ্লাস জল দরকার"
/home/data/raw/bengali/audio/bn_02392.wav,"ডিজিটাল ইন্ডিয়া একটি গুরুত্বপূর্ণ উদ্যোগ"
/home/data/raw/bengali/audio/bn_02393.wav,"খেলাধুলা শিশুদের জন্য ভালো"
/home/data/raw/bengali/audio/bn_02394.wav,"আমি আপনার সাথে একমত"
/home/data/raw/bengali/audio/bn_02395.wav,"সময় খুব মূল্যবান"
/home/data/raw/bengali/audio/bn_02396.wav,"ভারত একটি বৈচিত্র্যময় দেশ"
/home/data/raw/bengali/audio/bn_02397.wav,"দয়া করে এখানে সই করুন"
/home/data/raw/bengali/audio/bn_02398.wav,"এটা আমার বোঝার বাইরে"
/home/data/raw/bengali/audio/bn_02399.wav,"তিনি একটি নতুন রেকর্ড করেছেন"
/home/data/raw/bengali/audio/bn_02400.wav,"শুভেচ্ছা"
/home/data/raw/bengali/audio/bn_02401.wav,"হ্যালো আজ আবহাওয়া খুব ভালো"
/home/data/raw/bengali/audio/bn_02402.wav,"ভারতের রাজধানী নতুন দিল্লি"
/home/data/raw/bengali/audio/bn_02403.wav,"আপনি কি আমাকে সাহায্য করতে পারেন"
/home/data/raw/bengali/audio/bn_02404.wav,"এটি একটি পরীক্ষা"
/home/data/raw/bengali/audio/bn_02405.wav,"দয়া করে ধীরে বলুন আমি বুঝতে পারছি না"
/home/data/raw/bengali/audio/bn_02406.wav,"আপনার নাম কি"
/home/data/raw/bengali/audio/bn_02407.wav,"আমি কাল বাজারে যাব"
/home/data/raw/bengali/audio/bn_02408.wav,"আমাদের সত্য কথা বলা উচিত"
/home/data/raw/bengali/audio/bn_02409.wav,"এই ট্রেনটি কখন ছাড়বে"
/home/data/raw/bengali/audio/bn_02410.wav,"সূর্য পূর্ব দিকে ওঠে"
/home/data/raw/bengali/audio/bn_02411.wav,"আপনি কেমন আছেন"
/home/data/raw/bengali/audio/bn_02412.wav,"বিজ্ঞানীরা একটি নতুন আবিষ্কার করেছেন"
/home/data/raw/bengali/audio/bn_02413.wav,"আমি বাংলা বলতে খুব ভালোবাসি"
/home/data/raw/bengali/audio/bn_02414.wav,"শিক্ষাই সাফল্যের চাবিকাঠি"
/home/data/raw/bengali/audio/bn_02415.wav,"আজকের তাজা খবর কি"
/home/data/raw/bengali/audio/bn_02416.wav,"তিনি তার পড়াশোনা শেষ করেছেন"
/home/data/raw/bengali/audio/bn_02417.wav,"আপনার কি কোন প্রশ্ন আছে"
/home/data/raw/bengali/audio/bn_02418.wav,"এটি একটি খুব সুন্দর জায়গা"
/home/data/raw/bengali/audio/bn_02419.wav,"আমাদের সকলের পরিবেশ রক্ষা করা উচিত"
/home/data/raw/bengali/audio/bn_02420.wav,"সে খুব পরিশ্রমী ছেলে"
/home/data/raw/bengali/audio/bn_02421.wav,"আমার এক গ্লাস জল দরকার"
/home/data/raw/bengali/audio/bn_02422.wav,"ডিজিটাল ইন্ডিয়া একটি গুরুত্বপূর্ণ উদ্যোগ"
/home/data/raw/bengali/audio/bn_02423.wav,"খেলাধুলা শিশুদের জন্য ভালো"
/home/data/raw/bengali/audio/bn_02424.wav,"আমি আপনার সাথে একমত"
/home/data/raw/bengali/audio/bn_02425.wav,"সময় খুব মূল্যবান"
/home/data/raw/bengali/audio/bn_02426.wav,"ভারত একটি বৈচিত্র্যময় দেশ"
/home/data/raw/bengali/audio/bn_02427.wav,"দয়া করে এখানে সই করুন"
/home/data/raw/bengali/audio/bn_02428.wav,"এটা আমার বোঝার বাইরে"
/home/data/raw/bengali/audio/bn_02429.wav,"তিনি একটি নতুন রেকর্ড করেছেন"
/home/data/raw/bengali/audio/bn_02430.wav,"শুভেচ্ছা"
/home/data/raw/bengali/audio/bn_02431.wav,"হ্যালো আজ আবহাওয়া খুব ভালো"
/home/data/raw/bengali/audio/bn_02432.wav,"ভারতের রাজধানী নতুন দিল্লি"
/home/data/raw/bengali/audio/bn_02433.wav,"আপনি কি আমাকে সাহায্য করতে পারেন"
/home/data/raw/bengali/audio/bn_02434.wav,"এটি একটি পরীক্ষা"
/home/data/raw/bengali/audio/bn_02435.wav,"দয়া করে ধীরে বলুন আমি বুঝতে পারছি না"
/home/data/raw/bengali/audio/bn_02436.wav,"আপনার নাম কি"
/home/data/raw/bengali/audio/bn_02437.wav,"আমি কাল বাজারে যাব"
/home/data/raw/bengali/audio/bn_02438.wav,"আমাদের সত্য কথা বলা উচিত"
/home/data/raw/bengali/audio/bn_02439.wav,"এই ট্রেনটি কখন ছাড়বে"
/home/data/raw/bengali/audio/bn_02440.wav,"সূর্য পূর্ব দিকে ওঠে"
/home/data/raw/bengali/audio/bn_02441.wav,"আপনি কেমন আছেন"
/home/data/raw/bengali/audio/bn_02442.wav,"বিজ্ঞানীরা একটি নতুন আবিষ্কার করেছেন"
/home/data/raw/bengali/audio/bn_02443.wav,"আমি বাংলা বলতে খুব ভালোবাসি"
/home/data/raw/bengali/audio/bn_02444.wav,"শিক্ষাই সাফল্যের চাবিকাঠি"
/home/data/raw/bengali/audio/bn_02445.wav,"আজকের তাজা খবর কি"
/home/data/raw/bengali/audio/bn_02446.wav,"তিনি তার পড়াশোনা শেষ করেছেন"
/home/data/raw/bengali/audio/bn_02447.wav,"আপনার কি কোন প্রশ্ন আছে"
/home/data/raw/bengali/audio/bn_02448.wav,"এটি একটি খুব সুন্দর জায়গা"
/home/data/raw/bengali/audio/bn_02449.wav,"আমাদের সকলের পরিবেশ রক্ষা করা উচিত"
/home/data/raw/bengali/audio/bn_02450.wav,"সে খুব পরিশ্রমী ছেলে"
/home/data/raw/bengali/audio/bn_02451.wav,"আমার এক গ্লাস জল দরকার"
/home/data/raw/bengali/audio/bn_02452.wav,"ডিজিটাল ইন্ডিয়া একটি গুরুত্বপূর্ণ উদ্যোগ"
/home/data/raw/bengali/audio/bn_02453.wav,"খেলাধুলা শিশুদের জন্য ভালো"
/home/data/raw/bengali/audio/bn_02454.wav,"আমি আপনার সাথে একমত"
/home/data/raw/bengali/audio/bn_02455.wav,"সময় খুব মূল্যবান"
/home/data/raw/bengali/audio/bn_02456.wav,"ভারত একটি বৈচিত্র্যময় দেশ"
/home/data/raw/bengali/audio/bn_02457.wav,"দয়া করে এখানে সই করুন"
/home/data/raw/bengali/audio/bn_02458.wav,"এটা আমার বোঝার বাইরে"
/home/data/raw/bengali/audio/bn_02459.wav,"তিনি একটি নতুন রেকর্ড করেছেন"
/home/data/raw/bengali/audio/bn_02460.wav,"শুভেচ্ছা"
/home/data/raw/bengali/audio/bn_02461.wav,"হ্যালো আজ আবহাওয়া খুব ভালো"
/home/data/raw/bengali/audio/bn_02462.wav,"ভারতের রাজধানী নতুন দিল্লি"
/home/data/raw/bengali/audio/bn_02463.wav,"আপনি কি আমাকে সাহায্য করতে পারেন"
/home/data/raw/bengali/audio/bn_02464.wav,"এটি একটি পরীক্ষা"
/home/data/raw/bengali/audio/bn_02465.wav,"দয়া করে ধীরে বলুন আমি বুঝতে পারছি না"
/home/data/raw/bengali/audio/bn_02466.wav,"আপনার নাম কি"
/home/data/raw/bengali/audio/bn_02467.wav,"আমি কাল বাজারে যাব"
/home/data/raw/bengali/audio/bn_02468.wav,"আমাদের সত্য কথা বলা উচিত"
/home/data/raw/bengali/audio/bn_02469.wav,"এই ট্রেনটি কখন ছাড়বে"
/home/data/raw/bengali/audio/bn_02470.wav,"সূর্য পূর্ব দিকে ওঠে"
/home/data/raw/bengali/audio/bn_02471.wav,"আপনি কেমন আছেন"
/home/data/raw/bengali/audio/bn_02472.wav,"বিজ্ঞানীরা একটি নতুন আবিষ্কার করেছেন"
/home/data/raw/bengali/audio/bn_02473.wav,"আমি বাংলা বলতে খুব ভালোবাসি"
/home/data/raw/bengali/audio/bn_02474.wav,"শিক্ষাই সাফল্যের চাবিকাঠি"
/home/data/raw/bengali/audio/bn_02475.wav,"আজকের তাজা খবর কি"
/home/data/raw/bengali/audio/bn_02476.wav,"তিনি তার পড়াশোনা শেষ করেছেন"
/home/data/raw/bengali/audio/bn_02477.wav,"আপনার কি কোন প্রশ্ন আছে"
/home/data/raw/bengali/audio/bn_02478.wav,"এটি একটি খুব সুন্দর জায়গা"
/home/data/raw/bengali/audio/bn_02479.wav,"আমাদের সকলের পরিবেশ রক্ষা করা উচিত"
/home/data/raw/bengali/audio/bn_02480.wav,"সে খুব পরিশ্রমী ছেলে"
/home/data/raw/bengali/audio/bn_02481.wav,"আমার এক গ্লাস জল দরকার"
/home/data/raw/bengali/audio/bn_02482.wav,"ডিজিটাল ইন্ডিয়া একটি গুরুত্বপূর্ণ উদ্যোগ"
/home/data/raw/bengali/audio/bn_02483.wav,"খেলাধুলা শিশুদের জন্য ভালো"
/home/data/raw/bengali/audio/bn_02484.wav,"আমি আপনার সাথে একমত"
/home/data/raw/bengali/audio/bn_02485.wav,"সময় খুব মূল্যবান"
/home/data/raw/bengali/audio/bn_02486.wav,"ভারত একটি বৈচিত্র্যময় দেশ"
/home/data/raw/bengali/audio/bn_02487.wav,"দয়া করে এখানে সই করুন"
/home/data/raw/bengali/audio/bn_02488.wav,"এটা আমার বোঝার বাইরে"
/home/data/raw/bengali/audio/bn_02489.wav,"তিনি একটি নতুন রেকর্ড করেছেন"
/home/data/raw/bengali/audio/bn_02490.wav,"শুভেচ্ছা"
/home/data/raw/bengali/audio/bn_02491.wav,"হ্যালো আজ আবহাওয়া খুব ভালো"
/home/data/raw/bengali/audio/bn_02492.wav,"ভারতের রাজধানী নতুন দিল্লি"
/home/data/raw/bengali/audio/bn_02493.wav,"আপনি কি আমাকে সাহায্য করতে পারেন"
/home/data/raw/bengali/audio/bn_02494.wav,"এটি একটি পরীক্ষা"
/home/data/raw/bengali/audio/bn_02495.wav,"দয়া করে ধীরে বলুন আমি বুঝতে পারছি না"
/home/data/raw/bengali/audio/bn_02496.wav,"আপনার নাম কি"
/home/data/raw/bengali/audio/bn_02497.wav,"আমি কাল বাজারে যাব"
/home/data/raw/bengali/audio/bn_02498.wav,"আমাদের সত্য কথা বলা উচিত"
/home/data/raw/bengali/audio/bn_02499.wav,"এই ট্রেনটি কখন ছাড়বে"
/home/data/raw/bengali/audio/bn_02500.wav,"সূর্য পূর্ব দিকে ওঠে"
/home/data/raw/bengali/audio/bn_02501.wav,"আপনি কেমন আছেন"
/home/data/raw/bengali/audio/bn_02502.wav,"বিজ্ঞানীরা একটি নতুন আবিষ্কার করেছেন"
/home/data/raw/bengali/audio/bn_02503.wav,"আমি বাংলা বলতে খুব ভালোবাসি"
/home/data/raw/bengali/audio/bn_02504.wav,"শিক্ষাই সাফল্যের চাবিকাঠি"
/home/data/raw/bengali/audio/bn_02505.wav,"আজকের তাজা খবর কি"
/home/data/raw/bengali/audio/bn_02506.wav,"তিনি তার পড়াশোনা শেষ করেছেন"
/home/data/raw/bengali/audio/bn_02507.wav,"আপনার কি কোন প্রশ্ন আছে"
/home/data/raw/bengali/audio/bn_02508.wav,"এটি একটি খুব সুন্দর জায়গা"
/home/data/raw/bengali/audio/bn_02509.wav,"আমাদের সকলের পরিবেশ রক্ষা করা উচিত"
/home/data/raw/bengali/audio/bn_02510.wav,"সে খুব পরিশ্রমী ছেলে"
/home/data/raw/bengali/audio/bn_02511.wav,"আমার এক গ্লাস জল দরকার"
/home/data/raw/bengali/audio/bn_02512.wav,"ডিজিটাল ইন্ডিয়া একটি গুরুত্বপূর্ণ উদ্যোগ"
/home/data/raw/bengali/audio/bn_02513.wav,"খেলাধুলা শিশুদের জন্য ভালো"
/home/data/raw/bengali/audio/bn_02514.wav,"আমি আপনার সাথে একমত"
/home/data/raw/bengali/audio/bn_02515.wav,"সময় খুব মূল্যবান"
/home/data/raw/bengali/audio/bn_02516.wav,"ভারত একটি বৈচিত্র্যময় দেশ"
/home/data/raw/bengali/audio/bn_02517.wav,"দয়া করে এখানে সই করুন"
/home/data/raw/bengali/audio/bn_02518.wav,"এটা আমার বোঝার বাইরে"
/home/data/raw/bengali/audio/bn_02519.wav,"তিনি একটি নতুন রেকর্ড করেছেন"
/home/data/raw/bengali/audio/bn_02520.wav,"শুভেচ্ছা"
/home/data/raw/bengali/audio/bn_02521.wav,"হ্যালো আজ আবহাওয়া খুব ভালো"
/home/data/raw/bengali/audio/bn_02522.wav,"ভারতের রাজধানী নতুন দিল্লি"
/home/data/raw/bengali/audio/bn_02523.wav,"আপনি কি আমাকে সাহায্য করতে পারেন"
/home/data/raw/bengali/audio/bn_02524.wav,"এটি একটি পরীক্ষা"
/home/data/raw/bengali/audio/bn_02525.wav,"দয়া করে ধীরে বলুন আমি বুঝতে পারছি না"
/home/data/raw/bengali/audio/bn_02526.wav,"আপনার নাম কি"
/home/data/raw/bengali/audio/bn_02527.wav,"আমি কাল বাজারে যাব"
/home/data/raw/bengali/audio/bn_02528.wav,"আমাদের সত্য কথা বলা উচিত"
/home/data/raw/bengali/audio/bn_02529.wav,"এই ট্রেনটি কখন ছাড়বে"
/home/data/raw/bengali/audio/bn_02530.wav,"সূর্য পূর্ব দিকে ওঠে"
/home/data/raw/bengali/audio/bn_02531.wav,"আপনি কেমন আছেন"
/home/data/raw/bengali/audio/bn_02532.wav,"বিজ্ঞানীরা একটি নতুন আবিষ্কার করেছেন"
/home/data/raw/bengali/audio/bn_02533.wav,"আমি বাংলা বলতে খুব ভালোবাসি"
/home/data/raw/bengali/audio/bn_02534.wav,"শিক্ষাই সাফল্যের চাবিকাঠি"
/home/data/raw/bengali/audio/bn_02535.wav,"আজকের তাজা খবর কি"
/home/data/raw/bengali/audio/bn_02536.wav,"তিনি তার পড়াশোনা শেষ করেছেন"
/home/data/raw/bengali/audio/bn_02537.wav,"আপনার কি কোন প্রশ্ন আছে"
/home/data/raw/bengali/audio/bn_02538.wav,"এটি একটি খুব সুন্দর জায়গা"
/home/data/raw/bengali/audio/bn_02539.wav,"আমাদের সকলের পরিবেশ রক্ষা করা উচিত"
/home/data/raw/bengali/audio/bn_02540.wav,"সে খুব পরিশ্রমী ছেলে"
/home/data/raw/bengali/audio/bn_02541.wav,"আমার এক গ্লাস জল দরকার"
/home/data/raw/bengali/audio/bn_02542.wav,"ডিজিটাল ইন্ডিয়া একটি গুরুত্বপূর্ণ উদ্যোগ"
/home/data/raw/bengali/audio/bn_02543.wav,"খেলাধুলা শিশুদের জন্য ভালো"
/home/data/raw/bengali/audio/bn_02544.wav,"আমি আপনার সাথে একমত"
/home/data/raw/bengali/audio/bn_02545.wav,"সময় খুব মূল্যবান"
/home/data/raw/bengali/audio/bn_02546.wav,"ভারত একটি বৈচিত্র্যময় দেশ"
/home/data/raw/bengali/audio/bn_02547.wav,"দয়া করে এখানে সই করুন"
/home/data/raw/bengali/audio/bn_02548.wav,"এটা আমার বোঝার বাইরে"
/home/data/raw/bengali/audio/bn_02549.wav,"তিনি একটি নতুন রেকর্ড করেছেন"
/home/data/raw/bengali/audio/bn_02550.wav,"শুভেচ্ছা"
/home/data/raw/bengali/audio/bn_02551.wav,"হ্যালো আজ আবহাওয়া খুব ভালো"
/home/data/raw/bengali/audio/bn_02552.wav,"ভারতের রাজধানী নতুন দিল্লি"
/home/data/raw/bengali/audio/bn_02553.wav,"আপনি কি আমাকে সাহায্য করতে পারেন"
/home/data/raw/bengali/audio/bn_02554.wav,"এটি একটি পরীক্ষা"
/home/data/raw/bengali/audio/bn_02555.wav,"দয়া করে ধীরে বলুন আমি বুঝতে পারছি না"
/home/data/raw/bengali/audio/bn_02556.wav,"আপনার নাম কি"
/home/data/raw/bengali/audio/bn_02557.wav,"আমি কাল বাজারে যাব"
/home/data/raw/bengali/audio/bn_02558.wav,"আমাদের সত্য কথা বলা উচিত"
/home/data/raw/bengali/audio/bn_02559.wav,"এই ট্রেনটি কখন ছাড়বে"
/home/data/raw/bengali/audio/bn_02560.wav,"সূর্য পূর্ব দিকে ওঠে"
/home/data/raw/bengali/audio/bn_02561.wav,"আপনি কেমন আছেন"
/home/data/raw/bengali/audio/bn_02562.wav,"বিজ্ঞানীরা একটি নতুন আবিষ্কার করেছেন"
/home/data/raw/bengali/audio/bn_02563.wav,"আমি বাংলা বলতে খুব ভালোবাসি"
/home/data/raw/bengali/audio/bn_02564.wav,"শিক্ষাই সাফল্যের চাবিকাঠি"
/home/data/raw/bengali/audio/bn_02565.wav,"আজকের তাজা খবর কি"
/home/data/raw/bengali/audio/bn_02566.wav,"তিনি তার পড়াশোনা শেষ করেছেন"
/home/data/raw/bengali/audio/bn_02567.wav,"আপনার কি কোন প্রশ্ন আছে"
/home/data/raw/bengali/audio/bn_02568.wav,"এটি একটি খুব সুন্দর জায়গা"
/home/data/raw/bengali/audio/bn_02569.wav,"আমাদের সকলের পরিবেশ রক্ষা করা উচিত"
/home/data/raw/bengali/audio/bn_02570.wav,"সে খুব পরিশ্রমী ছেলে"
/home/data/raw/bengali/audio/bn_02571.wav,"আমার এক গ্লাস জল দরকার"
/home/data/raw/bengali/audio/bn_02572.wav,"ডিজিটাল ইন্ডিয়া একটি গুরুত্বপূর্ণ উদ্যোগ"
/home/data/raw/bengali/audio/bn_02573.wav,"খেলাধুলা শিশুদের জন্য ভালো"
/home/data/raw/bengali/audio/bn_02574.wav,"আমি আপনার সাথে একমত"
/home/data/raw/bengali/audio/bn_02575.wav,"সময় খুব মূল্যবান"
/home/data/raw/bengali/audio/bn_02576.wav,"ভারত একটি বৈচিত্র্যময় দেশ"
/home/data/raw/bengali/audio/bn_02577.wav,"দয়া করে এখানে সই করুন"
/home/data/raw/bengali/audio/bn_02578.wav,"এটা আমার বোঝার বাইরে"
/home/data/raw/bengali/audio/bn_02579.wav,"তিনি একটি নতুন রেকর্ড করেছেন"
/home/data/raw/bengali/audio/bn_02580.wav,"শুভেচ্ছা"
/home/data/raw/bengali/audio/bn_02581.wav,"হ্যালো আজ আবহাওয়া খুব ভালো"
/home/data/raw/bengali/audio/bn_02582.wav,"ভারতের রাজধানী নতুন দিল্লি"
/home/data/raw/bengali/audio/bn_02583.wav,"আপনি কি আমাকে সাহায্য করতে পারেন"
/home/data/raw/bengali/audio/bn_02584.wav,"এটি একটি পরীক্ষা"
/home/data/raw/bengali/audio/bn_02585.wav,"দয়া করে ধীরে বলুন আমি বুঝতে পারছি না"
/home/data/raw/bengali/audio/bn_02586.wav,"আপনার নাম কি"
/home/data/raw/bengali/audio/bn_02587.wav,"আমি কাল বাজারে যাব"
/home/data/raw/bengali/audio/bn_02588.wav,"আমাদের সত্য কথা বলা উচিত"
/home/data/raw/bengali/audio/bn_02589.wav,"এই ট্রেনটি কখন ছাড়বে"
/home/data/raw/bengali/audio/bn_02590.wav,"সূর্য পূর্ব দিকে ওঠে"
/home/data/raw/bengali/audio/bn_02591.wav,"আপনি কেমন আছেন"
/home/data/raw/bengali/audio/bn_02592.wav,"বিজ্ঞানীরা একটি নতুন আবিষ্কার করেছেন"
/home/data/raw/bengali/audio/bn_02593.wav,"আমি বাংলা বলতে খুব ভালোবাসি"
/home/data/raw/bengali/audio/bn_02594.wav,"শিক্ষাই সাফল্যের চাবিকাঠি"
/home/data/raw/bengali/audio/bn_02595.wav,"আজকের তাজা খবর কি"
/home/data/raw/bengali/audio/bn_02596.wav,"তিনি তার পড়াশোনা শেষ করেছেন"
/home/data/raw/bengali/audio/bn_02597.wav,"আপনার কি কোন প্রশ্ন আছে"
/home/data/raw/bengali/audio/bn_02598.wav,"এটি একটি খুব সুন্দর জায়গা"
/home/data/raw/bengali/audio/bn_02599.wav,"আমাদের সকলের পরিবেশ রক্ষা করা উচিত"
/home/data/raw/bengali/audio/bn_02600.wav,"সে খুব পরিশ্রমী ছেলে"
/home/data/raw/bengali/audio/bn_02601.wav,"আমার এক গ্লাস জল দরকার"
/home/data/raw/bengali/audio/bn_02602.wav,"ডিজিটাল ইন্ডিয়া একটি গুরুত্বপূর্ণ উদ্যোগ"
/home/data/raw/bengali/audio/bn_02603.wav,"খেলাধুলা শিশুদের জন্য ভালো"
/home/data/raw/bengali/audio/bn_02604.wav,"আমি আপনার সাথে একমত"
/home/data/raw/bengali/audio/bn_02605.wav,"সময় খুব মূল্যবান"
/home/data/raw/bengali/audio/bn_02606.wav,"ভারত একটি বৈচিত্র্যময় দেশ"
/home/data/raw/bengali/audio/bn_02607.wav,"দয়া করে এখানে সই করুন"
/home/data/raw/bengali/audio/bn_02608.wav,"এটা আমার বোঝার বাইরে"
/home/data/raw/bengali/audio/bn_02609.wav,"তিনি একটি নতুন রেকর্ড করেছেন"
/home/data/raw/bengali/audio/bn_02610.wav,"শুভেচ্ছা"
/home/data/raw/bengali/audio/bn_02611.wav,"হ্যালো আজ আবহাওয়া খুব ভালো"
/home/data/raw/bengali/audio/bn_02612.wav,"ভারতের রাজধানী নতুন দিল্লি"
/home/data/raw/bengali/audio/bn_02613.wav,"আপনি কি আমাকে সাহায্য করতে পারেন"
/home/data/raw/bengali/audio/bn_02614.wav,"এটি একটি পরীক্ষা"
/home/data/raw/bengali/audio/bn_02615.wav,"দয়া করে ধীরে বলুন আমি বুঝতে পারছি না"
/home/data/raw/bengali/audio/bn_02616.wav,"আপনার নাম কি"
/home/data/raw/bengali/audio/bn_02617.wav,"আমি কাল বাজারে যাব"
/home/data/raw/bengali/audio/bn_02618.wav,"আমাদের সত্য কথা বলা উচিত"
/home/data/raw/bengali/audio/bn_02619.wav,"এই ট্রেনটি কখন ছাড়বে"
/home/data/raw/bengali/audio/bn_02620.wav,"সূর্য পূর্ব দিকে ওঠে"
/home/data/raw/bengali/audio/bn_02621.wav,"আপনি কেমন আছেন"
/home/data/raw/bengali/audio/bn_02622.wav,"বিজ্ঞানীরা একটি নতুন আবিষ্কার করেছেন"
/home/data/raw/bengali/audio/bn_02623.wav,"আমি বাংলা বলতে খুব ভালোবাসি"
/home/data/raw/bengali/audio/bn_02624.wav,"শিক্ষাই সাফল্যের চাবিকাঠি"
/home/data/raw/bengali/audio/bn_02625.wav,"আজকের তাজা খবর কি"
/home/data/raw/bengali/audio/bn_02626.wav,"তিনি তার পড়াশোনা শেষ করেছেন"
/home/data/raw/bengali/audio/bn_02627.wav,"আপনার কি কোন প্রশ্ন আছে"
/home/data/raw/bengali/audio/bn_02628.wav,"এটি একটি খুব সুন্দর জায়গা"
/home/data/raw/bengali/audio/bn_02629.wav,"আমাদের সকলের পরিবেশ রক্ষা করা উচিত"
/home/data/raw/bengali/audio/bn_02630.wav,"সে খুব পরিশ্রমী ছেলে"
/home/data/raw/bengali/audio/bn_02631.wav,"আমার এক গ্লাস জল দরকার"
/home/data/raw/bengali/audio/bn_02632.wav,"ডিজিটাল ইন্ডিয়া একটি গুরুত্বপূর্ণ উদ্যোগ"
/home/data/raw/bengali/audio/bn_02633.wav,"খেলাধুলা শিশুদের জন্য ভালো"
/home/data/raw/bengali/audio/bn_02634.wav,"আমি আপনার সাথে একমত"
/home/data/raw/bengali/audio/bn_02635.wav,"সময় খুব মূল্যবান"
/home/data/raw/bengali/audio/bn_02636.wav,"ভারত একটি বৈচিত্র্যময় দেশ"
/home/data/raw/bengali/audio/bn_02637.wav,"দয়া করে এখানে সই করুন"
/home/data/raw/bengali/audio/bn_02638.wav,"এটা আমার বোঝার বাইরে"
/home/data/raw/bengali/audio/bn_02639.wav,"তিনি একটি নতুন রেকর্ড করেছেন"
/home/data/raw/bengali/audio/bn_02640.wav,"শুভেচ্ছা"
/home/data/raw/bengali/audio/bn_02641.wav,"হ্যালো আজ আবহাওয়া খুব ভালো"
/home/data/raw/bengali/audio/bn_02642.wav,"ভারতের রাজধানী নতুন দিল্লি"
/home/data/raw/bengali/audio/bn_02643.wav,"আপনি কি আমাকে সাহায্য করতে পারেন"
/home/data/raw/bengali/audio/bn_02644.wav,"এটি একটি পরীক্ষা"
/home/data/raw/bengali/audio/bn_02645.wav,"দয়া করে ধীরে বলুন আমি বুঝতে পারছি না"
/home/data/raw/bengali/audio/bn_02646.wav,"আপনার নাম কি"
/home/data/raw/bengali/audio/bn_02647.wav,"আমি কাল বাজারে যাব"
/home/data/raw/bengali/audio/bn_02648.wav,"আমাদের সত্য কথা বলা উচিত"
/home/data/raw/bengali/audio/bn_02649.wav,"এই ট্রেনটি কখন ছাড়বে"
/home/data/raw/bengali/audio/bn_02650.wav,"সূর্য পূর্ব দিকে ওঠে"
/home/data/raw/bengali/audio/bn_02651.wav,"আপনি কেমন আছেন"
/home/data/raw/bengali/audio/bn_02652.wav,"বিজ্ঞানীরা একটি নতুন আবিষ্কার করেছেন"
/home/data/raw/bengali/audio/bn_02653.wav,"আমি বাংলা বলতে খুব ভালোবাসি"
/home/data/raw/bengali/audio/bn_02654.wav,"শিক্ষাই সাফল্যের চাবিকাঠি"
/home/data/raw/bengali/audio/bn_02655.wav,"আজকের তাজা খবর কি"
/home/data/raw/bengali/audio/bn_02656.wav,"তিনি তার পড়াশোনা শেষ করেছেন"
/home/data/raw/bengali/audio/bn_02657.wav,"আপনার কি কোন প্রশ্ন আছে"
/home/data/raw/bengali/audio/bn_02658.wav,"এটি একটি খুব সুন্দর জায়গা"
/home/data/raw/bengali/audio/bn_02659.wav,"আমাদের সকলের পরিবেশ রক্ষা করা উচিত"
/home/data/raw/bengali/audio/bn_02660.wav,"সে খুব পরিশ্রমী ছেলে"
/home/data/raw/bengali/audio/bn_02661.wav,"আমার এক গ্লাস জল দরকার"
/home/data/raw/bengali/audio/bn_02662.wav,"ডিজিটাল ইন্ডিয়া একটি গুরুত্বপূর্ণ উদ্যোগ"
/home/data/raw/bengali/audio/bn_02663.wav,"খেলাধুলা শিশুদের জন্য ভালো"
/home/data/raw/bengali/audio/bn_02664.wav,"আমি আপনার সাথে একমত"
/home/data/raw/bengali/audio/bn_02665.wav,"সময় খুব মূল্যবান"
/home/data/raw/bengali/audio/bn_02666.wav,"ভারত একটি বৈচিত্র্যময় দেশ"
/home/data/raw/bengali/audio/bn_02667.wav,"দয়া করে এখানে সই করুন"
/home/data/raw/bengali/audio/bn_02668.wav,"এটা আমার বোঝার বাইরে"
/home/data/raw/bengali/audio/bn_02669.wav,"তিনি একটি নতুন রেকর্ড করেছেন"
/home/data/raw/bengali/audio/bn_02670.wav,"শুভেচ্ছা"
/home/data/raw/bengali/audio/bn_02671.wav,"হ্যালো আজ আবহাওয়া খুব ভালো"
/home/data/raw/bengali/audio/bn_02672.wav,"ভারতের রাজধানী নতুন দিল্লি"
/home/data/raw/bengali/audio/bn_02673.wav,"আপনি কি আমাকে সাহায্য করতে পারেন"
/home/data/raw/bengali/audio/bn_02674.wav,"এটি একটি পরীক্ষা"
/home/data/raw/bengali/audio/bn_02675.wav,"দয়া করে ধীরে বলুন আমি বুঝতে পারছি না"
/home/data/raw/bengali/audio/bn_02676.wav,"আপনার নাম কি"
/home/data/raw/bengali/audio/bn_02677.wav,"আমি কাল বাজারে যাব"
/home/data/raw/bengali/audio/bn_02678.wav,"আমাদের সত্য কথা বলা উচিত"
/home/data/raw/bengali/audio/bn_02679.wav,"এই ট্রেনটি কখন ছাড়বে"
/home/data/raw/bengali/audio/bn_02680.wav,"সূর্য পূর্ব দিকে ওঠে"
/home/data/raw/bengali/audio/bn_02681.wav,"আপনি কেমন আছেন"
/home/data/raw/bengali/audio/bn_02682.wav,"বিজ্ঞানীরা একটি নতুন আবিষ্কার করেছেন"
/home/data/raw/bengali/audio/bn_02683.wav,"আমি বাংলা বলতে খুব ভালোবাসি"
/home/data/raw/bengali/audio/bn_02684.wav,"শিক্ষাই সাফল্যের চাবিকাঠি"
/home/data/raw/bengali/audio/bn_02685.wav,"আজকের তাজা খবর কি"
/home/data/raw/bengali/audio/bn_02686.wav,"তিনি তার পড়াশোনা শেষ করেছেন"
/home/data/raw/bengali/audio/bn_02687.wav,"আপনার কি কোন প্রশ্ন আছে"
/home/data/raw/bengali/audio/bn_02688.wav,"এটি একটি খুব সুন্দর জায়গা"
/home/data/raw/bengali/audio/bn_02689.wav,"আমাদের সকলের পরিবেশ রক্ষা করা উচিত"
/home/data/raw/bengali/audio/bn_02690.wav,"সে খুব পরিশ্রমী ছেলে"
/home/data/raw/bengali/audio/bn_02691.wav,"আমার এক গ্লাস জল দরকার"
/home/data/raw/bengali/audio/bn_02692.wav,"ডিজিটাল ইন্ডিয়া একটি গুরুত্বপূর্ণ উদ্যোগ"
/home/data/raw/bengali/audio/bn_02693.wav,"খেলাধুলা শিশুদের জন্য ভালো"
/home/data/raw/bengali/audio/bn_02694.wav,"আমি আপনার সাথে একমত"
/home/data/raw/bengali/audio/bn_02695.wav,"সময় খুব মূল্যবান"
/home/data/raw/bengali/audio/bn_02696.wav,"ভারত একটি বৈচিত্র্যময় দেশ"
/home/data/raw/bengali/audio/bn_02697.wav,"দয়া করে এখানে সই করুন"
/home/data/raw/bengali/audio/bn_02698.wav,"এটা আমার বোঝার বাইরে"
/home/data/raw/bengali/audio/bn_02699.wav,"তিনি একটি নতুন রেকর্ড করেছেন"
/home/data/raw/bengali/audio/bn_02700.wav,"শুভেচ্ছা"
/home/data/raw/bengali/audio/bn_02701.wav,"হ্যালো আজ আবহাওয়া খুব ভালো"
/home/data/raw/bengali/audio/bn_02702.wav,"ভারতের রাজধানী নতুন দিল্লি"
/home/data/raw/bengali/audio/bn_02703.wav,"আপনি কি আমাকে সাহায্য করতে পারেন"
/home/data/raw/bengali/audio/bn_02704.wav,"এটি একটি পরীক্ষা"
/home/data/raw/bengali/audio/bn_02705.wav,"দয়া করে ধীরে বলুন আমি বুঝতে পারছি না"
/home/data/raw/bengali/audio/bn_02706.wav,"আপনার নাম কি"
/home/data/raw/bengali/audio/bn_02707.wav,"আমি কাল বাজারে যাব"
/home/data/raw/bengali/audio/bn_02708.wav,"আমাদের সত্য কথা বলা উচিত"
/home/data/raw/bengali/audio/bn_02709.wav,"এই ট্রেনটি কখন ছাড়বে"
/home/data/raw/bengali/audio/bn_02710.wav,"সূর্য পূর্ব দিকে ওঠে"
/home/data/raw/bengali/audio/bn_02711.wav,"আপনি কেমন আছেন"
/home/data/raw/bengali/audio/bn_02712.wav,"বিজ্ঞানীরা একটি নতুন আবিষ্কার করেছেন"
/home/data/raw/bengali/audio/bn_02713.wav,"আমি বাংলা বলতে খুব ভালোবাসি"
/home/data/raw/bengali/audio/bn_02714.wav,"শিক্ষাই সাফল্যের চাবিকাঠি"
/home/data/raw/bengali/audio/bn_02715.wav,"আজকের তাজা খবর কি"
/home/data/raw/bengali/audio/bn_02716.wav,"তিনি তার পড়াশোনা শেষ করেছেন"
/home/data/raw/bengali/audio/bn_02717.wav,"আপনার কি কোন প্রশ্ন আছে"
/home/data/raw/bengali/audio/bn_02718.wav,"এটি একটি খুব সুন্দর জায়গা"
/home/data/raw/bengali/audio/bn_02719.wav,"আমাদের সকলের পরিবেশ রক্ষা করা উচিত"
/home/data/raw/bengali/audio/bn_02720.wav,"সে খুব পরিশ্রমী ছেলে"
/home/data/raw/bengali/audio/bn_02721.wav,"আমার এক গ্লাস জল দরকার"
/home/data/raw/bengali/audio/bn_02722.wav,"ডিজিটাল ইন্ডিয়া একটি গুরুত্বপূর্ণ উদ্যোগ"
/home/data/raw/bengali/audio/bn_02723.wav,"খেলাধুলা শিশুদের জন্য ভালো"
/home/data/raw/bengali/audio/bn_02724.wav,"আমি আপনার সাথে একমত"
/home/data/raw/bengali/audio/bn_02725.wav,"সময় খুব মূল্যবান"
/home/data/raw/bengali/audio/bn_02726.wav,"ভারত একটি বৈচিত্র্যময় দেশ"
/home/data/raw/bengali/audio/bn_02727.wav,"দয়া করে এখানে সই করুন"
/home/data/raw/bengali/audio/bn_02728.wav,"এটা আমার বোঝার বাইরে"
/home/data/raw/bengali/audio/bn_02729.wav,"তিনি একটি নতুন রেকর্ড করেছেন"
/home/data/raw/bengali/audio/bn_02730.wav,"শুভেচ্ছা"
/home/data/raw/bengali/audio/bn_02731.wav,"হ্যালো আজ আবহাওয়া খুব ভালো"
/home/data/raw/bengali/audio/bn_02732.wav,"ভারতের রাজধানী নতুন দিল্লি"
/home/data/raw/bengali/audio/bn_02733.wav,"আপনি কি আমাকে সাহায্য করতে পারেন"
/home/data/raw/bengali/audio/bn_02734.wav,"এটি একটি পরীক্ষা"
/home/data/raw/bengali/audio/bn_02735.wav,"দয়া করে ধীরে বলুন আমি বুঝতে পারছি না"
/home/data/raw/bengali/audio/bn_02736.wav,"আপনার নাম কি"
/home/data/raw/bengali/audio/bn_02737.wav,"আমি কাল বাজারে যাব"
/home/data/raw/bengali/audio/bn_02738.wav,"আমাদের সত্য কথা বলা উচিত"
/home/data/raw/bengali/audio/bn_02739.wav,"এই ট্রেনটি কখন ছাড়বে"
/home/data/raw/bengali/audio/bn_02740.wav,"সূর্য পূর্ব দিকে ওঠে"
/home/data/raw/bengali/audio/bn_02741.wav,"আপনি কেমন আছেন"
/home/data/raw/bengali/audio/bn_02742.wav,"বিজ্ঞানীরা একটি নতুন আবিষ্কার করেছেন"
/home/data/raw/bengali/audio/bn_02743.wav,"আমি বাংলা বলতে খুব ভালোবাসি"
/home/data/raw/bengali/audio/bn_02744.wav,"শিক্ষাই সাফল্যের চাবিকাঠি"
/home/data/raw/bengali/audio/bn_02745.wav,"আজকের তাজা খবর কি"
/home/data/raw/bengali/audio/bn_02746.wav,"তিনি তার পড়াশোনা শেষ করেছেন"
/home/data/raw/bengali/audio/bn_02747.wav,"আপনার কি কোন প্রশ্ন আছে"
/home/data/raw/bengali/audio/bn_02748.wav,"এটি একটি খুব সুন্দর জায়গা"
/home/data/raw/bengali/audio/bn_02749.wav,"আমাদের সকলের পরিবেশ রক্ষা করা উচিত"
/home/data/raw/bengali/audio/bn_02750.wav,"সে খুব পরিশ্রমী ছেলে"
/home/data/raw/bengali/audio/bn_02751.wav,"আমার এক গ্লাস জল দরকার"
/home/data/raw/bengali/audio/bn_02752.wav,"ডিজিটাল ইন্ডিয়া একটি গুরুত্বপূর্ণ উদ্যোগ"
/home/data/raw/bengali/audio/bn_02753.wav,"খেলাধুলা শিশুদের জন্য ভালো"
/home/data/raw/bengali/audio/bn_02754.wav,"আমি আপনার সাথে একমত"
/home/data/raw/bengali/audio/bn_02755.wav,"সময় খুব মূল্যবান"
/home/data/raw/bengali/audio/bn_02756.wav,"ভারত একটি বৈচিত্র্যময় দেশ"
/home/data/raw/bengali/audio/bn_02757.wav,"দয়া করে এখানে সই করুন"
/home/data/raw/bengali/audio/bn_02758.wav,"এটা আমার বোঝার বাইরে"
/home/data/raw/bengali/audio/bn_02759.wav,"তিনি একটি নতুন রেকর্ড করেছেন"
/home/data/raw/bengali/audio/bn_02760.wav,"শুভেচ্ছা"
/home/data/raw/bengali/audio/bn_02761.wav,"হ্যালো আজ আবহাওয়া খুব ভালো"
/home/data/raw/bengali/audio/bn_02762.wav,"ভারতের রাজধানী নতুন দিল্লি"
/home/data/raw/bengali/audio/bn_02763.wav,"আপনি কি আমাকে সাহায্য করতে পারেন"
/home/data/raw/bengali/audio/bn_02764.wav,"এটি একটি পরীক্ষা"
/home/data/raw/bengali/audio/bn_02765.wav,"দয়া করে ধীরে বলুন আমি বুঝতে পারছি না"
/home/data/raw/bengali/audio/bn_02766.wav,"আপনার নাম কি"
/home/data/raw/bengali/audio/bn_02767.wav,"আমি কাল বাজারে যাব"
/home/data/raw/bengali/audio/bn_02768.wav,"আমাদের সত্য কথা বলা উচিত"
/home/data/raw/bengali/audio/bn_02769.wav,"এই ট্রেনটি কখন ছাড়বে"
/home/data/raw/bengali/audio/bn_02770.wav,"সূর্য পূর্ব দিকে ওঠে"
/home/data/raw/bengali/audio/bn_02771.wav,"আপনি কেমন আছেন"
/home/data/raw/bengali/audio/bn_02772.wav,"বিজ্ঞানীরা একটি নতুন আবিষ্কার করেছেন"
/home/data/raw/bengali/audio/bn_02773.wav,"আমি বাংলা বলতে খুব ভালোবাসি"
/home/data/raw/bengali/audio/bn_02774.wav,"শিক্ষাই সাফল্যের চাবিকাঠি"
/home/data/raw/bengali/audio/bn_02775.wav,"আজকের তাজা খবর কি"
/home/data/raw/bengali/audio/bn_02776.wav,"তিনি তার পড়াশোনা শেষ করেছেন"
/home/data/raw/bengali/audio/bn_02777.wav,"আপনার কি কোন প্রশ্ন আছে"
/home/data/raw/bengali/audio/bn_02778.wav,"এটি একটি খুব সুন্দর জায়গা"
/home/data/raw/bengali/audio/bn_02779.wav,"আমাদের সকলের পরিবেশ রক্ষা করা উচিত"
/home/data/raw/bengali/audio/bn_02780.wav,"সে খুব পরিশ্রমী ছেলে"
/home/data/raw/bengali/audio/bn_02781.wav,"আমার এক গ্লাস জল দরকার"
/home/data/raw/bengali/audio/bn_02782.wav,"ডিজিটাল ইন্ডিয়া একটি গুরুত্বপূর্ণ উদ্যোগ"
/home/data/raw/bengali/audio/bn_02783.wav,"খেলাধুলা শিশুদের জন্য ভালো"
/home/data/raw/bengali/audio/bn_02784.wav,"আমি আপনার সাথে একমত"
/home/data/raw/bengali/audio/bn_02785.wav,"সময় খুব মূল্যবান"
/home/data/raw/bengali/audio/bn_02786.wav,"ভারত একটি বৈচিত্র্যময় দেশ"
/home/data/raw/bengali/audio/bn_02787.wav,"দয়া করে এখানে সই করুন"
/home/data/raw/bengali/audio/bn_02788.wav,"এটা আমার বোঝার বাইরে"
/home/data/raw/bengali/audio/bn_02789.wav,"তিনি একটি নতুন রেকর্ড করেছেন"
/home/data/raw/bengali/audio/bn_02790.wav,"শুভেচ্ছা"
/home/data/raw/bengali/audio/bn_02791.wav,"হ্যালো আজ আবহাওয়া খুব ভালো"
/home/data/raw/bengali/audio/bn_02792.wav,"ভারতের রাজধানী নতুন দিল্লি"
/home/data/raw/bengali/audio/bn_02793.wav,"আপনি কি আমাকে সাহায্য করতে পারেন"
/home/data/raw/bengali/audio/bn_02794.wav,"এটি একটি পরীক্ষা"
/home/data/raw/bengali/audio/bn_02795.wav,"দয়া করে ধীরে বলুন আমি বুঝতে পারছি না"
/home/data/raw/bengali/audio/bn_02796.wav,"আপনার নাম কি"
/home/data/raw/bengali/audio/bn_02797.wav,"আমি কাল বাজারে যাব"
/home/data/raw/bengali/audio/bn_02798.wav,"আমাদের সত্য কথা বলা উচিত"
/home/data/raw/bengali/audio/bn_02799.wav,"এই ট্রেনটি কখন ছাড়বে"
/home/data/raw/bengali/audio/bn_02800.wav,"সূর্য পূর্ব দিকে ওঠে"
/home/data/raw/bengali/audio/bn_02801.wav,"আপনি কেমন আছেন"
/home/data/raw/bengali/audio/bn_02802.wav,"বিজ্ঞানীরা একটি নতুন আবিষ্কার করেছেন"
/home/data/raw/bengali/audio/bn_02803.wav,"আমি বাংলা বলতে খুব ভালোবাসি"
/home/data/raw/bengali/audio/bn_02804.wav,"শিক্ষাই সাফল্যের চাবিকাঠি"
/home/data/raw/bengali/audio/bn_02805.wav,"আজকের তাজা খবর কি"
/home/data/raw/bengali/audio/bn_02806.wav,"তিনি তার পড়াশোনা শেষ করেছেন"
/home/data/raw/bengali/audio/bn_02807.wav,"আপনার কি কোন প্রশ্ন আছে"
/home/data/raw/bengali/audio/bn_02808.wav,"এটি একটি খুব সুন্দর জায়গা"
/home/data/raw/bengali/audio/bn_02809.wav,"আমাদের সকলের পরিবেশ রক্ষা করা উচিত"
/home/data/raw/bengali/audio/bn_02810.wav,"সে খুব পরিশ্রমী ছেলে"
/home/data/raw/bengali/audio/bn_02811.wav,"আমার এক গ্লাস জল দরকার"
/home/data/raw/bengali/audio/bn_02812.wav,"ডিজিটাল ইন্ডিয়া একটি গুরুত্বপূর্ণ উদ্যোগ"
/home/data/raw/bengali/audio/bn_02813.wav,"খেলাধুলা শিশুদের জন্য ভালো"
/home/data/raw/bengali/audio/bn_02814.wav,"আমি আপনার সাথে একমত"
/home/data/raw/bengali/audio/bn_02815.wav,"সময় খুব মূল্যবান"
/home/data/raw/bengali/audio/bn_02816.wav,"ভারত একটি বৈচিত্র্যময় দেশ"
/home/data/raw/bengali/audio/bn_02817.wav,"দয়া করে এখানে সই করুন"
/home/data/raw/bengali/audio/bn_02818.wav,"এটা আমার বোঝার বাইরে"
/home/data/raw/bengali/audio/bn_02819.wav,"তিনি একটি নতুন রেকর্ড করেছেন"
/home/data/raw/bengali/audio/bn_02820.wav,"শুভেচ্ছা"
/home/data/raw/bengali/audio/bn_02821.wav,"হ্যালো আজ আবহাওয়া খুব ভালো"
/home/data/raw/bengali/audio/bn_02822.wav,"ভারতের রাজধানী নতুন দিল্লি"
/home/data/raw/bengali/audio/bn_02823.wav,"আপনি কি আমাকে সাহায্য করতে পারেন"
/home/data/raw/bengali/audio/bn_02824.wav,"এটি একটি পরীক্ষা"
/home/data/raw/bengali/audio/bn_02825.wav,"দয়া করে ধীরে বলুন আমি বুঝতে পারছি না"
/home/data/raw/bengali/audio/bn_02826.wav,"আপনার নাম কি"
/home/data/raw/bengali/audio/bn_02827.wav,"আমি কাল বাজারে যাব"
/home/data/raw/bengali/audio/bn_02828.wav,"আমাদের সত্য কথা বলা উচিত"
/home/data/raw/bengali/audio/bn_02829.wav,"এই ট্রেনটি কখন ছাড়বে"
/home/data/raw/bengali/audio/bn_02830.wav,"সূর্য পূর্ব দিকে ওঠে"
/home/data/raw/bengali/audio/bn_02831.wav,"আপনি কেমন আছেন"
/home/data/raw/bengali/audio/bn_02832.wav,"বিজ্ঞানীরা একটি নতুন আবিষ্কার করেছেন"
/home/data/raw/bengali/audio/bn_02833.wav,"আমি বাংলা বলতে খুব ভালোবাসি"
/home/data/raw/bengali/audio/bn_02834.wav,"শিক্ষাই সাফল্যের চাবিকাঠি"
/home/data/raw/bengali/audio/bn_02835.wav,"আজকের তাজা খবর কি"
/home/data/raw/bengali/audio/bn_02836.wav,"তিনি তার পড়াশোনা শেষ করেছেন"
/home/data/raw/bengali/audio/bn_02837.wav,"আপনার কি কোন প্রশ্ন আছে"
/home/data/raw/bengali/audio/bn_02838.wav,"এটি একটি খুব সুন্দর জায়গা"
/home/data/raw/bengali/audio/bn_02839.wav,"আমাদের সকলের পরিবেশ রক্ষা করা উচিত"
/home/data/raw/bengali/audio/bn_02840.wav,"সে খুব পরিশ্রমী ছেলে"
/home/data/raw/bengali/audio/bn_02841.wav,"আমার এক গ্লাস জল দরকার"
/home/data/raw/bengali/audio/bn_02842.wav,"ডিজিটাল ইন্ডিয়া একটি গুরুত্বপূর্ণ উদ্যোগ"
/home/data/raw/bengali/audio/bn_02843.wav,"খেলাধুলা শিশুদের জন্য ভালো"
/home/data/raw/bengali/audio/bn_02844.wav,"আমি আপনার সাথে একমত"
/home/data/raw/bengali/audio/bn_02845.wav,"সময় খুব মূল্যবান"
/home/data/raw/bengali/audio/bn_02846.wav,"ভারত একটি বৈচিত্র্যময় দেশ"
/home/data/raw/bengali/audio/bn_02847.wav,"দয়া করে এখানে সই করুন"
/home/data/raw/bengali/audio/bn_02848.wav,"এটা আমার বোঝার বাইরে"
/home/data/raw/bengali/audio/bn_02849.wav,"তিনি একটি নতুন রেকর্ড করেছেন"
/home/data/raw/bengali/audio/bn_02850.wav,"শুভেচ্ছা"
/home/data/raw/bengali/audio/bn_02851.wav,"হ্যালো আজ আবহাওয়া খুব ভালো"
/home/data/raw/bengali/audio/bn_02852.wav,"ভারতের রাজধানী নতুন দিল্লি"
/home/data/raw/bengali/audio/bn_02853.wav,"আপনি কি আমাকে সাহায্য করতে পারেন"
/home/data/raw/bengali/audio/bn_02854.wav,"এটি একটি পরীক্ষা"
/home/data/raw/bengali/audio/bn_02855.wav,"দয়া করে ধীরে বলুন আমি বুঝতে পারছি না"
/home/data/raw/bengali/audio/bn_02856.wav,"আপনার নাম কি"
/home/data/raw/bengali/audio/bn_02857.wav,"আমি কাল বাজারে যাব"
/home/data/raw/bengali/audio/bn_02858.wav,"আমাদের সত্য কথা বলা উচিত"
/home/data/raw/bengali/audio/bn_02859.wav,"এই ট্রেনটি কখন ছাড়বে"
/home/data/raw/bengali/audio/bn_02860.wav,"সূর্য পূর্ব দিকে ওঠে"
/home/data/raw/bengali/audio/bn_02861.wav,"আপনি কেমন আছেন"
/home/data/raw/bengali/audio/bn_02862.wav,"বিজ্ঞানীরা একটি নতুন আবিষ্কার করেছেন"
/home/data/raw/bengali/audio/bn_02863.wav,"আমি বাংলা বলতে খুব ভালোবাসি"
/home/data/raw/bengali/audio/bn_02864.wav,"শিক্ষাই সাফল্যের চাবিকাঠি"
/home/data/raw/bengali/audio/bn_02865.wav,"আজকের তাজা খবর কি"
/home/data/raw/bengali/audio/bn_02866.wav,"তিনি তার পড়াশোনা শেষ করেছেন"
/home/data/raw/bengali/audio/bn_02867.wav,"আপনার কি কোন প্রশ্ন আছে"
/home/data/raw/bengali/audio/bn_02868.wav,"এটি একটি খুব সুন্দর জায়গা"
/home/data/raw/bengali/audio/bn_02869.wav,"আমাদের সকলের পরিবেশ রক্ষা করা উচিত"
/home/data/raw/bengali/audio/bn_02870.wav,"সে খুব পরিশ্রমী ছেলে"
/home/data/raw/bengali/audio/bn_02871.wav,"আমার এক গ্লাস জল দরকার"
/home/data/raw/bengali/audio/bn_02872.wav,"ডিজিটাল ইন্ডিয়া একটি গুরুত্বপূর্ণ উদ্যোগ"
/home/data/raw/bengali/audio/bn_02873.wav,"খেলাধুলা শিশুদের জন্য ভালো"
/home/data/raw/bengali/audio/bn_02874.wav,"আমি আপনার সাথে একমত"
/home/data/raw/bengali/audio/bn_02875.wav,"সময় খুব মূল্যবান"
/home/data/raw/bengali/audio/bn_02876.wav,"ভারত একটি বৈচিত্র্যময় দেশ"
/home/data/raw/bengali/audio/bn_02877.wav,"দয়া করে এখানে সই করুন"
/home/data/raw/bengali/audio/bn_02878.wav,"এটা আমার বোঝার বাইরে"
/home/data/raw/bengali/audio/bn_02879.wav,"তিনি একটি নতুন রেকর্ড করেছেন"
/home/data/raw/bengali/audio/bn_02880.wav,"শুভেচ্ছা"
/home/data/raw/bengali/audio/bn_02881.wav,"হ্যালো আজ আবহাওয়া খুব ভালো"
/home/data/raw/bengali/audio/bn_02882.wav,"ভারতের রাজধানী নতুন দিল্লি"
/home/data/raw/bengali/audio/bn_02883.wav,"আপনি কি আমাকে সাহায্য করতে পারেন"
/home/data/raw/bengali/audio/bn_02884.wav,"এটি একটি পরীক্ষা"
/home/data/raw/bengali/audio/bn_02885.wav,"দয়া করে ধীরে বলুন আমি বুঝতে পারছি না"
/home/data/raw/bengali/audio/bn_02886.wav,"আপনার নাম কি"
/home/data/raw/bengali/audio/bn_02887.wav,"আমি কাল বাজারে যাব"
/home/data/raw/bengali/audio/bn_02888.wav,"আমাদের সত্য কথা বলা উচিত"
/home/data/raw/bengali/audio/bn_02889.wav,"এই ট্রেনটি কখন ছাড়বে"
/home/data/raw/bengali/audio/bn_02890.wav,"সূর্য পূর্ব দিকে ওঠে"
/home/data/raw/bengali/audio/bn_02891.wav,"আপনি কেমন আছেন"
/home/data/raw/bengali/audio/bn_02892.wav,"বিজ্ঞানীরা একটি নতুন আবিষ্কার করেছেন"
/home/data/raw/bengali/audio/bn_02893.wav,"আমি বাংলা বলতে খুব ভালোবাসি"
/home/data/raw/bengali/audio/bn_02894.wav,"শিক্ষাই সাফল্যের চাবিকাঠি"
/home/data/raw/bengali/audio/bn_02895.wav,"আজকের তাজা খবর কি"
/home/data/raw/bengali/audio/bn_02896.wav,"তিনি তার পড়াশোনা শেষ করেছেন"
/home/data/raw/bengali/audio/bn_02897.wav,"আপনার কি কোন প্রশ্ন আছে"
/home/data/raw/bengali/audio/bn_02898.wav,"এটি একটি খুব সুন্দর জায়গা"
/home/data/raw/bengali/audio/bn_02899.wav,"আমাদের সকলের পরিবেশ রক্ষা করা উচিত"
/home/data/raw/bengali/audio/bn_02900.wav,"সে খুব পরিশ্রমী ছেলে"
/home/data/raw/bengali/audio/bn_02901.wav,"আমার এক গ্লাস জল দরকার"
/home/data/raw/bengali/audio/bn_02902.wav,"ডিজিটাল ইন্ডিয়া একটি গুরুত্বপূর্ণ উদ্যোগ"
/home/data/raw/bengali/audio/bn_02903.wav,"খেলাধুলা শিশুদের জন্য ভালো"
/home/data/raw/bengali/audio/bn_02904.wav,"আমি আপনার সাথে একমত"
/home/data/raw/bengali/audio/bn_02905.wav,"সময় খুব মূল্যবান"
/home/data/raw/bengali/audio/bn_02906.wav,"ভারত একটি বৈচিত্র্যময় দেশ"
/home/data/raw/bengali/audio/bn_02907.wav,"দয়া করে এখানে সই করুন"
/home/data/raw/bengali/audio/bn_02908.wav,"এটা আমার বোঝার বাইরে"
/home/data/raw/bengali/audio/bn_02909.wav,"তিনি একটি নতুন রেকর্ড করেছেন"
/home/data/raw/bengali/audio/bn_02910.wav,"শুভেচ্ছা"
/home/data/raw/bengali/audio/bn_02911.wav,"হ্যালো আজ আবহাওয়া খুব ভালো"
/home/data/raw/bengali/audio/bn_02912.wav,"ভারতের রাজধানী নতুন দিল্লি"
/home/data/raw/bengali/audio/bn_02913.wav,"আপনি কি আমাকে সাহায্য করতে পারেন"
/home/data/raw/bengali/audio/bn_02914.wav,"এটি একটি পরীক্ষা"
/home/data/raw/bengali/audio/bn_02915.wav,"দয়া করে ধীরে বলুন আমি বুঝতে পারছি না"
/home/data/raw/bengali/audio/bn_02916.wav,"আপনার নাম কি"
/home/data/raw/bengali/audio/bn_02917.wav,"আমি কাল বাজারে যাব"
/home/data/raw/bengali/audio/bn_02918.wav,"আমাদের সত্য কথা বলা উচিত"
/home/data/raw/bengali/audio/bn_02919.wav,"এই ট্রেনটি কখন ছাড়বে"
/home/data/raw/bengali/audio/bn_02920.wav,"সূর্য পূর্ব দিকে ওঠে"
/home/data/raw/bengali/audio/bn_02921.wav,"আপনি কেমন আছেন"
/home/data/raw/bengali/audio/bn_02922.wav,"বিজ্ঞানীরা একটি নতুন আবিষ্কার করেছেন"
/home/data/raw/bengali/audio/bn_02923.wav,"আমি বাংলা বলতে খুব ভালোবাসি"
/home/data/raw/bengali/audio/bn_02924.wav,"শিক্ষাই সাফল্যের চাবিকাঠি"
/home/data/raw/bengali/audio/bn_02925.wav,"আজকের তাজা খবর কি"
/home/data/raw/bengali/audio/bn_02926.wav,"তিনি তার পড়াশোনা শেষ করেছেন"
/home/data/raw/bengali/audio/bn_02927.wav,"আপনার কি কোন প্রশ্ন আছে"
/home/data/raw/bengali/audio/bn_02928.wav,"এটি একটি খুব সুন্দর জায়গা"
/home/data/raw/bengali/audio/bn_02929.wav,"আমাদের সকলের পরিবেশ রক্ষা করা উচিত"
/home/data/raw/bengali/audio/bn_02930.wav,"সে খুব পরিশ্রমী ছেলে"
/home/data/raw/bengali/audio/bn_02931.wav,"আমার এক গ্লাস জল দরকার"
/home/data/raw/bengali/audio/bn_02932.wav,"ডিজিটাল ইন্ডিয়া একটি গুরুত্বপূর্ণ উদ্যোগ"
/home/data/raw/bengali/audio/bn_02933.wav,"খেলাধুলা শিশুদের জন্য ভালো"
/home/data/raw/bengali/audio/bn_02934.wav,"আমি আপনার সাথে একমত"
/home/data/raw/bengali/audio/bn_02935.wav,"সময় খুব মূল্যবান"
/home/data/raw/bengali/audio/bn_02936.wav,"ভারত একটি বৈচিত্র্যময় দেশ"
/home/data/raw/bengali/audio/bn_02937.wav,"দয়া করে এখানে সই করুন"
/home/data/raw/bengali/audio/bn_02938.wav,"এটা আমার বোঝার বাইরে"
/home/data/raw/bengali/audio/bn_02939.wav,"তিনি একটি নতুন রেকর্ড করেছেন"
/home/data/raw/bengali/audio/bn_02940.wav,"শুভেচ্ছা"
/home/data/raw/bengali/audio/bn_02941.wav,"হ্যালো আজ আবহাওয়া খুব ভালো"
/home/data/raw/bengali/audio/bn_02942.wav,"ভারতের রাজধানী নতুন দিল্লি"
/home/data/raw/bengali/audio/bn_02943.wav,"আপনি কি আমাকে সাহায্য করতে পারেন"
/home/data/raw/bengali/audio/bn_02944.wav,"এটি একটি পরীক্ষা"
/home/data/raw/bengali/audio/bn_02945.wav,"দয়া করে ধীরে বলুন আমি বুঝতে পারছি না"
/home/data/raw/bengali/audio/bn_02946.wav,"আপনার নাম কি"
/home/data/raw/bengali/audio/bn_02947.wav,"আমি কাল বাজারে যাব"
/home/data/raw/bengali/audio/bn_02948.wav,"আমাদের সত্য কথা বলা উচিত"
/home/data/raw/bengali/audio/bn_02949.wav,"এই ট্রেনটি কখন ছাড়বে"
/home/data/raw/bengali/audio/bn_02950.wav,"সূর্য পূর্ব দিকে ওঠে"
/home/data/raw/bengali/audio/bn_02951.wav,"আপনি কেমন আছেন"
/home/data/raw/bengali/audio/bn_02952.wav,"বিজ্ঞানীরা একটি নতুন আবিষ্কার করেছেন"
/home/data/raw/bengali/audio/bn_02953.wav,"আমি বাংলা বলতে খুব ভালোবাসি"
/home/data/raw/bengali/audio/bn_02954.wav,"শিক্ষাই সাফল্যের চাবিকাঠি"
/home/data/raw/bengali/audio/bn_02955.wav,"আজকের তাজা খবর কি"
/home/data/raw/bengali/audio/bn_02956.wav,"তিনি তার পড়াশোনা শেষ করেছেন"
/home/data/raw/bengali/audio/bn_02957.wav,"আপনার কি কোন প্রশ্ন আছে"
/home/data/raw/bengali/audio/bn_02958.wav,"এটি একটি খুব সুন্দর জায়গা"
/home/data/raw/bengali/audio/bn_02959.wav,"আমাদের সকলের পরিবেশ রক্ষা করা উচিত"
/home/data/raw/bengali/audio/bn_02960.wav,"সে খুব পরিশ্রমী ছেলে"
/home/data/raw/bengali/audio/bn_02961.wav,"আমার এক গ্লাস জল দরকার"
/home/data/raw/bengali/audio/bn_02962.wav,"ডিজিটাল ইন্ডিয়া একটি গুরুত্বপূর্ণ উদ্যোগ"
/home/data/raw/bengali/audio/bn_02963.wav,"খেলাধুলা শিশুদের জন্য ভালো"
/home/data/raw/bengali/audio/bn_02964.wav,"আমি আপনার সাথে একমত"
/home/data/raw/bengali/audio/bn_02965.wav,"সময় খুব মূল্যবান"
/home/data/raw/bengali/audio/bn_02966.wav,"ভারত একটি বৈচিত্র্যময় দেশ"
/home/data/raw/bengali/audio/bn_02967.wav,"দয়া করে এখানে সই করুন"
/home/data/raw/bengali/audio/bn_02968.wav,"এটা আমার বোঝার বাইরে"
/home/data/raw/bengali/audio/bn_02969.wav,"তিনি একটি নতুন রেকর্ড করেছেন"
/home/data/raw/bengali/audio/bn_02970.wav,"শুভেচ্ছা"
/home/data/raw/bengali/audio/bn_02971.wav,"হ্যালো আজ আবহাওয়া খুব ভালো"
/home/data/raw/bengali/audio/bn_02972.wav,"ভারতের রাজধানী নতুন দিল্লি"
/home/data/raw/bengali/audio/bn_02973.wav,"আপনি কি আমাকে সাহায্য করতে পারেন"
/home/data/raw/bengali/audio/bn_02974.wav,"এটি একটি পরীক্ষা"
/home/data/raw/bengali/audio/bn_02975.wav,"দয়া করে ধীরে বলুন আমি বুঝতে পারছি না"
/home/data/raw/bengali/audio/bn_02976.wav,"আপনার নাম কি"
/home/data/raw/bengali/audio/bn_02977.wav,"আমি কাল বাজারে যাব"
/home/data/raw/bengali/audio/bn_02978.wav,"আমাদের সত্য কথা বলা উচিত"
/home/data/raw/bengali/audio/bn_02979.wav,"এই ট্রেনটি কখন ছাড়বে"
/home/data/raw/bengali/audio/bn_02980.wav,"সূর্য পূর্ব দিকে ওঠে"
/home/data/raw/bengali/audio/bn_02981.wav,"আপনি কেমন আছেন"
/home/data/raw/bengali/audio/bn_02982.wav,"বিজ্ঞানীরা একটি নতুন আবিষ্কার করেছেন"
/home/data/raw/bengali/audio/bn_02983.wav,"আমি বাংলা বলতে খুব ভালোবাসি"
/home/data/raw/bengali/audio/bn_02984.wav,"শিক্ষাই সাফল্যের চাবিকাঠি"
/home/data/raw/bengali/audio/bn_02985.wav,"আজকের তাজা খবর কি"
/home/data/raw/bengali/audio/bn_02986.wav,"তিনি তার পড়াশোনা শেষ করেছেন"
/home/data/raw/bengali/audio/bn_02987.wav,"আপনার কি কোন প্রশ্ন আছে"
/home/data/raw/bengali/audio/bn_02988.wav,"এটি একটি খুব সুন্দর জায়গা"
/home/data/raw/bengali/audio/bn_02989.wav,"আমাদের সকলের পরিবেশ রক্ষা করা উচিত"
/home/data/raw/bengali/audio/bn_02990.wav,"সে খুব পরিশ্রমী ছেলে"
/home/data/raw/bengali/audio/bn_02991.wav,"আমার এক গ্লাস জল দরকার"
/home/data/raw/bengali/audio/bn_02992.wav,"ডিজিটাল ইন্ডিয়া একটি গুরুত্বপূর্ণ উদ্যোগ"
/home/data/raw/bengali/audio/bn_02993.wav,"খেলাধুলা শিশুদের জন্য ভালো"
/home/data/raw/bengali/audio/bn_02994.wav,"আমি আপনার সাথে একমত"
/home/data/raw/bengali/audio/bn_02995.wav,"সময় খুব মূল্যবান"
/home/data/raw/bengali/audio/bn_02996.wav,"ভারত একটি বৈচিত্র্যময় দেশ"
/home/data/raw/bengali/audio/bn_02997.wav,"দয়া করে এখানে সই করুন"
/home/data/raw/bengali/audio/bn_02998.wav,"এটা আমার বোঝার বাইরে"
/home/data/raw/bengali/audio/bn_02999.wav,"তিনি একটি নতুন রেকর্ড করেছেন"
/home/data/raw/bengali/audio/bn_03000.wav,"শুভেচ্ছা"
/home/data/raw/bengali/audio/bn_03001.wav,"হ্যালো আজ আবহাওয়া খুব ভালো"
/home/data/raw/bengali/audio/bn_03002.wav,"ভারতের রাজধানী নতুন দিল্লি"
/home/data/raw/bengali/audio/bn_03003.wav,"আপনি কি আমাকে সাহায্য করতে পারেন"
/home/data/raw/bengali/audio/bn_03004.wav,"এটি একটি পরীক্ষা"
/home/data/raw/bengali/audio/bn_03005.wav,"দয়া করে ধীরে বলুন আমি বুঝতে পারছি না"
/home/data/raw/bengali/audio/bn_03006.wav,"আপনার নাম কি"
/home/data/raw/bengali/audio/bn_03007.wav,"আমি কাল বাজারে যাব"
/home/data/raw/bengali/audio/bn_03008.wav,"আমাদের সত্য কথা বলা উচিত"
/home/data/raw/bengali/audio/bn_03009.wav,"এই ট্রেনটি কখন ছাড়বে"
/home/data/raw/bengali/audio/bn_03010.wav,"সূর্য পূর্ব দিকে ওঠে"
/home/data/raw/bengali/audio/bn_03011.wav,"আপনি কেমন আছেন"
/home/data/raw/bengali/audio/bn_03012.wav,"বিজ্ঞানীরা একটি নতুন আবিষ্কার করেছেন"
/home/data/raw/bengali/audio/bn_03013.wav,"আমি বাংলা বলতে খুব ভালোবাসি"
/home/data/raw/bengali/audio/bn_03014.wav,"শিক্ষাই সাফল্যের চাবিকাঠি"
/home/data/raw/bengali/audio/bn_03015.wav,"আজকের তাজা খবর কি"
/home/data/raw/bengali/audio/bn_03016.wav,"তিনি তার পড়াশোনা শেষ করেছেন"
/home/data/raw/bengali/audio/bn_03017.wav,"আপনার কি কোন প্রশ্ন আছে"
/home/data/raw/bengali/audio/bn_03018.wav,"এটি একটি খুব সুন্দর জায়গা"
/home/data/raw/bengali/audio/bn_03019.wav,"আমাদের সকলের পরিবেশ রক্ষা করা উচিত"
/home/data/raw/bengali/audio/bn_03020.wav,"সে খুব পরিশ্রমী ছেলে"
/home/data/raw/bengali/audio/bn_03021.wav,"আমার এক গ্লাস জল দরকার"
/home/data/raw/bengali/audio/bn_03022.wav,"ডিজিটাল ইন্ডিয়া একটি গুরুত্বপূর্ণ উদ্যোগ"
/home/data/raw/bengali/audio/bn_03023.wav,"খেলাধুলা শিশুদের জন্য ভালো"
/home/data/raw/bengali/audio/bn_03024.wav,"আমি আপনার সাথে একমত"
/home/data/raw/bengali/audio/bn_03025.wav,"সময় খুব মূল্যবান"
/home/data/raw/bengali/audio/bn_03026.wav,"ভারত একটি বৈচিত্র্যময় দেশ"
/home/data/raw/bengali/audio/bn_03027.wav,"দয়া করে এখানে সই করুন"
/home/data/raw/bengali/audio/bn_03028.wav,"এটা আমার বোঝার বাইরে"
/home/data/raw/bengali/audio/bn_03029.wav,"তিনি একটি নতুন রেকর্ড করেছেন"
/home/data/raw/bengali/audio/bn_03030.wav,"শুভেচ্ছা"
/home/data/raw/bengali/audio/bn_03031.wav,"হ্যালো আজ আবহাওয়া খুব ভালো"
/home/data/raw/bengali/audio/bn_03032.wav,"ভারতের রাজধানী নতুন দিল্লি"
/home/data/raw/bengali/audio/bn_03033.wav,"আপনি কি আমাকে সাহায্য করতে পারেন"
/home/data/raw/bengali/audio/bn_03034.wav,"এটি একটি পরীক্ষা"
/home/data/raw/bengali/audio/bn_03035.wav,"দয়া করে ধীরে বলুন আমি বুঝতে পারছি না"
/home/data/raw/bengali/audio/bn_03036.wav,"আপনার নাম কি"
/home/data/raw/bengali/audio/bn_03037.wav,"আমি কাল বাজারে যাব"
/home/data/raw/bengali/audio/bn_03038.wav,"আমাদের সত্য কথা বলা উচিত"
/home/data/raw/bengali/audio/bn_03039.wav,"এই ট্রেনটি কখন ছাড়বে"
/home/data/raw/bengali/audio/bn_03040.wav,"সূর্য পূর্ব দিকে ওঠে"
/home/data/raw/bengali/audio/bn_03041.wav,"আপনি কেমন আছেন"
/home/data/raw/bengali/audio/bn_03042.wav,"বিজ্ঞানীরা একটি নতুন আবিষ্কার করেছেন"
/home/data/raw/bengali/audio/bn_03043.wav,"আমি বাংলা বলতে খুব ভালোবাসি"
/home/data/raw/bengali/audio/bn_03044.wav,"শিক্ষাই সাফল্যের চাবিকাঠি"
/home/data/raw/bengali/audio/bn_03045.wav,"আজকের তাজা খবর কি"
/home/data/raw/bengali/audio/bn_03046.wav,"তিনি তার পড়াশোনা শেষ করেছেন"
/home/data/raw/bengali/audio/bn_03047.wav,"আপনার কি কোন প্রশ্ন আছে"
/home/data/raw/bengali/audio/bn_03048.wav,"এটি একটি খুব সুন্দর জায়গা"
/home/data/raw/bengali/audio/bn_03049.wav,"আমাদের সকলের পরিবেশ রক্ষা করা উচিত"
/home/data/raw/bengali/audio/bn_03050.wav,"সে খুব পরিশ্রমী ছেলে"
/home/data/raw/bengali/audio/bn_03051.wav,"আমার এক গ্লাস জল দরকার"
/home/data/raw/bengali/audio/bn_03052.wav,"ডিজিটাল ইন্ডিয়া একটি গুরুত্বপূর্ণ উদ্যোগ"
/home/data/raw/bengali/audio/bn_03053.wav,"খেলাধুলা শিশুদের জন্য ভালো"
/home/data/raw/bengali/audio/bn_03054.wav,"আমি আপনার সাথে একমত"
/home/data/raw/bengali/audio/bn_03055.wav,"সময় খুব মূল্যবান"
/home/data/raw/bengali/audio/bn_03056.wav,"ভারত একটি বৈচিত্র্যময় দেশ"
/home/data/raw/bengali/audio/bn_03057.wav,"দয়া করে এখানে সই করুন"
/home/data/raw/bengali/audio/bn_03058.wav,"এটা আমার বোঝার বাইরে"
/home/data/raw/bengali/audio/bn_03059.wav,"তিনি একটি নতুন রেকর্ড করেছেন"
/home/data/raw/bengali/audio/bn_03060.wav,"শুভেচ্ছা"
/home/data/raw/bengali/audio/bn_03061.wav,"হ্যালো আজ আবহাওয়া খুব ভালো"
/home/data/raw/bengali/audio/bn_03062.wav,"ভারতের রাজধানী নতুন দিল্লি"
/home/data/raw/bengali/audio/bn_03063.wav,"আপনি কি আমাকে সাহায্য করতে পারেন"
/home/data/raw/bengali/audio/bn_03064.wav,"এটি একটি পরীক্ষা"
/home/data/raw/bengali/audio/bn_03065.wav,"দয়া করে ধীরে বলুন আমি বুঝতে পারছি না"
/home/data/raw/bengali/audio/bn_03066.wav,"আপনার নাম কি"
/home/data/raw/bengali/audio/bn_03067.wav,"আমি কাল বাজারে যাব"
/home/data/raw/bengali/audio/bn_03068.wav,"আমাদের সত্য কথা বলা উচিত"
/home/data/raw/bengali/audio/bn_03069.wav,"এই ট্রেনটি কখন ছাড়বে"
/home/data/raw/bengali/audio/bn_03070.wav,"সূর্য পূর্ব দিকে ওঠে"
/home/data/raw/bengali/audio/bn_03071.wav,"আপনি কেমন আছেন"
/home/data/raw/bengali/audio/bn_03072.wav,"বিজ্ঞানীরা একটি নতুন আবিষ্কার করেছেন"
/home/data/raw/bengali/audio/bn_03073.wav,"আমি বাংলা বলতে খুব ভালোবাসি"
/home/data/raw/bengali/audio/bn_03074.wav,"শিক্ষাই সাফল্যের চাবিকাঠি"
/home/data/raw/bengali/audio/bn_03075.wav,"আজকের তাজা খবর কি"
/home/data/raw/bengali/audio/bn_03076.wav,"তিনি তার পড়াশোনা শেষ করেছেন"
/home/data/raw/bengali/audio/bn_03077.wav,"আপনার কি কোন প্রশ্ন আছে"
/home/data/raw/bengali/audio/bn_03078.wav,"এটি একটি খুব সুন্দর জায়গা"
/home/data/raw/bengali/audio/bn_03079.wav,"আমাদের সকলের পরিবেশ রক্ষা করা উচিত"
/home/data/raw/bengali/audio/bn_03080.wav,"সে খুব পরিশ্রমী ছেলে"
/home/data/raw/bengali/audio/bn_03081.wav,"আমার এক গ্লাস জল দরকার"
/home/data/raw/bengali/audio/bn_03082.wav,"ডিজিটাল ইন্ডিয়া একটি গুরুত্বপূর্ণ উদ্যোগ"
/home/data/raw/bengali/audio/bn_03083.wav,"খেলাধুলা শিশুদের জন্য ভালো"
/home/data/raw/bengali/audio/bn_03084.wav,"আমি আপনার সাথে একমত"
/home/data/raw/bengali/audio/bn_03085.wav,"সময় খুব মূল্যবান"
/home/data/raw/bengali/audio/bn_03086.wav,"ভারত একটি বৈচিত্র্যময় দেশ"
/home/data/raw/bengali/audio/bn_03087.wav,"দয়া করে এখানে সই করুন"
/home/data/raw/bengali/audio/bn_03088.wav,"এটা আমার বোঝার বাইরে"
/home/data/raw/bengali/audio/bn_03089.wav,"তিনি একটি নতুন রেকর্ড করেছেন"
/home/data/raw/bengali/audio/bn_03090.wav,"শুভেচ্ছা"
/home/data/raw/bengali/audio/bn_03091.wav,"হ্যালো আজ আবহাওয়া খুব ভালো"
/home/data/raw/bengali/audio/bn_03092.wav,"ভারতের রাজধানী নতুন দিল্লি"
/home/data/raw/bengali/audio/bn_03093.wav,"আপনি কি আমাকে সাহায্য করতে পারেন"
/home/data/raw/bengali/audio/bn_03094.wav,"এটি একটি পরীক্ষা"
/home/data/raw/bengali/audio/bn_03095.wav,"দয়া করে ধীরে বলুন আমি বুঝতে পারছি না"
/home/data/raw/bengali/audio/bn_03096.wav,"আপনার নাম কি"
/home/data/raw/bengali/audio/bn_03097.wav,"আমি কাল বাজারে যাব"
/home/data/raw/bengali/audio/bn_03098.wav,"আমাদের সত্য কথা বলা উচিত"
/home/data/raw/bengali/audio/bn_03099.wav,"এই ট্রেনটি কখন ছাড়বে"
/home/data/raw/bengali/audio/bn_03100.wav,"সূর্য পূর্ব দিকে ওঠে"
/home/data/raw/bengali/audio/bn_03101.wav,"আপনি কেমন আছেন"
/home/data/raw/bengali/audio/bn_03102.wav,"বিজ্ঞানীরা একটি নতুন আবিষ্কার করেছেন"
/home/data/raw/bengali/audio/bn_03103.wav,"আমি বাংলা বলতে খুব ভালোবাসি"
/home/data/raw/bengali/audio/bn_03104.wav,"শিক্ষাই সাফল্যের চাবিকাঠি"
/home/data/raw/bengali/audio/bn_03105.wav,"আজকের তাজা খবর কি"
/home/data/raw/bengali/audio/bn_03106.wav,"তিনি তার পড়াশোনা শেষ করেছেন"
/home/data/raw/bengali/audio/bn_03107.wav,"আপনার কি কোন প্রশ্ন আছে"
/home/data/raw/bengali/audio/bn_03108.wav,"এটি একটি খুব সুন্দর জায়গা"
/home/data/raw/bengali/audio/bn_03109.wav,"আমাদের সকলের পরিবেশ রক্ষা করা উচিত"
/home/data/raw/bengali/audio/bn_03110.wav,"সে খুব পরিশ্রমী ছেলে"
/home/data/raw/bengali/audio/bn_03111.wav,"আমার এক গ্লাস জল দরকার"
/home/data/raw/bengali/audio/bn_03112.wav,"ডিজিটাল ইন্ডিয়া একটি গুরুত্বপূর্ণ উদ্যোগ"
/home/data/raw/bengali/audio/bn_03113.wav,"খেলাধুলা শিশুদের জন্য ভালো"
/home/data/raw/bengali/audio/bn_03114.wav,"আমি আপনার সাথে একমত"
/home/data/raw/bengali/audio/bn_03115.wav,"সময় খুব মূল্যবান"
/home/data/raw/bengali/audio/bn_03116.wav,"ভারত একটি বৈচিত্র্যময় দেশ"
/home/data/raw/bengali/audio/bn_03117.wav,"দয়া করে এখানে সই করুন"
/home/data/raw/bengali/audio/bn_03118.wav,"এটা আমার বোঝার বাইরে"
/home/data/raw/bengali/audio/bn_03119.wav,"তিনি একটি নতুন রেকর্ড করেছেন"
/home/data/raw/bengali/audio/bn_03120.wav,"শুভেচ্ছা"
/home/data/raw/bengali/audio/bn_03121.wav,"হ্যালো আজ আবহাওয়া খুব ভালো"
/home/data/raw/bengali/audio/bn_03122.wav,"ভারতের রাজধানী নতুন দিল্লি"
/home/data/raw/bengali/audio/bn_03123.wav,"আপনি কি আমাকে সাহায্য করতে পারেন"
/home/data/raw/bengali/audio/bn_03124.wav,"এটি একটি পরীক্ষা"
/home/data/raw/bengali/audio/bn_03125.wav,"দয়া করে ধীরে বলুন আমি বুঝতে পারছি না"
/home/data/raw/bengali/audio/bn_03126.wav,"আপনার নাম কি"
/home/data/raw/bengali/audio/bn_03127.wav,"আমি কাল বাজারে যাব"
/home/data/raw/bengali/audio/bn_03128.wav,"আমাদের সত্য কথা বলা উচিত"
/home/data/raw/bengali/audio/bn_03129.wav,"এই ট্রেনটি কখন ছাড়বে"
/home/data/raw/bengali/audio/bn_03130.wav,"সূর্য পূর্ব দিকে ওঠে"
/home/data/raw/bengali/audio/bn_03131.wav,"আপনি কেমন আছেন"
/home/data/raw/bengali/audio/bn_03132.wav,"বিজ্ঞানীরা একটি নতুন আবিষ্কার করেছেন"
/home/data/raw/bengali/audio/bn_03133.wav,"আমি বাংলা বলতে খুব ভালোবাসি"
/home/data/raw/bengali/audio/bn_03134.wav,"শিক্ষাই সাফল্যের চাবিকাঠি"
/home/data/raw/bengali/audio/bn_03135.wav,"আজকের তাজা খবর কি"
/home/data/raw/bengali/audio/bn_03136.wav,"তিনি তার পড়াশোনা শেষ করেছেন"
/home/data/raw/bengali/audio/bn_03137.wav,"আপনার কি কোন প্রশ্ন আছে"
/home/data/raw/bengali/audio/bn_03138.wav,"এটি একটি খুব সুন্দর জায়গা"
/home/data/raw/bengali/audio/bn_03139.wav,"আমাদের সকলের পরিবেশ রক্ষা করা উচিত"
/home/data/raw/bengali/audio/bn_03140.wav,"সে খুব পরিশ্রমী ছেলে"
/home/data/raw/bengali/audio/bn_03141.wav,"আমার এক গ্লাস জল দরকার"
/home/data/raw/bengali/audio/bn_03142.wav,"ডিজিটাল ইন্ডিয়া একটি গুরুত্বপূর্ণ উদ্যোগ"
/home/data/raw/bengali/audio/bn_03143.wav,"খেলাধুলা শিশুদের জন্য ভালো"
/home/data/raw/bengali/audio/bn_03144.wav,"আমি আপনার সাথে একমত"
/home/data/raw/bengali/audio/bn_03145.wav,"সময় খুব মূল্যবান"
/home/data/raw/bengali/audio/bn_03146.wav,"ভারত একটি বৈচিত্র্যময় দেশ"
/home/data/raw/bengali/audio/bn_03147.wav,"দয়া করে এখানে সই করুন"
/home/data/raw/bengali/audio/bn_03148.wav,"এটা আমার বোঝার বাইরে"
/home/data/raw/bengali/audio/bn_03149.wav,"তিনি একটি নতুন রেকর্ড করেছেন"
/home/data/raw/bengali/audio/bn_03150.wav,"শুভেচ্ছা"
/home/data/raw/bengali/audio/bn_03151.wav,"হ্যালো আজ আবহাওয়া খুব ভালো"
/home/data/raw/bengali/audio/bn_03152.wav,"ভারতের রাজধানী নতুন দিল্লি"
/home/data/raw/bengali/audio/bn_03153.wav,"আপনি কি আমাকে সাহায্য করতে পারেন"
/home/data/raw/bengali/audio/bn_03154.wav,"এটি একটি পরীক্ষা"
/home/data/raw/bengali/audio/bn_03155.wav,"দয়া করে ধীরে বলুন আমি বুঝতে পারছি না"
/home/data/raw/bengali/audio/bn_03156.wav,"আপনার নাম কি"
/home/data/raw/bengali/audio/bn_03157.wav,"আমি কাল বাজারে যাব"
/home/data/raw/bengali/audio/bn_03158.wav,"আমাদের সত্য কথা বলা উচিত"
/home/data/raw/bengali/audio/bn_03159.wav,"এই ট্রেনটি কখন ছাড়বে"
/home/data/raw/bengali/audio/bn_03160.wav,"সূর্য পূর্ব দিকে ওঠে"
/home/data/raw/bengali/audio/bn_03161.wav,"আপনি কেমন আছেন"
/home/data/raw/bengali/audio/bn_03162.wav,"বিজ্ঞানীরা একটি নতুন আবিষ্কার করেছেন"
/home/data/raw/bengali/audio/bn_03163.wav,"আমি বাংলা বলতে খুব ভালোবাসি"
/home/data/raw/bengali/audio/bn_03164.wav,"শিক্ষাই সাফল্যের চাবিকাঠি"
/home/data/raw/bengali/audio/bn_03165.wav,"আজকের তাজা খবর কি"
/home/data/raw/bengali/audio/bn_03166.wav,"তিনি তার পড়াশোনা শেষ করেছেন"
/home/data/raw/bengali/audio/bn_03167.wav,"আপনার কি কোন প্রশ্ন আছে"
/home/data/raw/bengali/audio/bn_03168.wav,"এটি একটি খুব সুন্দর জায়গা"
/home/data/raw/bengali/audio/bn_03169.wav,"আমাদের সকলের পরিবেশ রক্ষা করা উচিত"
/home/data/raw/bengali/audio/bn_03170.wav,"সে খুব পরিশ্রমী ছেলে"
/home/data/raw/bengali/audio/bn_03171.wav,"আমার এক গ্লাস জল দরকার"
/home/data/raw/bengali/audio/bn_03172.wav,"ডিজিটাল ইন্ডিয়া একটি গুরুত্বপূর্ণ উদ্যোগ"
/home/data/raw/bengali/audio/bn_03173.wav,"খেলাধুলা শিশুদের জন্য ভালো"
/home/data/raw/bengali/audio/bn_03174.wav,"আমি আপনার সাথে একমত"
/home/data/raw/bengali/audio/bn_03175.wav,"সময় খুব মূল্যবান"
/home/data/raw/bengali/audio/bn_03176.wav,"ভারত একটি বৈচিত্র্যময় দেশ"
/home/data/raw/bengali/audio/bn_03177.wav,"দয়া করে এখানে সই করুন"
/home/data/raw/bengali/audio/bn_03178.wav,"এটা আমার বোঝার বাইরে"
/home/data/raw/bengali/audio/bn_03179.wav,"তিনি একটি নতুন রেকর্ড করেছেন"
/home/data/raw/bengali/audio/bn_03180.wav,"শুভেচ্ছা"
/home/data/raw/bengali/audio/bn_03181.wav,"হ্যালো আজ আবহাওয়া খুব ভালো"
/home/data/raw/bengali/audio/bn_03182.wav,"ভারতের রাজধানী নতুন দিল্লি"
/home/data/raw/bengali/audio/bn_03183.wav,"আপনি কি আমাকে সাহায্য করতে পারেন"
/home/data/raw/bengali/audio/bn_03184.wav,"এটি একটি পরীক্ষা"
/home/data/raw/bengali/audio/bn_03185.wav,"দয়া করে ধীরে বলুন আমি বুঝতে পারছি না"
/home/data/raw/bengali/audio/bn_03186.wav,"আপনার নাম কি"
/home/data/raw/bengali/audio/bn_03187.wav,"আমি কাল বাজারে যাব"
/home/data/raw/bengali/audio/bn_03188.wav,"আমাদের সত্য কথা বলা উচিত"
/home/data/raw/bengali/audio/bn_03189.wav,"এই ট্রেনটি কখন ছাড়বে"
/home/data/raw/bengali/audio/bn_03190.wav,"সূর্য পূর্ব দিকে ওঠে"
/home/data/raw/bengali/audio/bn_03191.wav,"আপনি কেমন আছেন"
/home/data/raw/bengali/audio/bn_03192.wav,"বিজ্ঞানীরা একটি নতুন আবিষ্কার করেছেন"
/home/data/raw/bengali/audio/bn_03193.wav,"আমি বাংলা বলতে খুব ভালোবাসি"
/home/data/raw/bengali/audio/bn_03194.wav,"শিক্ষাই সাফল্যের চাবিকাঠি"
/home/data/raw/bengali/audio/bn_03195.wav,"আজকের তাজা খবর কি"
/home/data/raw/bengali/audio/bn_03196.wav,"তিনি তার পড়াশোনা শেষ করেছেন"
/home/data/raw/bengali/audio/bn_03197.wav,"আপনার কি কোন প্রশ্ন আছে"
/home/data/raw/bengali/audio/bn_03198.wav,"এটি একটি খুব সুন্দর জায়গা"
/home/data/raw/bengali/audio/bn_03199.wav,"আমাদের সকলের পরিবেশ রক্ষা করা উচিত"
/home/data/raw/bengali/audio/bn_03200.wav,"সে খুব পরিশ্রমী ছেলে"
/home/data/raw/bengali/audio/bn_03201.wav,"আমার এক গ্লাস জল দরকার"
/home/data/raw/bengali/audio/bn_03202.wav,"ডিজিটাল ইন্ডিয়া একটি গুরুত্বপূর্ণ উদ্যোগ"
/home/data/raw/bengali/audio/bn_03203.wav,"খেলাধুলা শিশুদের জন্য ভালো"
/home/data/raw/bengali/audio/bn_03204.wav,"আমি আপনার সাথে একমত"
/home/data/raw/bengali/audio/bn_03205.wav,"সময় খুব মূল্যবান"
/home/data/raw/bengali/audio/bn_03206.wav,"ভারত একটি বৈচিত্র্যময় দেশ"
/home/data/raw/bengali/audio/bn_03207.wav,"দয়া করে এখানে সই করুন"
/home/data/raw/bengali/audio/bn_03208.wav,"এটা আমার বোঝার বাইরে"
/home/data/raw/bengali/audio/bn_03209.wav,"তিনি একটি নতুন রেকর্ড করেছেন"
/home/data/raw/bengali/audio/bn_03210.wav,"শুভেচ্ছা"
/home/data/raw/bengali/audio/bn_03211.wav,"হ্যালো আজ আবহাওয়া খুব ভালো"
/home/data/raw/bengali/audio/bn_03212.wav,"ভারতের রাজধানী নতুন দিল্লি"
/home/data/raw/bengali/audio/bn_03213.wav,"আপনি কি আমাকে সাহায্য করতে পারেন"
/home/data/raw/bengali/audio/bn_03214.wav,"এটি একটি পরীক্ষা"
/home/data/raw/bengali/audio/bn_03215.wav,"দয়া করে ধীরে বলুন আমি বুঝতে পারছি না"
/home/data/raw/bengali/audio/bn_03216.wav,"আপনার নাম কি"
/home/data/raw/bengali/audio/bn_03217.wav,"আমি কাল বাজারে যাব"
/home/data/raw/bengali/audio/bn_03218.wav,"আমাদের সত্য কথা বলা উচিত"
/home/data/raw/bengali/audio/bn_03219.wav,"এই ট্রেনটি কখন ছাড়বে"
/home/data/raw/bengali/audio/bn_03220.wav,"সূর্য পূর্ব দিকে ওঠে"
/home/data/raw/bengali/audio/bn_03221.wav,"আপনি কেমন আছেন"
/home/data/raw/bengali/audio/bn_03222.wav,"বিজ্ঞানীরা একটি নতুন আবিষ্কার করেছেন"
/home/data/raw/bengali/audio/bn_03223.wav,"আমি বাংলা বলতে খুব ভালোবাসি"
/home/data/raw/bengali/audio/bn_03224.wav,"শিক্ষাই সাফল্যের চাবিকাঠি"
/home/data/raw/bengali/audio/bn_03225.wav,"আজকের তাজা খবর কি"
/home/data/raw/bengali/audio/bn_03226.wav,"তিনি তার পড়াশোনা শেষ করেছেন"
/home/data/raw/bengali/audio/bn_03227.wav,"আপনার কি কোন প্রশ্ন আছে"
/home/data/raw/bengali/audio/bn_03228.wav,"এটি একটি খুব সুন্দর জায়গা"
/home/data/raw/bengali/audio/bn_03229.wav,"আমাদের সকলের পরিবেশ রক্ষা করা উচিত"
/home/data/raw/bengali/audio/bn_03230.wav,"সে খুব পরিশ্রমী ছেলে"
/home/data/raw/bengali/audio/bn_03231.wav,"আমার এক গ্লাস জল দরকার"
/home/data/raw/bengali/audio/bn_03232.wav,"ডিজিটাল ইন্ডিয়া একটি গুরুত্বপূর্ণ উদ্যোগ"
/home/data/raw/bengali/audio/bn_03233.wav,"খেলাধুলা শিশুদের জন্য ভালো"
/home/data/raw/bengali/audio/bn_03234.wav,"আমি আপনার সাথে একমত"
/home/data/raw/bengali/audio/bn_03235.wav,"সময় খুব মূল্যবান"
/home/data/raw/bengali/audio/bn_03236.wav,"ভারত একটি বৈচিত্র্যময় দেশ"
/home/data/raw/bengali/audio/bn_03237.wav,"দয়া করে এখানে সই করুন"
/home/data/raw/bengali/audio/bn_03238.wav,"এটা আমার বোঝার বাইরে"
/home/data/raw/bengali/audio/bn_03239.wav,"তিনি একটি নতুন রেকর্ড করেছেন"
/home/data/raw/bengali/audio/bn_03240.wav,"শুভেচ্ছা"
/home/data/raw/bengali/audio/bn_03241.wav,"হ্যালো আজ আবহাওয়া খুব ভালো"
/home/data/raw/bengali/audio/bn_03242.wav,"ভারতের রাজধানী নতুন দিল্লি"
/home/data/raw/bengali/audio/bn_03243.wav,"আপনি কি আমাকে সাহায্য করতে পারেন"
/home/data/raw/bengali/audio/bn_03244.wav,"এটি একটি পরীক্ষা"
/home/data/raw/bengali/audio/bn_03245.wav,"দয়া করে ধীরে বলুন আমি বুঝতে পারছি না"
/home/data/raw/bengali/audio/bn_03246.wav,"আপনার নাম কি"
/home/data/raw/bengali/audio/bn_03247.wav,"আমি কাল বাজারে যাব"
/home/data/raw/bengali/audio/bn_03248.wav,"আমাদের সত্য কথা বলা উচিত"
/home/data/raw/bengali/audio/bn_03249.wav,"এই ট্রেনটি কখন ছাড়বে"
/home/data/raw/bengali/audio/bn_03250.wav,"সূর্য পূর্ব দিকে ওঠে"
/home/data/raw/bengali/audio/bn_03251.wav,"আপনি কেমন আছেন"
/home/data/raw/bengali/audio/bn_03252.wav,"বিজ্ঞানীরা একটি নতুন আবিষ্কার করেছেন"
/home/data/raw/bengali/audio/bn_03253.wav,"আমি বাংলা বলতে খুব ভালোবাসি"
/home/data/raw/bengali/audio/bn_03254.wav,"শিক্ষাই সাফল্যের চাবিকাঠি"
/home/data/raw/bengali/audio/bn_03255.wav,"আজকের তাজা খবর কি"
/home/data/raw/bengali/audio/bn_03256.wav,"তিনি তার পড়াশোনা শেষ করেছেন"
/home/data/raw/bengali/audio/bn_03257.wav,"আপনার কি কোন প্রশ্ন আছে"
/home/data/raw/bengali/audio/bn_03258.wav,"এটি একটি খুব সুন্দর জায়গা"
/home/data/raw/bengali/audio/bn_03259.wav,"আমাদের সকলের পরিবেশ রক্ষা করা উচিত"
/home/data/raw/bengali/audio/bn_03260.wav,"সে খুব পরিশ্রমী ছেলে"
/home/data/raw/bengali/audio/bn_03261.wav,"আমার এক গ্লাস জল দরকার"
/home/data/raw/bengali/audio/bn_03262.wav,"ডিজিটাল ইন্ডিয়া একটি গুরুত্বপূর্ণ উদ্যোগ"
/home/data/raw/bengali/audio/bn_03263.wav,"খেলাধুলা শিশুদের জন্য ভালো"
/home/data/raw/bengali/audio/bn_03264.wav,"আমি আপনার সাথে একমত"
/home/data/raw/bengali/audio/bn_03265.wav,"সময় খুব মূল্যবান"
/home/data/raw/bengali/audio/bn_03266.wav,"ভারত একটি বৈচিত্র্যময় দেশ"
/home/data/raw/bengali/audio/bn_03267.wav,"দয়া করে এখানে সই করুন"
/home/data/raw/bengali/audio/bn_03268.wav,"এটা আমার বোঝার বাইরে"
/home/data/raw/bengali/audio/bn_03269.wav,"তিনি একটি নতুন রেকর্ড করেছেন"
/home/data/raw/bengali/audio/bn_03270.wav,"শুভেচ্ছা"
/home/data/raw/bengali/audio/bn_03271.wav,"হ্যালো আজ আবহাওয়া খুব ভালো"
/home/data/raw/bengali/audio/bn_03272.wav,"ভারতের রাজধানী নতুন দিল্লি"
/home/data/raw/bengali/audio/bn_03273.wav,"আপনি কি আমাকে সাহায্য করতে পারেন"
/home/data/raw/bengali/audio/bn_03274.wav,"এটি একটি পরীক্ষা"
/home/data/raw/bengali/audio/bn_03275.wav,"দয়া করে ধীরে বলুন আমি বুঝতে পারছি না"
/home/data/raw/bengali/audio/bn_03276.wav,"আপনার নাম কি"
/home/data/raw/bengali/audio/bn_03277.wav,"আমি কাল বাজারে যাব"
/home/data/raw/bengali/audio/bn_03278.wav,"আমাদের সত্য কথা বলা উচিত"
/home/data/raw/bengali/audio/bn_03279.wav,"এই ট্রেনটি কখন ছাড়বে"
/home/data/raw/bengali/audio/bn_03280.wav,"সূর্য পূর্ব দিকে ওঠে"
/home/data/raw/bengali/audio/bn_03281.wav,"আপনি কেমন আছেন"
/home/data/raw/bengali/audio/bn_03282.wav,"বিজ্ঞানীরা একটি নতুন আবিষ্কার করেছেন"
/home/data/raw/bengali/audio/bn_03283.wav,"আমি বাংলা বলতে খুব ভালোবাসি"
/home/data/raw/bengali/audio/bn_03284.wav,"শিক্ষাই সাফল্যের চাবিকাঠি"
/home/data/raw/bengali/audio/bn_03285.wav,"আজকের তাজা খবর কি"
/home/data/raw/bengali/audio/bn_03286.wav,"তিনি তার পড়াশোনা শেষ করেছেন"
/home/data/raw/bengali/audio/bn_03287.wav,"আপনার কি কোন প্রশ্ন আছে"
/home/data/raw/bengali/audio/bn_03288.wav,"এটি একটি খুব সুন্দর জায়গা"
/home/data/raw/bengali/audio/bn_03289.wav,"আমাদের সকলের পরিবেশ রক্ষা করা উচিত"
/home/data/raw/bengali/audio/bn_03290.wav,"সে খুব পরিশ্রমী ছেলে"
/home/data/raw/bengali/audio/bn_03291.wav,"আমার এক গ্লাস জল দরকার"
/home/data/raw/bengali/audio/bn_03292.wav,"ডিজিটাল ইন্ডিয়া একটি গুরুত্বপূর্ণ উদ্যোগ"
/home/data/raw/bengali/audio/bn_03293.wav,"খেলাধুলা শিশুদের জন্য ভালো"
/home/data/raw/bengali/audio/bn_03294.wav,"আমি আপনার সাথে একমত"
/home/data/raw/bengali/audio/bn_03295.wav,"সময় খুব মূল্যবান"
/home/data/raw/bengali/audio/bn_03296.wav,"ভারত একটি বৈচিত্র্যময় দেশ"
/home/data/raw/bengali/audio/bn_03297.wav,"দয়া করে এখানে সই করুন"
/home/data/raw/bengali/audio/bn_03298.wav,"এটা আমার বোঝার বাইরে"
/home/data/raw/bengali/audio/bn_03299.wav,"তিনি একটি নতুন রেকর্ড করেছেন"
/home/data/raw/bengali/audio/bn_03300.wav,"শুভেচ্ছা"
/home/data/raw/bengali/audio/bn_03301.wav,"হ্যালো আজ আবহাওয়া খুব ভালো"
/home/data/raw/bengali/audio/bn_03302.wav,"ভারতের রাজধানী নতুন দিল্লি"
/home/data/raw/bengali/audio/bn_03303.wav,"আপনি কি আমাকে সাহায্য করতে পারেন"
/home/data/raw/bengali/audio/bn_03304.wav,"এটি একটি পরীক্ষা"
/home/data/raw/bengali/audio/bn_03305.wav,"দয়া করে ধীরে বলুন আমি বুঝতে পারছি না"
/home/data/raw/bengali/audio/bn_03306.wav,"আপনার নাম কি"
/home/data/raw/bengali/audio/bn_03307.wav,"আমি কাল বাজারে যাব"
/home/data/raw/bengali/audio/bn_03308.wav,"আমাদের সত্য কথা বলা উচিত"
/home/data/raw/bengali/audio/bn_03309.wav,"এই ট্রেনটি কখন ছাড়বে"
/home/data/raw/bengali/audio/bn_03310.wav,"সূর্য পূর্ব দিকে ওঠে"
/home/data/raw/bengali/audio/bn_03311.wav,"আপনি কেমন আছেন"
/home/data/raw/bengali/audio/bn_03312.wav,"বিজ্ঞানীরা একটি নতুন আবিষ্কার করেছেন"
/home/data/raw/bengali/audio/bn_03313.wav,"আমি বাংলা বলতে খুব ভালোবাসি"
/home/data/raw/bengali/audio/bn_03314.wav,"শিক্ষাই সাফল্যের চাবিকাঠি"
/home/data/raw/bengali/audio/bn_03315.wav,"আজকের তাজা খবর কি"
/home/data/raw/bengali/audio/bn_03316.wav,"তিনি তার পড়াশোনা শেষ করেছেন"
/home/data/raw/bengali/audio/bn_03317.wav,"আপনার কি কোন প্রশ্ন আছে"
/home/data/raw/bengali/audio/bn_03318.wav,"এটি একটি খুব সুন্দর জায়গা"
/home/data/raw/bengali/audio/bn_03319.wav,"আমাদের সকলের পরিবেশ রক্ষা করা উচিত"
/home/data/raw/bengali/audio/bn_03320.wav,"সে খুব পরিশ্রমী ছেলে"
/home/data/raw/bengali/audio/bn_03321.wav,"আমার এক গ্লাস জল দরকার"
/home/data/raw/bengali/audio/bn_03322.wav,"ডিজিটাল ইন্ডিয়া একটি গুরুত্বপূর্ণ উদ্যোগ"
/home/data/raw/bengali/audio/bn_03323.wav,"খেলাধুলা শিশুদের জন্য ভালো"
/home/data/raw/bengali/audio/bn_03324.wav,"আমি আপনার সাথে একমত"
/home/data/raw/bengali/audio/bn_03325.wav,"সময় খুব মূল্যবান"
/home/data/raw/bengali/audio/bn_03326.wav,"ভারত একটি বৈচিত্র্যময় দেশ"
/home/data/raw/bengali/audio/bn_03327.wav,"দয়া করে এখানে সই করুন"
/home/data/raw/bengali/audio/bn_03328.wav,"এটা আমার বোঝার বাইরে"
/home/data/raw/bengali/audio/bn_03329.wav,"তিনি একটি নতুন রেকর্ড করেছেন"
/home/data/raw/bengali/audio/bn_03330.wav,"শুভেচ্ছা"
/home/data/raw/bengali/audio/bn_03331.wav,"হ্যালো আজ আবহাওয়া খুব ভালো"
/home/data/raw/bengali/audio/bn_03332.wav,"ভারতের রাজধানী নতুন দিল্লি"
/home/data/raw/bengali/audio/bn_03333.wav,"আপনি কি আমাকে সাহায্য করতে পারেন"
/home/data/raw/bengali/audio/bn_03334.wav,"এটি একটি পরীক্ষা"
/home/data/raw/bengali/audio/bn_03335.wav,"দয়া করে ধীরে বলুন আমি বুঝতে পারছি না"
/home/data/raw/bengali/audio/bn_03336.wav,"আপনার নাম কি"
/home/data/raw/bengali/audio/bn_03337.wav,"আমি কাল বাজারে যাব"
/home/data/raw/bengali/audio/bn_03338.wav,"আমাদের সত্য কথা বলা উচিত"
/home/data/raw/bengali/audio/bn_03339.wav,"এই ট্রেনটি কখন ছাড়বে"
/home/data/raw/bengali/audio/bn_03340.wav,"সূর্য পূর্ব দিকে ওঠে"
/home/data/raw/bengali/audio/bn_03341.wav,"আপনি কেমন আছেন"
/home/data/raw/bengali/audio/bn_03342.wav,"বিজ্ঞানীরা একটি নতুন আবিষ্কার করেছেন"
/home/data/raw/bengali/audio/bn_03343.wav,"আমি বাংলা বলতে খুব ভালোবাসি"
/home/data/raw/bengali/audio/bn_03344.wav,"শিক্ষাই সাফল্যের চাবিকাঠি"
/home/data/raw/bengali/audio/bn_03345.wav,"আজকের তাজা খবর কি"
/home/data/raw/bengali/audio/bn_03346.wav,"তিনি তার পড়াশোনা শেষ করেছেন"
/home/data/raw/bengali/audio/bn_03347.wav,"আপনার কি কোন প্রশ্ন আছে"
/home/data/raw/bengali/audio/bn_03348.wav,"এটি একটি খুব সুন্দর জায়গা"
/home/data/raw/bengali/audio/bn_03349.wav,"আমাদের সকলের পরিবেশ রক্ষা করা উচিত"
/home/data/raw/bengali/audio/bn_03350.wav,"সে খুব পরিশ্রমী ছেলে"
/home/data/raw/bengali/audio/bn_03351.wav,"আমার এক গ্লাস জল দরকার"
/home/data/raw/bengali/audio/bn_03352.wav,"ডিজিটাল ইন্ডিয়া একটি গুরুত্বপূর্ণ উদ্যোগ"
/home/data/raw/bengali/audio/bn_03353.wav,"খেলাধুলা শিশুদের জন্য ভালো"
/home/data/raw/bengali/audio/bn_03354.wav,"আমি আপনার সাথে একমত"
/home/data/raw/bengali/audio/bn_03355.wav,"সময় খুব মূল্যবান"
/home/data/raw/bengali/audio/bn_03356.wav,"ভারত একটি বৈচিত্র্যময় দেশ"
/home/data/raw/bengali/audio/bn_03357.wav,"দয়া করে এখানে সই করুন"
/home/data/raw/bengali/audio/bn_03358.wav,"এটা আমার বোঝার বাইরে"
/home/data/raw/bengali/audio/bn_03359.wav,"তিনি একটি নতুন রেকর্ড করেছেন"
/home/data/raw/bengali/audio/bn_03360.wav,"শুভেচ্ছা"
/home/data/raw/bengali/audio/bn_03361.wav,"হ্যালো আজ আবহাওয়া খুব ভালো"
/home/data/raw/bengali/audio/bn_03362.wav,"ভারতের রাজধানী নতুন দিল্লি"
/home/data/raw/bengali/audio/bn_03363.wav,"আপনি কি আমাকে সাহায্য করতে পারেন"
/home/data/raw/bengali/audio/bn_03364.wav,"এটি একটি পরীক্ষা"
/home/data/raw/bengali/audio/bn_03365.wav,"দয়া করে ধীরে বলুন আমি বুঝতে পারছি না"
/home/data/raw/bengali/audio/bn_03366.wav,"আপনার নাম কি"
/home/data/raw/bengali/audio/bn_03367.wav,"আমি কাল বাজারে যাব"
/home/data/raw/bengali/audio/bn_03368.wav,"আমাদের সত্য কথা বলা উচিত"
/home/data/raw/bengali/audio/bn_03369.wav,"এই ট্রেনটি কখন ছাড়বে"
/home/data/raw/bengali/audio/bn_03370.wav,"সূর্য পূর্ব দিকে ওঠে"
/home/data/raw/bengali/audio/bn_03371.wav,"আপনি কেমন আছেন"
/home/data/raw/bengali/audio/bn_03372.wav,"বিজ্ঞানীরা একটি নতুন আবিষ্কার করেছেন"
/home/data/raw/bengali/audio/bn_03373.wav,"আমি বাংলা বলতে খুব ভালোবাসি"
/home/data/raw/bengali/audio/bn_03374.wav,"শিক্ষাই সাফল্যের চাবিকাঠি"
/home/data/raw/bengali/audio/bn_03375.wav,"আজকের তাজা খবর কি"
/home/data/raw/bengali/audio/bn_03376.wav,"তিনি তার পড়াশোনা শেষ করেছেন"
/home/data/raw/bengali/audio/bn_03377.wav,"আপনার কি কোন প্রশ্ন আছে"
/home/data/raw/bengali/audio/bn_03378.wav,"এটি একটি খুব সুন্দর জায়গা"
/home/data/raw/bengali/audio/bn_03379.wav,"আমাদের সকলের পরিবেশ রক্ষা করা উচিত"
/home/data/raw/bengali/audio/bn_03380.wav,"সে খুব পরিশ্রমী ছেলে"
/home/data/raw/bengali/audio/bn_03381.wav,"আমার এক গ্লাস জল দরকার"
/home/data/raw/bengali/audio/bn_03382.wav,"ডিজিটাল ইন্ডিয়া একটি গুরুত্বপূর্ণ উদ্যোগ"
/home/data/raw/bengali/audio/bn_03383.wav,"খেলাধুলা শিশুদের জন্য ভালো"
/home/data/raw/bengali/audio/bn_03384.wav,"আমি আপনার সাথে একমত"
/home/data/raw/bengali/audio/bn_03385.wav,"সময় খুব মূল্যবান"
/home/data/raw/bengali/audio/bn_03386.wav,"ভারত একটি বৈচিত্র্যময় দেশ"
/home/data/raw/bengali/audio/bn_03387.wav,"দয়া করে এখানে সই করুন"
/home/data/raw/bengali/audio/bn_03388.wav,"এটা আমার বোঝার বাইরে"
/home/data/raw/bengali/audio/bn_03389.wav,"তিনি একটি নতুন রেকর্ড করেছেন"
/home/data/raw/bengali/audio/bn_03390.wav,"শুভেচ্ছা"
/home/data/raw/bengali/audio/bn_03391.wav,"হ্যালো আজ আবহাওয়া খুব ভালো"
/home/data/raw/bengali/audio/bn_03392.wav,"ভারতের রাজধানী নতুন দিল্লি"
/home/data/raw/bengali/audio/bn_03393.wav,"আপনি কি আমাকে সাহায্য করতে পারেন"
/home/data/raw/bengali/audio/bn_03394.wav,"এটি একটি পরীক্ষা"
/home/data/raw/bengali/audio/bn_03395.wav,"দয়া করে ধীরে বলুন আমি বুঝতে পারছি না"
/home/data/raw/bengali/audio/bn_03396.wav,"আপনার নাম কি"
/home/data/raw/bengali/audio/bn_03397.wav,"আমি কাল বাজারে যাব"
/home/data/raw/bengali/audio/bn_03398.wav,"আমাদের সত্য কথা বলা উচিত"
/home/data/raw/bengali/audio/bn_03399.wav,"এই ট্রেনটি কখন ছাড়বে"
/home/data/raw/bengali/audio/bn_03400.wav,"সূর্য পূর্ব দিকে ওঠে"
/home/data/raw/bengali/audio/bn_03401.wav,"আপনি কেমন আছেন"
/home/data/raw/bengali/audio/bn_03402.wav,"বিজ্ঞানীরা একটি নতুন আবিষ্কার করেছেন"
/home/data/raw/bengali/audio/bn_03403.wav,"আমি বাংলা বলতে খুব ভালোবাসি"
/home/data/raw/bengali/audio/bn_03404.wav,"শিক্ষাই সাফল্যের চাবিকাঠি"
/home/data/raw/bengali/audio/bn_03405.wav,"আজকের তাজা খবর কি"
/home/data/raw/bengali/audio/bn_03406.wav,"তিনি তার পড়াশোনা শেষ করেছেন"
/home/data/raw/bengali/audio/bn_03407.wav,"আপনার কি কোন প্রশ্ন আছে"
/home/data/raw/bengali/audio/bn_03408.wav,"এটি একটি খুব সুন্দর জায়গা"
/home/data/raw/bengali/audio/bn_03409.wav,"আমাদের সকলের পরিবেশ রক্ষা করা উচিত"
/home/data/raw/bengali/audio/bn_03410.wav,"সে খুব পরিশ্রমী ছেলে"
/home/data/raw/bengali/audio/bn_03411.wav,"আমার এক গ্লাস জল দরকার"
/home/data/raw/bengali/audio/bn_03412.wav,"ডিজিটাল ইন্ডিয়া একটি গুরুত্বপূর্ণ উদ্যোগ"
/home/data/raw/bengali/audio/bn_03413.wav,"খেলাধুলা শিশুদের জন্য ভালো"
/home/data/raw/bengali/audio/bn_03414.wav,"আমি আপনার সাথে একমত"
/home/data/raw/bengali/audio/bn_03415.wav,"সময় খুব মূল্যবান"
/home/data/raw/bengali/audio/bn_03416.wav,"ভারত একটি বৈচিত্র্যময় দেশ"
/home/data/raw/bengali/audio/bn_03417.wav,"দয়া করে এখানে সই করুন"
/home/data/raw/bengali/audio/bn_03418.wav,"এটা আমার বোঝার বাইরে"
/home/data/raw/bengali/audio/bn_03419.wav,"তিনি একটি নতুন রেকর্ড করেছেন"
/home/data/raw/bengali/audio/bn_03420.wav,"শুভেচ্ছা"
/home/data/raw/bengali/audio/bn_03421.wav,"হ্যালো আজ আবহাওয়া খুব ভালো"
/home/data/raw/bengali/audio/bn_03422.wav,"ভারতের রাজধানী নতুন দিল্লি"
/home/data/raw/bengali/audio/bn_03423.wav,"আপনি কি আমাকে সাহায্য করতে পারেন"
/home/data/raw/bengali/audio/bn_03424.wav,"এটি একটি পরীক্ষা"
/home/data/raw/bengali/audio/bn_03425.wav,"দয়া করে ধীরে বলুন আমি বুঝতে পারছি না"
/home/data/raw/bengali/audio/bn_03426.wav,"আপনার নাম কি"
/home/data/raw/bengali/audio/bn_03427.wav,"আমি কাল বাজারে যাব"
/home/data/raw/bengali/audio/bn_03428.wav,"আমাদের সত্য কথা বলা উচিত"
/home/data/raw/bengali/audio/bn_03429.wav,"এই ট্রেনটি কখন ছাড়বে"
/home/data/raw/bengali/audio/bn_03430.wav,"সূর্য পূর্ব দিকে ওঠে"
/home/data/raw/bengali/audio/bn_03431.wav,"আপনি কেমন আছেন"
/home/data/raw/bengali/audio/bn_03432.wav,"বিজ্ঞানীরা একটি নতুন আবিষ্কার করেছেন"
/home/data/raw/bengali/audio/bn_03433.wav,"আমি বাংলা বলতে খুব ভালোবাসি"
/home/data/raw/bengali/audio/bn_03434.wav,"শিক্ষাই সাফল্যের চাবিকাঠি"
/home/data/raw/bengali/audio/bn_03435.wav,"আজকের তাজা খবর কি"
/home/data/raw/bengali/audio/bn_03436.wav,"তিনি তার পড়াশোনা শেষ করেছেন"
/home/data/raw/bengali/audio/bn_03437.wav,"আপনার কি কোন প্রশ্ন আছে"
/home/data/raw/bengali/audio/bn_03438.wav,"এটি একটি খুব সুন্দর জায়গা"
/home/data/raw/bengali/audio/bn_03439.wav,"আমাদের সকলের পরিবেশ রক্ষা করা উচিত"
/home/data/raw/bengali/audio/bn_03440.wav,"সে খুব পরিশ্রমী ছেলে"
/home/data/raw/bengali/audio/bn_03441.wav,"আমার এক গ্লাস জল দরকার"
/home/data/raw/bengali/audio/bn_03442.wav,"ডিজিটাল ইন্ডিয়া একটি গুরুত্বপূর্ণ উদ্যোগ"
/home/data/raw/bengali/audio/bn_03443.wav,"খেলাধুলা শিশুদের জন্য ভালো"
/home/data/raw/bengali/audio/bn_03444.wav,"আমি আপনার সাথে একমত"
/home/data/raw/bengali/audio/bn_03445.wav,"সময় খুব মূল্যবান"
/home/data/raw/bengali/audio/bn_03446.wav,"ভারত একটি বৈচিত্র্যময় দেশ"
/home/data/raw/bengali/audio/bn_03447.wav,"দয়া করে এখানে সই করুন"
/home/data/raw/bengali/audio/bn_03448.wav,"এটা আমার বোঝার বাইরে"
/home/data/raw/bengali/audio/bn_03449.wav,"তিনি একটি নতুন রেকর্ড করেছেন"
/home/data/raw/bengali/audio/bn_03450.wav,"শুভেচ্ছা"
/home/data/raw/bengali/audio/bn_03451.wav,"হ্যালো আজ আবহাওয়া খুব ভালো"
/home/data/raw/bengali/audio/bn_03452.wav,"ভারতের রাজধানী নতুন দিল্লি"
/home/data/raw/bengali/audio/bn_03453.wav,"আপনি কি আমাকে সাহায্য করতে পারেন"
/home/data/raw/bengali/audio/bn_03454.wav,"এটি একটি পরীক্ষা"
/home/data/raw/bengali/audio/bn_03455.wav,"দয়া করে ধীরে বলুন আমি বুঝতে পারছি না"
/home/data/raw/bengali/audio/bn_03456.wav,"আপনার নাম কি"
/home/data/raw/bengali/audio/bn_03457.wav,"আমি কাল বাজারে যাব"
/home/data/raw/bengali/audio/bn_03458.wav,"আমাদের সত্য কথা বলা উচিত"
/home/data/raw/bengali/audio/bn_03459.wav,"এই ট্রেনটি কখন ছাড়বে"
/home/data/raw/bengali/audio/bn_03460.wav,"সূর্য পূর্ব দিকে ওঠে"
/home/data/raw/bengali/audio/bn_03461.wav,"আপনি কেমন আছেন"
/home/data/raw/bengali/audio/bn_03462.wav,"বিজ্ঞানীরা একটি নতুন আবিষ্কার করেছেন"
/home/data/raw/bengali/audio/bn_03463.wav,"আমি বাংলা বলতে খুব ভালোবাসি"
/home/data/raw/bengali/audio/bn_03464.wav,"শিক্ষাই সাফল্যের চাবিকাঠি"
/home/data/raw/bengali/audio/bn_03465.wav,"আজকের তাজা খবর কি"
/home/data/raw/bengali/audio/bn_03466.wav,"তিনি তার পড়াশোনা শেষ করেছেন"
/home/data/raw/bengali/audio/bn_03467.wav,"আপনার কি কোন প্রশ্ন আছে"
/home/data/raw/bengali/audio/bn_03468.wav,"এটি একটি খুব সুন্দর জায়গা"
/home/data/raw/bengali/audio/bn_03469.wav,"আমাদের সকলের পরিবেশ রক্ষা করা উচিত"
/home/data/raw/bengali/audio/bn_03470.wav,"সে খুব পরিশ্রমী ছেলে"
/home/data/raw/bengali/audio/bn_03471.wav,"আমার এক গ্লাস জল দরকার"
/home/data/raw/bengali/audio/bn_03472.wav,"ডিজিটাল ইন্ডিয়া একটি গুরুত্বপূর্ণ উদ্যোগ"
/home/data/raw/bengali/audio/bn_03473.wav,"খেলাধুলা শিশুদের জন্য ভালো"
/home/data/raw/bengali/audio/bn_03474.wav,"আমি আপনার সাথে একমত"
/home/data/raw/bengali/audio/bn_03475.wav,"সময় খুব মূল্যবান"
/home/data/raw/bengali/audio/bn_03476.wav,"ভারত একটি বৈচিত্র্যময় দেশ"
/home/data/raw/bengali/audio/bn_03477.wav,"দয়া করে এখানে সই করুন"
/home/data/raw/bengali/audio/bn_03478.wav,"এটা আমার বোঝার বাইরে"
/home/data/raw/bengali/audio/bn_03479.wav,"তিনি একটি নতুন রেকর্ড করেছেন"
/home/data/raw/bengali/audio/bn_03480.wav,"শুভেচ্ছা"
/home/data/raw/bengali/audio/bn_03481.wav,"হ্যালো আজ আবহাওয়া খুব ভালো"
/home/data/raw/bengali/audio/bn_03482.wav,"ভারতের রাজধানী নতুন দিল্লি"
/home/data/raw/bengali/audio/bn_03483.wav,"আপনি কি আমাকে সাহায্য করতে পারেন"
/home/data/raw/bengali/audio/bn_03484.wav,"এটি একটি পরীক্ষা"
/home/data/raw/bengali/audio/bn_03485.wav,"দয়া করে ধীরে বলুন আমি বুঝতে পারছি না"
/home/data/raw/bengali/audio/bn_03486.wav,"আপনার নাম কি"
/home/data/raw/bengali/audio/bn_03487.wav,"আমি কাল বাজারে যাব"
/home/data/raw/bengali/audio/bn_03488.wav,"আমাদের সত্য কথা বলা উচিত"
/home/data/raw/bengali/audio/bn_03489.wav,"এই ট্রেনটি কখন ছাড়বে"
/home/data/raw/bengali/audio/bn_03490.wav,"সূর্য পূর্ব দিকে ওঠে"
/home/data/raw/bengali/audio/bn_03491.wav,"আপনি কেমন আছেন"
/home/data/raw/bengali/audio/bn_03492.wav,"বিজ্ঞানীরা একটি নতুন আবিষ্কার করেছেন"
/home/data/raw/bengali/audio/bn_03493.wav,"আমি বাংলা বলতে খুব ভালোবাসি"
/home/data/raw/bengali/audio/bn_03494.wav,"শিক্ষাই সাফল্যের চাবিকাঠি"
/home/data/raw/bengali/audio/bn_03495.wav,"আজকের তাজা খবর কি"
/home/data/raw/bengali/audio/bn_03496.wav,"তিনি তার পড়াশোনা শেষ করেছেন"
/home/data/raw/bengali/audio/bn_03497.wav,"আপনার কি কোন প্রশ্ন আছে"
/home/data/raw/bengali/audio/bn_03498.wav,"এটি একটি খুব সুন্দর জায়গা"
/home/data/raw/bengali/audio/bn_03499.wav,"আমাদের সকলের পরিবেশ রক্ষা করা উচিত"
/home/data/raw/bengali/audio/bn_03500.wav,"সে খুব পরিশ্রমী ছেলে"
/home/data/raw/bengali/audio/bn_03501.wav,"আমার এক গ্লাস জল দরকার"
/home/data/raw/bengali/audio/bn_03502.wav,"ডিজিটাল ইন্ডিয়া একটি গুরুত্বপূর্ণ উদ্যোগ"
/home/data/raw/bengali/audio/bn_03503.wav,"খেলাধুলা শিশুদের জন্য ভালো"
/home/data/raw/bengali/audio/bn_03504.wav,"আমি আপনার সাথে একমত"
/home/data/raw/bengali/audio/bn_03505.wav,"সময় খুব মূল্যবান"
/home/data/raw/bengali/audio/bn_03506.wav,"ভারত একটি বৈচিত্র্যময় দেশ"
/home/data/raw/bengali/audio/bn_03507.wav,"দয়া করে এখানে সই করুন"
/home/data/raw/bengali/audio/bn_03508.wav,"এটা আমার বোঝার বাইরে"
/home/data/raw/bengali/audio/bn_03509.wav,"তিনি একটি নতুন রেকর্ড করেছেন"
/home/data/raw/bengali/audio/bn_03510.wav,"শুভেচ্ছা"
/home/data/raw/bengali/audio/bn_03511.wav,"হ্যালো আজ আবহাওয়া খুব ভালো"
/home/data/raw/bengali/audio/bn_03512.wav,"ভারতের রাজধানী নতুন দিল্লি"
/home/data/raw/bengali/audio/bn_03513.wav,"আপনি কি আমাকে সাহায্য করতে পারেন"
/home/data/raw/bengali/audio/bn_03514.wav,"এটি একটি পরীক্ষা"
/home/data/raw/bengali/audio/bn_03515.wav,"দয়া করে ধীরে বলুন আমি বুঝতে পারছি না"
/home/data/raw/bengali/audio/bn_03516.wav,"আপনার নাম কি"
/home/data/raw/bengali/audio/bn_03517.wav,"আমি কাল বাজারে যাব"
/home/data/raw/bengali/audio/bn_03518.wav,"আমাদের সত্য কথা বলা উচিত"
/home/data/raw/bengali/audio/bn_03519.wav,"এই ট্রেনটি কখন ছাড়বে"
/home/data/raw/bengali/audio/bn_03520.wav,"সূর্য পূর্ব দিকে ওঠে"
/home/data/raw/bengali/audio/bn_03521.wav,"আপনি কেমন আছেন"
/home/data/raw/bengali/audio/bn_03522.wav,"বিজ্ঞানীরা একটি নতুন আবিষ্কার করেছেন"
/home/data/raw/bengali/audio/bn_03523.wav,"আমি বাংলা বলতে খুব ভালোবাসি"
/home/data/raw/bengali/audio/bn_03524.wav,"শিক্ষাই সাফল্যের চাবিকাঠি"
/home/data/raw/bengali/audio/bn_03525.wav,"আজকের তাজা খবর কি"
/home/data/raw/bengali/audio/bn_03526.wav,"তিনি তার পড়াশোনা শেষ করেছেন"
/home/data/raw/bengali/audio/bn_03527.wav,"আপনার কি কোন প্রশ্ন আছে"
/home/data/raw/bengali/audio/bn_03528.wav,"এটি একটি খুব সুন্দর জায়গা"
/home/data/raw/bengali/audio/bn_03529.wav,"আমাদের সকলের পরিবেশ রক্ষা করা উচিত"
/home/data/raw/bengali/audio/bn_03530.wav,"সে খুব পরিশ্রমী ছেলে"
/home/data/raw/bengali/audio/bn_03531.wav,"আমার এক গ্লাস জল দরকার"
/home/data/raw/bengali/audio/bn_03532.wav,"ডিজিটাল ইন্ডিয়া একটি গুরুত্বপূর্ণ উদ্যোগ"
/home/data/raw/bengali/audio/bn_03533.wav,"খেলাধুলা শিশুদের জন্য ভালো"
/home/data/raw/bengali/audio/bn_03534.wav,"আমি আপনার সাথে একমত"
/home/data/raw/bengali/audio/bn_03535.wav,"সময় খুব মূল্যবান"
/home/data/raw/bengali/audio/bn_03536.wav,"ভারত একটি বৈচিত্র্যময় দেশ"
/home/data/raw/bengali/audio/bn_03537.wav,"দয়া করে এখানে সই করুন"
/home/data/raw/bengali/audio/bn_03538.wav,"এটা আমার বোঝার বাইরে"
/home/data/raw/bengali/audio/bn_03539.wav,"তিনি একটি নতুন রেকর্ড করেছেন"
/home/data/raw/bengali/audio/bn_03540.wav,"শুভেচ্ছা"
/home/data/raw/bengali/audio/bn_03541.wav,"হ্যালো আজ আবহাওয়া খুব ভালো"
/home/data/raw/bengali/audio/bn_03542.wav,"ভারতের রাজধানী নতুন দিল্লি"
/home/data/raw/bengali/audio/bn_03543.wav,"আপনি কি আমাকে সাহায্য করতে পারেন"
/home/data/raw/bengali/audio/bn_03544.wav,"এটি একটি পরীক্ষা"
/home/data/raw/bengali/audio/bn_03545.wav,"দয়া করে ধীরে বলুন আমি বুঝতে পারছি না"
/home/data/raw/bengali/audio/bn_03546.wav,"আপনার নাম কি"
/home/data/raw/bengali/audio/bn_03547.wav,"আমি কাল বাজারে যাব"
/home/data/raw/bengali/audio/bn_03548.wav,"আমাদের সত্য কথা বলা উচিত"
/home/data/raw/bengali/audio/bn_03549.wav,"এই ট্রেনটি কখন ছাড়বে"
/home/data/raw/bengali/audio/bn_03550.wav,"সূর্য পূর্ব দিকে ওঠে"
/home/data/raw/bengali/audio/bn_03551.wav,"আপনি কেমন আছেন"
/home/data/raw/bengali/audio/bn_03552.wav,"বিজ্ঞানীরা একটি নতুন আবিষ্কার করেছেন"
/home/data/raw/bengali/audio/bn_03553.wav,"আমি বাংলা বলতে খুব ভালোবাসি"
/home/data/raw/bengali/audio/bn_03554.wav,"শিক্ষাই সাফল্যের চাবিকাঠি"
/home/data/raw/bengali/audio/bn_03555.wav,"আজকের তাজা খবর কি"
/home/data/raw/bengali/audio/bn_03556.wav,"তিনি তার পড়াশোনা শেষ করেছেন"
/home/data/raw/bengali/audio/bn_03557.wav,"আপনার কি কোন প্রশ্ন আছে"
/home/data/raw/bengali/audio/bn_03558.wav,"এটি একটি খুব সুন্দর জায়গা"
/home/data/raw/bengali/audio/bn_03559.wav,"আমাদের সকলের পরিবেশ রক্ষা করা উচিত"
/home/data/raw/bengali/audio/bn_03560.wav,"সে খুব পরিশ্রমী ছেলে"
/home/data/raw/bengali/audio/bn_03561.wav,"আমার এক গ্লাস জল দরকার"
/home/data/raw/bengali/audio/bn_03562.wav,"ডিজিটাল ইন্ডিয়া একটি গুরুত্বপূর্ণ উদ্যোগ"
/home/data/raw/bengali/audio/bn_03563.wav,"খেলাধুলা শিশুদের জন্য ভালো"
/home/data/raw/bengali/audio/bn_03564.wav,"আমি আপনার সাথে একমত"
/home/data/raw/bengali/audio/bn_03565.wav,"সময় খুব মূল্যবান"
/home/data/raw/bengali/audio/bn_03566.wav,"ভারত একটি বৈচিত্র্যময় দেশ"
/home/data/raw/bengali/audio/bn_03567.wav,"দয়া করে এখানে সই করুন"
/home/data/raw/bengali/audio/bn_03568.wav,"এটা আমার বোঝার বাইরে"
/home/data/raw/bengali/audio/bn_03569.wav,"তিনি একটি নতুন রেকর্ড করেছেন"
/home/data/raw/bengali/audio/bn_03570.wav,"শুভেচ্ছা"
/home/data/raw/bengali/audio/bn_03571.wav,"হ্যালো আজ আবহাওয়া খুব ভালো"
/home/data/raw/bengali/audio/bn_03572.wav,"ভারতের রাজধানী নতুন দিল্লি"
/home/data/raw/bengali/audio/bn_03573.wav,"আপনি কি আমাকে সাহায্য করতে পারেন"
/home/data/raw/bengali/audio/bn_03574.wav,"এটি একটি পরীক্ষা"
/home/data/raw/bengali/audio/bn_03575.wav,"দয়া করে ধীরে বলুন আমি বুঝতে পারছি না"
/home/data/raw/bengali/audio/bn_03576.wav,"আপনার নাম কি"
/home/data/raw/bengali/audio/bn_03577.wav,"আমি কাল বাজারে যাব"
/home/data/raw/bengali/audio/bn_03578.wav,"আমাদের সত্য কথা বলা উচিত"
/home/data/raw/bengali/audio/bn_03579.wav,"এই ট্রেনটি কখন ছাড়বে"
/home/data/raw/bengali/audio/bn_03580.wav,"সূর্য পূর্ব দিকে ওঠে"
/home/data/raw/bengali/audio/bn_03581.wav,"আপনি কেমন আছেন"
/home/data/raw/bengali/audio/bn_03582.wav,"বিজ্ঞানীরা একটি নতুন আবিষ্কার করেছেন"
/home/data/raw/bengali/audio/bn_03583.wav,"আমি বাংলা বলতে খুব ভালোবাসি"
/home/data/raw/bengali/audio/bn_03584.wav,"শিক্ষাই সাফল্যের চাবিকাঠি"
/home/data/raw/bengali/audio/bn_03585.wav,"আজকের তাজা খবর কি"
/home/data/raw/bengali/audio/bn_03586.wav,"তিনি তার পড়াশোনা শেষ করেছেন"
/home/data/raw/bengali/audio/bn_03587.wav,"আপনার কি কোন প্রশ্ন আছে"
/home/data/raw/bengali/audio/bn_03588.wav,"এটি একটি খুব সুন্দর জায়গা"
/home/data/raw/bengali/audio/bn_03589.wav,"আমাদের সকলের পরিবেশ রক্ষা করা উচিত"
/home/data/raw/bengali/audio/bn_03590.wav,"সে খুব পরিশ্রমী ছেলে"
/home/data/raw/bengali/audio/bn_03591.wav,"আমার এক গ্লাস জল দরকার"
/home/data/raw/bengali/audio/bn_03592.wav,"ডিজিটাল ইন্ডিয়া একটি গুরুত্বপূর্ণ উদ্যোগ"
/home/data/raw/bengali/audio/bn_03593.wav,"খেলাধুলা শিশুদের জন্য ভালো"
/home/data/raw/bengali/audio/bn_03594.wav,"আমি আপনার সাথে একমত"
/home/data/raw/bengali/audio/bn_03595.wav,"সময় খুব মূল্যবান"
/home/data/raw/bengali/audio/bn_03596.wav,"ভারত একটি বৈচিত্র্যময় দেশ"
/home/data/raw/bengali/audio/bn_03597.wav,"দয়া করে এখানে সই করুন"
/home/data/raw/bengali/audio/bn_03598.wav,"এটা আমার বোঝার বাইরে"
/home/data/raw/bengali/audio/bn_03599.wav,"তিনি একটি নতুন রেকর্ড করেছেন"
/home/data/raw/bengali/audio/bn_03600.wav,"শুভেচ্ছা"
/home/data/raw/bengali/audio/bn_03601.wav,"হ্যালো আজ আবহাওয়া খুব ভালো"
/home/data/raw/bengali/audio/bn_03602.wav,"ভারতের রাজধানী নতুন দিল্লি"
/home/data/raw/bengali/audio/bn_03603.wav,"আপনি কি আমাকে সাহায্য করতে পারেন"
/home/data/raw/bengali/audio/bn_03604.wav,"এটি একটি পরীক্ষা"
/home/data/raw/bengali/audio/bn_03605.wav,"দয়া করে ধীরে বলুন আমি বুঝতে পারছি না"
/home/data/raw/bengali/audio/bn_03606.wav,"আপনার নাম কি"
/home/data/raw/bengali/audio/bn_03607.wav,"আমি কাল বাজারে যাব"
/home/data/raw/bengali/audio/bn_03608.wav,"আমাদের সত্য কথা বলা উচিত"
/home/data/raw/bengali/audio/bn_03609.wav,"এই ট্রেনটি কখন ছাড়বে"
/home/data/raw/bengali/audio/bn_03610.wav,"সূর্য পূর্ব দিকে ওঠে"
/home/data/raw/bengali/audio/bn_03611.wav,"আপনি কেমন আছেন"
/home/data/raw/bengali/audio/bn_03612.wav,"বিজ্ঞানীরা একটি নতুন আবিষ্কার করেছেন"
/home/data/raw/bengali/audio/bn_03613.wav,"আমি বাংলা বলতে খুব ভালোবাসি"
/home/data/raw/bengali/audio/bn_03614.wav,"শিক্ষাই সাফল্যের চাবিকাঠি"
/home/data/raw/bengali/audio/bn_03615.wav,"আজকের তাজা খবর কি"
/home/data/raw/bengali/audio/bn_03616.wav,"তিনি তার পড়াশোনা শেষ করেছেন"
/home/data/raw/bengali/audio/bn_03617.wav,"আপনার কি কোন প্রশ্ন আছে"
/home/data/raw/bengali/audio/bn_03618.wav,"এটি একটি খুব সুন্দর জায়গা"
/home/data/raw/bengali/audio/bn_03619.wav,"আমাদের সকলের পরিবেশ রক্ষা করা উচিত"
/home/data/raw/bengali/audio/bn_03620.wav,"সে খুব পরিশ্রমী ছেলে"
/home/data/raw/bengali/audio/bn_03621.wav,"আমার এক গ্লাস জল দরকার"
/home/data/raw/bengali/audio/bn_03622.wav,"ডিজিটাল ইন্ডিয়া একটি গুরুত্বপূর্ণ উদ্যোগ"
/home/data/raw/bengali/audio/bn_03623.wav,"খেলাধুলা শিশুদের জন্য ভালো"
/home/data/raw/bengali/audio/bn_03624.wav,"আমি আপনার সাথে একমত"
/home/data/raw/bengali/audio/bn_03625.wav,"সময় খুব মূল্যবান"
/home/data/raw/bengali/audio/bn_03626.wav,"ভারত একটি বৈচিত্র্যময় দেশ"
/home/data/raw/bengali/audio/bn_03627.wav,"দয়া করে এখানে সই করুন"
/home/data/raw/bengali/audio/bn_03628.wav,"এটা আমার বোঝার বাইরে"
/home/data/raw/bengali/audio/bn_03629.wav,"তিনি একটি নতুন রেকর্ড করেছেন"
/home/data/raw/bengali/audio/bn_03630.wav,"শুভেচ্ছা"
/home/data/raw/bengali/audio/bn_03631.wav,"হ্যালো আজ আবহাওয়া খুব ভালো"
/home/data/raw/bengali/audio/bn_03632.wav,"ভারতের রাজধানী নতুন দিল্লি"
/home/data/raw/bengali/audio/bn_03633.wav,"আপনি কি আমাকে সাহায্য করতে পারেন"
/home/data/raw/bengali/audio/bn_03634.wav,"এটি একটি পরীক্ষা"
/home/data/raw/bengali/audio/bn_03635.wav,"দয়া করে ধীরে বলুন আমি বুঝতে পারছি না"
/home/data/raw/bengali/audio/bn_03636.wav,"আপনার নাম কি"
/home/data/raw/bengali/audio/bn_03637.wav,"আমি কাল বাজারে যাব"
/home/data/raw/bengali/audio/bn_03638.wav,"আমাদের সত্য কথা বলা উচিত"
/home/data/raw/bengali/audio/bn_03639.wav,"এই ট্রেনটি কখন ছাড়বে"
/home/data/raw/bengali/audio/bn_03640.wav,"সূর্য পূর্ব দিকে ওঠে"
/home/data/raw/bengali/audio/bn_03641.wav,"আপনি কেমন আছেন"
/home/data/raw/bengali/audio/bn_03642.wav,"বিজ্ঞানীরা একটি নতুন আবিষ্কার করেছেন"
/home/data/raw/bengali/audio/bn_03643.wav,"আমি বাংলা বলতে খুব ভালোবাসি"
/home/data/raw/bengali/audio/bn_03644.wav,"শিক্ষাই সাফল্যের চাবিকাঠি"
/home/data/raw/bengali/audio/bn_03645.wav,"আজকের তাজা খবর কি"
/home/data/raw/bengali/audio/bn_03646.wav,"তিনি তার পড়াশোনা শেষ করেছেন"
/home/data/raw/bengali/audio/bn_03647.wav,"আপনার কি কোন প্রশ্ন আছে"
/home/data/raw/bengali/audio/bn_03648.wav,"এটি একটি খুব সুন্দর জায়গা"
/home/data/raw/bengali/audio/bn_03649.wav,"আমাদের সকলের পরিবেশ রক্ষা করা উচিত"
/home/data/raw/bengali/audio/bn_03650.wav,"সে খুব পরিশ্রমী ছেলে"
/home/data/raw/bengali/audio/bn_03651.wav,"আমার এক গ্লাস জল দরকার"
/home/data/raw/bengali/audio/bn_03652.wav,"ডিজিটাল ইন্ডিয়া একটি গুরুত্বপূর্ণ উদ্যোগ"
/home/data/raw/bengali/audio/bn_03653.wav,"খেলাধুলা শিশুদের জন্য ভালো"
/home/data/raw/bengali/audio/bn_03654.wav,"আমি আপনার সাথে একমত"
/home/data/raw/bengali/audio/bn_03655.wav,"সময় খুব মূল্যবান"
/home/data/raw/bengali/audio/bn_03656.wav,"ভারত একটি বৈচিত্র্যময় দেশ"
/home/data/raw/bengali/audio/bn_03657.wav,"দয়া করে এখানে সই করুন"
/home/data/raw/bengali/audio/bn_03658.wav,"এটা আমার বোঝার বাইরে"
/home/data/raw/bengali/audio/bn_03659.wav,"তিনি একটি নতুন রেকর্ড করেছেন"
/home/data/raw/bengali/audio/bn_03660.wav,"শুভেচ্ছা"
/home/data/raw/bengali/audio/bn_03661.wav,"হ্যালো আজ আবহাওয়া খুব ভালো"
/home/data/raw/bengali/audio/bn_03662.wav,"ভারতের রাজধানী নতুন দিল্লি"
/home/data/raw/bengali/audio/bn_03663.wav,"আপনি কি আমাকে সাহায্য করতে পারেন"
/home/data/raw/bengali/audio/bn_03664.wav,"এটি একটি পরীক্ষা"
/home/data/raw/bengali/audio/bn_03665.wav,"দয়া করে ধীরে বলুন আমি বুঝতে পারছি না"
/home/data/raw/bengali/audio/bn_03666.wav,"আপনার নাম কি"
/home/data/raw/bengali/audio/bn_03667.wav,"আমি কাল বাজারে যাব"
/home/data/raw/bengali/audio/bn_03668.wav,"আমাদের সত্য কথা বলা উচিত"
/home/data/raw/bengali/audio/bn_03669.wav,"এই ট্রেনটি কখন ছাড়বে"
/home/data/raw/bengali/audio/bn_03670.wav,"সূর্য পূর্ব দিকে ওঠে"
/home/data/raw/bengali/audio/bn_03671.wav,"আপনি কেমন আছেন"
/home/data/raw/bengali/audio/bn_03672.wav,"বিজ্ঞানীরা একটি নতুন আবিষ্কার করেছেন"
/home/data/raw/bengali/audio/bn_03673.wav,"আমি বাংলা বলতে খুব ভালোবাসি"
/home/data/raw/bengali/audio/bn_03674.wav,"শিক্ষাই সাফল্যের চাবিকাঠি"
/home/data/raw/bengali/audio/bn_03675.wav,"আজকের তাজা খবর কি"
/home/data/raw/bengali/audio/bn_03676.wav,"তিনি তার পড়াশোনা শেষ করেছেন"
/home/data/raw/bengali/audio/bn_03677.wav,"আপনার কি কোন প্রশ্ন আছে"
/home/data/raw/bengali/audio/bn_03678.wav,"এটি একটি খুব সুন্দর জায়গা"
/home/data/raw/bengali/audio/bn_03679.wav,"আমাদের সকলের পরিবেশ রক্ষা করা উচিত"
/home/data/raw/bengali/audio/bn_03680.wav,"সে খুব পরিশ্রমী ছেলে"
/home/data/raw/bengali/audio/bn_03681.wav,"আমার এক গ্লাস জল দরকার"
/home/data/raw/bengali/audio/bn_03682.wav,"ডিজিটাল ইন্ডিয়া একটি গুরুত্বপূর্ণ উদ্যোগ"
/home/data/raw/bengali/audio/bn_03683.wav,"খেলাধুলা শিশুদের জন্য ভালো"
/home/data/raw/bengali/audio/bn_03684.wav,"আমি আপনার সাথে একমত"
/home/data/raw/bengali/audio/bn_03685.wav,"সময় খুব মূল্যবান"
/home/data/raw/bengali/audio/bn_03686.wav,"ভারত একটি বৈচিত্র্যময় দেশ"
/home/data/raw/bengali/audio/bn_03687.wav,"দয়া করে এখানে সই করুন"
/home/data/raw/bengali/audio/bn_03688.wav,"এটা আমার বোঝার বাইরে"
/home/data/raw/bengali/audio/bn_03689.wav,"তিনি একটি নতুন রেকর্ড করেছেন"
/home/data/raw/bengali/audio/bn_03690.wav,"শুভেচ্ছা"
/home/data/raw/bengali/audio/bn_03691.wav,"হ্যালো আজ আবহাওয়া খুব ভালো"
/home/data/raw/bengali/audio/bn_03692.wav,"ভারতের রাজধানী নতুন দিল্লি"
/home/data/raw/bengali/audio/bn_03693.wav,"আপনি কি আমাকে সাহায্য করতে পারেন"
/home/data/raw/bengali/audio/bn_03694.wav,"এটি একটি পরীক্ষা"
/home/data/raw/bengali/audio/bn_03695.wav,"দয়া করে ধীরে বলুন আমি বুঝতে পারছি না"
/home/data/raw/bengali/audio/bn_03696.wav,"আপনার নাম কি"
/home/data/raw/bengali/audio/bn_03697.wav,"আমি কাল বাজারে যাব"
/home/data/raw/bengali/audio/bn_03698.wav,"আমাদের সত্য কথা বলা উচিত"
/home/data/raw/bengali/audio/bn_03699.wav,"এই ট্রেনটি কখন ছাড়বে"
/home/data/raw/bengali/audio/bn_03700.wav,"সূর্য পূর্ব দিকে ওঠে"
/home/data/raw/bengali/audio/bn_03701.wav,"আপনি কেমন আছেন"
/home/data/raw/bengali/audio/bn_03702.wav,"বিজ্ঞানীরা একটি নতুন আবিষ্কার করেছেন"
/home/data/raw/bengali/audio/bn_03703.wav,"আমি বাংলা বলতে খুব ভালোবাসি"
/home/data/raw/bengali/audio/bn_03704.wav,"শিক্ষাই সাফল্যের চাবিকাঠি"
/home/data/raw/bengali/audio/bn_03705.wav,"আজকের তাজা খবর কি"
/home/data/raw/bengali/audio/bn_03706.wav,"তিনি তার পড়াশোনা শেষ করেছেন"
/home/data/raw/bengali/audio/bn_03707.wav,"আপনার কি কোন প্রশ্ন আছে"
/home/data/raw/bengali/audio/bn_03708.wav,"এটি একটি খুব সুন্দর জায়গা"
/home/data/raw/bengali/audio/bn_03709.wav,"আমাদের সকলের পরিবেশ রক্ষা করা উচিত"
/home/data/raw/bengali/audio/bn_03710.wav,"সে খুব পরিশ্রমী ছেলে"
/home/data/raw/bengali/audio/bn_03711.wav,"আমার এক গ্লাস জল দরকার"
/home/data/raw/bengali/audio/bn_03712.wav,"ডিজিটাল ইন্ডিয়া একটি গুরুত্বপূর্ণ উদ্যোগ"
/home/data/raw/bengali/audio/bn_03713.wav,"খেলাধুলা শিশুদের জন্য ভালো"
/home/data/raw/bengali/audio/bn_03714.wav,"আমি আপনার সাথে একমত"
/home/data/raw/bengali/audio/bn_03715.wav,"সময় খুব মূল্যবান"
/home/data/raw/bengali/audio/bn_03716.wav,"ভারত একটি বৈচিত্র্যময় দেশ"
/home/data/raw/bengali/audio/bn_03717.wav,"দয়া করে এখানে সই করুন"
/home/data/raw/bengali/audio/bn_03718.wav,"এটা আমার বোঝার বাইরে"
/home/data/raw/bengali/audio/bn_03719.wav,"তিনি একটি নতুন রেকর্ড করেছেন"
/home/data/raw/bengali/audio/bn_03720.wav,"শুভেচ্ছা"
/home/data/raw/bengali/audio/bn_03721.wav,"হ্যালো আজ আবহাওয়া খুব ভালো"
/home/data/raw/bengali/audio/bn_03722.wav,"ভারতের রাজধানী নতুন দিল্লি"
/home/data/raw/bengali/audio/bn_03723.wav,"আপনি কি আমাকে সাহায্য করতে পারেন"
/home/data/raw/bengali/audio/bn_03724.wav,"এটি একটি পরীক্ষা"
/home/data/raw/bengali/audio/bn_03725.wav,"দয়া করে ধীরে বলুন আমি বুঝতে পারছি না"
/home/data/raw/bengali/audio/bn_03726.wav,"আপনার নাম কি"
/home/data/raw/bengali/audio/bn_03727.wav,"আমি কাল বাজারে যাব"
/home/data/raw/bengali/audio/bn_03728.wav,"আমাদের সত্য কথা বলা উচিত"
/home/data/raw/bengali/audio/bn_03729.wav,"এই ট্রেনটি কখন ছাড়বে"
/home/data/raw/bengali/audio/bn_03730.wav,"সূর্য পূর্ব দিকে ওঠে"
/home/data/raw/bengali/audio/bn_03731.wav,"আপনি কেমন আছেন"
/home/data/raw/bengali/audio/bn_03732.wav,"বিজ্ঞানীরা একটি নতুন আবিষ্কার করেছেন"
/home/data/raw/bengali/audio/bn_03733.wav,"আমি বাংলা বলতে খুব ভালোবাসি"
/home/data/raw/bengali/audio/bn_03734.wav,"শিক্ষাই সাফল্যের চাবিকাঠি"
/home/data/raw/bengali/audio/bn_03735.wav,"আজকের তাজা খবর কি"
/home/data/raw/bengali/audio/bn_03736.wav,"তিনি তার পড়াশোনা শেষ করেছেন"
/home/data/raw/bengali/audio/bn_03737.wav,"আপনার কি কোন প্রশ্ন আছে"
/home/data/raw/bengali/audio/bn_03738.wav,"এটি একটি খুব সুন্দর জায়গা"
/home/data/raw/bengali/audio/bn_03739.wav,"আমাদের সকলের পরিবেশ রক্ষা করা উচিত"
/home/data/raw/bengali/audio/bn_03740.wav,"সে খুব পরিশ্রমী ছেলে"
/home/data/raw/bengali/audio/bn_03741.wav,"আমার এক গ্লাস জল দরকার"
/home/data/raw/bengali/audio/bn_03742.wav,"ডিজিটাল ইন্ডিয়া একটি গুরুত্বপূর্ণ উদ্যোগ"
/home/data/raw/bengali/audio/bn_03743.wav,"খেলাধুলা শিশুদের জন্য ভালো"
/home/data/raw/bengali/audio/bn_03744.wav,"আমি আপনার সাথে একমত"
/home/data/raw/bengali/audio/bn_03745.wav,"সময় খুব মূল্যবান"
/home/data/raw/bengali/audio/bn_03746.wav,"ভারত একটি বৈচিত্র্যময় দেশ"
/home/data/raw/bengali/audio/bn_03747.wav,"দয়া করে এখানে সই করুন"
/home/data/raw/bengali/audio/bn_03748.wav,"এটা আমার বোঝার বাইরে"
/home/data/raw/bengali/audio/bn_03749.wav,"তিনি একটি নতুন রেকর্ড করেছেন"
/home/data/raw/bengali/audio/bn_03750.wav,"শুভেচ্ছা"
/home/data/raw/bengali/audio/bn_03751.wav,"হ্যালো আজ আবহাওয়া খুব ভালো"
/home/data/raw/bengali/audio/bn_03752.wav,"ভারতের রাজধানী নতুন দিল্লি"
/home/data/raw/bengali/audio/bn_03753.wav,"আপনি কি আমাকে সাহায্য করতে পারেন"
/home/data/raw/bengali/audio/bn_03754.wav,"এটি একটি পরীক্ষা"
/home/data/raw/bengali/audio/bn_03755.wav,"দয়া করে ধীরে বলুন আমি বুঝতে পারছি না"
/home/data/raw/bengali/audio/bn_03756.wav,"আপনার নাম কি"
/home/data/raw/bengali/audio/bn_03757.wav,"আমি কাল বাজারে যাব"
/home/data/raw/bengali/audio/bn_03758.wav,"আমাদের সত্য কথা বলা উচিত"
/home/data/raw/bengali/audio/bn_03759.wav,"এই ট্রেনটি কখন ছাড়বে"
/home/data/raw/bengali/audio/bn_03760.wav,"সূর্য পূর্ব দিকে ওঠে"
/home/data/raw/bengali/audio/bn_03761.wav,"আপনি কেমন আছেন"
/home/data/raw/bengali/audio/bn_03762.wav,"বিজ্ঞানীরা একটি নতুন আবিষ্কার করেছেন"
/home/data/raw/bengali/audio/bn_03763.wav,"আমি বাংলা বলতে খুব ভালোবাসি"
/home/data/raw/bengali/audio/bn_03764.wav,"শিক্ষাই সাফল্যের চাবিকাঠি"
/home/data/raw/bengali/audio/bn_03765.wav,"আজকের তাজা খবর কি"
/home/data/raw/bengali/audio/bn_03766.wav,"তিনি তার পড়াশোনা শেষ করেছেন"
/home/data/raw/bengali/audio/bn_03767.wav,"আপনার কি কোন প্রশ্ন আছে"
/home/data/raw/bengali/audio/bn_03768.wav,"এটি একটি খুব সুন্দর জায়গা"
/home/data/raw/bengali/audio/bn_03769.wav,"আমাদের সকলের পরিবেশ রক্ষা করা উচিত"
/home/data/raw/bengali/audio/bn_03770.wav,"সে খুব পরিশ্রমী ছেলে"
/home/data/raw/bengali/audio/bn_03771.wav,"আমার এক গ্লাস জল দরকার"
/home/data/raw/bengali/audio/bn_03772.wav,"ডিজিটাল ইন্ডিয়া একটি গুরুত্বপূর্ণ উদ্যোগ"
/home/data/raw/bengali/audio/bn_03773.wav,"খেলাধুলা শিশুদের জন্য ভালো"
/home/data/raw/bengali/audio/bn_03774.wav,"আমি আপনার সাথে একমত"
/home/data/raw/bengali/audio/bn_03775.wav,"সময় খুব মূল্যবান"
/home/data/raw/bengali/audio/bn_03776.wav,"ভারত একটি বৈচিত্র্যময় দেশ"
/home/data/raw/bengali/audio/bn_03777.wav,"দয়া করে এখানে সই করুন"
/home/data/raw/bengali/audio/bn_03778.wav,"এটা আমার বোঝার বাইরে"
/home/data/raw/bengali/audio/bn_03779.wav,"তিনি একটি নতুন রেকর্ড করেছেন"
/home/data/raw/bengali/audio/bn_03780.wav,"শুভেচ্ছা"
/home/data/raw/bengali/audio/bn_03781.wav,"হ্যালো আজ আবহাওয়া খুব ভালো"
/home/data/raw/bengali/audio/bn_03782.wav,"ভারতের রাজধানী নতুন দিল্লি"
/home/data/raw/bengali/audio/bn_03783.wav,"আপনি কি আমাকে সাহায্য করতে পারেন"
/home/data/raw/bengali/audio/bn_03784.wav,"এটি একটি পরীক্ষা"
/home/data/raw/bengali/audio/bn_03785.wav,"দয়া করে ধীরে বলুন আমি বুঝতে পারছি না"
/home/data/raw/bengali/audio/bn_03786.wav,"আপনার নাম কি"
/home/data/raw/bengali/audio/bn_03787.wav,"আমি কাল বাজারে যাব"
/home/data/raw/bengali/audio/bn_03788.wav,"আমাদের সত্য কথা বলা উচিত"
/home/data/raw/bengali/audio/bn_03789.wav,"এই ট্রেনটি কখন ছাড়বে"
/home/data/raw/bengali/audio/bn_03790.wav,"সূর্য পূর্ব দিকে ওঠে"
/home/data/raw/bengali/audio/bn_03791.wav,"আপনি কেমন আছেন"
/home/data/raw/bengali/audio/bn_03792.wav,"বিজ্ঞানীরা একটি নতুন আবিষ্কার করেছেন"
/home/data/raw/bengali/audio/bn_03793.wav,"আমি বাংলা বলতে খুব ভালোবাসি"
/home/data/raw/bengali/audio/bn_03794.wav,"শিক্ষাই সাফল্যের চাবিকাঠি"
/home/data/raw/bengali/audio/bn_03795.wav,"আজকের তাজা খবর কি"
/home/data/raw/bengali/audio/bn_03796.wav,"তিনি তার পড়াশোনা শেষ করেছেন"
/home/data/raw/bengali/audio/bn_03797.wav,"আপনার কি কোন প্রশ্ন আছে"
/home/data/raw/bengali/audio/bn_03798.wav,"এটি একটি খুব সুন্দর জায়গা"
/home/data/raw/bengali/audio/bn_03799.wav,"আমাদের সকলের পরিবেশ রক্ষা করা উচিত"
/home/data/raw/bengali/audio/bn_03800.wav,"সে খুব পরিশ্রমী ছেলে"
/home/data/raw/bengali/audio/bn_03801.wav,"আমার এক গ্লাস জল দরকার"
/home/data/raw/bengali/audio/bn_03802.wav,"ডিজিটাল ইন্ডিয়া একটি গুরুত্বপূর্ণ উদ্যোগ"
/home/data/raw/bengali/audio/bn_03803.wav,"খেলাধুলা শিশুদের জন্য ভালো"
/home/data/raw/bengali/audio/bn_03804.wav,"আমি আপনার সাথে একমত"
/home/data/raw/bengali/audio/bn_03805.wav,"সময় খুব মূল্যবান"
/home/data/raw/bengali/audio/bn_03806.wav,"ভারত একটি বৈচিত্র্যময় দেশ"
/home/data/raw/bengali/audio/bn_03807.wav,"দয়া করে এখানে সই করুন"
/home/data/raw/bengali/audio/bn_03808.wav,"এটা আমার বোঝার বাইরে"
/home/data/raw/bengali/audio/bn_03809.wav,"তিনি একটি নতুন রেকর্ড করেছেন"
/home/data/raw/bengali/audio/bn_03810.wav,"শুভেচ্ছা"
/home/data/raw/bengali/audio/bn_03811.wav,"হ্যালো আজ আবহাওয়া খুব ভালো"
/home/data/raw/bengali/audio/bn_03812.wav,"ভারতের রাজধানী নতুন দিল্লি"
/home/data/raw/bengali/audio/bn_03813.wav,"আপনি কি আমাকে সাহায্য করতে পারেন"
/home/data/raw/bengali/audio/bn_03814.wav,"এটি একটি পরীক্ষা"
/home/data/raw/bengali/audio/bn_03815.wav,"দয়া করে ধীরে বলুন আমি বুঝতে পারছি না"
/home/data/raw/bengali/audio/bn_03816.wav,"আপনার নাম কি"
/home/data/raw/bengali/audio/bn_03817.wav,"আমি কাল বাজারে যাব"
/home/data/raw/bengali/audio/bn_03818.wav,"আমাদের সত্য কথা বলা উচিত"
/home/data/raw/bengali/audio/bn_03819.wav,"এই ট্রেনটি কখন ছাড়বে"
/home/data/raw/bengali/audio/bn_03820.wav,"সূর্য পূর্ব দিকে ওঠে"
/home/data/raw/bengali/audio/bn_03821.wav,"আপনি কেমন আছেন"
/home/data/raw/bengali/audio/bn_03822.wav,"বিজ্ঞানীরা একটি নতুন আবিষ্কার করেছেন"
/home/data/raw/bengali/audio/bn_03823.wav,"আমি বাংলা বলতে খুব ভালোবাসি"
/home/data/raw/bengali/audio/bn_03824.wav,"শিক্ষাই সাফল্যের চাবিকাঠি"
/home/data/raw/bengali/audio/bn_03825.wav,"আজকের তাজা খবর কি"
/home/data/raw/bengali/audio/bn_03826.wav,"তিনি তার পড়াশোনা শেষ করেছেন"
/home/data/raw/bengali/audio/bn_03827.wav,"আপনার কি কোন প্রশ্ন আছে"
/home/data/raw/bengali/audio/bn_03828.wav,"এটি একটি খুব সুন্দর জায়গা"
/home/data/raw/bengali/audio/bn_03829.wav,"আমাদের সকলের পরিবেশ রক্ষা করা উচিত"
/home/data/raw/bengali/audio/bn_03830.wav,"সে খুব পরিশ্রমী ছেলে"
/home/data/raw/bengali/audio/bn_03831.wav,"আমার এক গ্লাস জল দরকার"
/home/data/raw/bengali/audio/bn_03832.wav,"ডিজিটাল ইন্ডিয়া একটি গুরুত্বপূর্ণ উদ্যোগ"
/home/data/raw/bengali/audio/bn_03833.wav,"খেলাধুলা শিশুদের জন্য ভালো"
/home/data/raw/bengali/audio/bn_03834.wav,"আমি আপনার সাথে একমত"
/home/data/raw/bengali/audio/bn_03835.wav,"সময় খুব মূল্যবান"
/home/data/raw/bengali/audio/bn_03836.wav,"ভারত একটি বৈচিত্র্যময় দেশ"
/home/data/raw/bengali/audio/bn_03837.wav,"দয়া করে এখানে সই করুন"
/home/data/raw/bengali/audio/bn_03838.wav,"এটা আমার বোঝার বাইরে"
/home/data/raw/bengali/audio/bn_03839.wav,"তিনি একটি নতুন রেকর্ড করেছেন"
/home/data/raw/bengali/audio/bn_03840.wav,"শুভেচ্ছা"
/home/data/raw/bengali/audio/bn_03841.wav,"হ্যালো আজ আবহাওয়া খুব ভালো"
/home/data/raw/bengali/audio/bn_03842.wav,"ভারতের রাজধানী নতুন দিল্লি"
/home/data/raw/bengali/audio/bn_03843.wav,"আপনি কি আমাকে সাহায্য করতে পারেন"
/home/data/raw/bengali/audio/bn_03844.wav,"এটি একটি পরীক্ষা"
/home/data/raw/bengali/audio/bn_03845.wav,"দয়া করে ধীরে বলুন আমি বুঝতে পারছি না"
/home/data/raw/bengali/audio/bn_03846.wav,"আপনার নাম কি"
/home/data/raw/bengali/audio/bn_03847.wav,"আমি কাল বাজারে যাব"
/home/data/raw/bengali/audio/bn_03848.wav,"আমাদের সত্য কথা বলা উচিত"
/home/data/raw/bengali/audio/bn_03849.wav,"এই ট্রেনটি কখন ছাড়বে"
/home/data/raw/bengali/audio/bn_03850.wav,"সূর্য পূর্ব দিকে ওঠে"
/home/data/raw/bengali/audio/bn_03851.wav,"আপনি কেমন আছেন"
/home/data/raw/bengali/audio/bn_03852.wav,"বিজ্ঞানীরা একটি নতুন আবিষ্কার করেছেন"
/home/data/raw/bengali/audio/bn_03853.wav,"আমি বাংলা বলতে খুব ভালোবাসি"
/home/data/raw/bengali/audio/bn_03854.wav,"শিক্ষাই সাফল্যের চাবিকাঠি"
/home/data/raw/bengali/audio/bn_03855.wav,"আজকের তাজা খবর কি"
/home/data/raw/bengali/audio/bn_03856.wav,"তিনি তার পড়াশোনা শেষ করেছেন"
/home/data/raw/bengali/audio/bn_03857.wav,"আপনার কি কোন প্রশ্ন আছে"
/home/data/raw/bengali/audio/bn_03858.wav,"এটি একটি খুব সুন্দর জায়গা"
/home/data/raw/bengali/audio/bn_03859.wav,"আমাদের সকলের পরিবেশ রক্ষা করা উচিত"
/home/data/raw/bengali/audio/bn_03860.wav,"সে খুব পরিশ্রমী ছেলে"
/home/data/raw/bengali/audio/bn_03861.wav,"আমার এক গ্লাস জল দরকার"
/home/data/raw/bengali/audio/bn_03862.wav,"ডিজিটাল ইন্ডিয়া একটি গুরুত্বপূর্ণ উদ্যোগ"
/home/data/raw/bengali/audio/bn_03863.wav,"খেলাধুলা শিশুদের জন্য ভালো"
/home/data/raw/bengali/audio/bn_03864.wav,"আমি আপনার সাথে একমত"
/home/data/raw/bengali/audio/bn_03865.wav,"সময় খুব মূল্যবান"
/home/data/raw/bengali/audio/bn_03866.wav,"ভারত একটি বৈচিত্র্যময় দেশ"
/home/data/raw/bengali/audio/bn_03867.wav,"দয়া করে এখানে সই করুন"
/home/data/raw/bengali/audio/bn_03868.wav,"এটা আমার বোঝার বাইরে"
/home/data/raw/bengali/audio/bn_03869.wav,"তিনি একটি নতুন রেকর্ড করেছেন"
/home/data/raw/bengali/audio/bn_03870.wav,"শুভেচ্ছা"
/home/data/raw/bengali/audio/bn_03871.wav,"হ্যালো আজ আবহাওয়া খুব ভালো"
/home/data/raw/bengali/audio/bn_03872.wav,"ভারতের রাজধানী নতুন দিল্লি"
/home/data/raw/bengali/audio/bn_03873.wav,"আপনি কি আমাকে সাহায্য করতে পারেন"
/home/data/raw/bengali/audio/bn_03874.wav,"এটি একটি পরীক্ষা"
/home/data/raw/bengali/audio/bn_03875.wav,"দয়া করে ধীরে বলুন আমি বুঝতে পারছি না"
/home/data/raw/bengali/audio/bn_03876.wav,"আপনার নাম কি"
/home/data/raw/bengali/audio/bn_03877.wav,"আমি কাল বাজারে যাব"
/home/data/raw/bengali/audio/bn_03878.wav,"আমাদের সত্য কথা বলা উচিত"
/home/data/raw/bengali/audio/bn_03879.wav,"এই ট্রেনটি কখন ছাড়বে"
/home/data/raw/bengali/audio/bn_03880.wav,"সূর্য পূর্ব দিকে ওঠে"
/home/data/raw/bengali/audio/bn_03881.wav,"আপনি কেমন আছেন"
/home/data/raw/bengali/audio/bn_03882.wav,"বিজ্ঞানীরা একটি নতুন আবিষ্কার করেছেন"
/home/data/raw/bengali/audio/bn_03883.wav,"আমি বাংলা বলতে খুব ভালোবাসি"
/home/data/raw/bengali/audio/bn_03884.wav,"শিক্ষাই সাফল্যের চাবিকাঠি"
/home/data/raw/bengali/audio/bn_03885.wav,"আজকের তাজা খবর কি"
/home/data/raw/bengali/audio/bn_03886.wav,"তিনি তার পড়াশোনা শেষ করেছেন"
/home/data/raw/bengali/audio/bn_03887.wav,"আপনার কি কোন প্রশ্ন আছে"
/home/data/raw/bengali/audio/bn_03888.wav,"এটি একটি খুব সুন্দর জায়গা"
/home/data/raw/bengali/audio/bn_03889.wav,"আমাদের সকলের পরিবেশ রক্ষা করা উচিত"
/home/data/raw/bengali/audio/bn_03890.wav,"সে খুব পরিশ্রমী ছেলে"
/home/data/raw/bengali/audio/bn_03891.wav,"আমার এক গ্লাস জল দরকার"
/home/data/raw/bengali/audio/bn_03892.wav,"ডিজিটাল ইন্ডিয়া একটি গুরুত্বপূর্ণ উদ্যোগ"
/home/data/raw/bengali/audio/bn_03893.wav,"খেলাধুলা শিশুদের জন্য ভালো"
/home/data/raw/bengali/audio/bn_03894.wav,"আমি আপনার সাথে একমত"
/home/data/raw/bengali/audio/bn_03895.wav,"সময় খুব মূল্যবান"
/home/data/raw/bengali/audio/bn_03896.wav,"ভারত একটি বৈচিত্র্যময় দেশ"
/home/data/raw/bengali/audio/bn_03897.wav,"দয়া করে এখানে সই করুন"
/home/data/raw/bengali/audio/bn_03898.wav,"এটা আমার বোঝার বাইরে"
/home/data/raw/bengali/audio/bn_03899.wav,"তিনি একটি নতুন রেকর্ড করেছেন"
/home/data/raw/bengali/audio/bn_03900.wav,"শুভেচ্ছা"
/home/data/raw/bengali/audio/bn_03901.wav,"হ্যালো আজ আবহাওয়া খুব ভালো"
/home/data/raw/bengali/audio/bn_03902.wav,"ভারতের রাজধানী নতুন দিল্লি"
/home/data/raw/bengali/audio/bn_03903.wav,"আপনি কি আমাকে সাহায্য করতে পারেন"
/home/data/raw/bengali/audio/bn_03904.wav,"এটি একটি পরীক্ষা"
/home/data/raw/bengali/audio/bn_03905.wav,"দয়া করে ধীরে বলুন আমি বুঝতে পারছি না"
/home/data/raw/bengali/audio/bn_03906.wav,"আপনার নাম কি"
/home/data/raw/bengali/audio/bn_03907.wav,"আমি কাল বাজারে যাব"
/home/data/raw/bengali/audio/bn_03908.wav,"আমাদের সত্য কথা বলা উচিত"
/home/data/raw/bengali/audio/bn_03909.wav,"এই ট্রেনটি কখন ছাড়বে"
/home/data/raw/bengali/audio/bn_03910.wav,"সূর্য পূর্ব দিকে ওঠে"
/home/data/raw/bengali/audio/bn_03911.wav,"আপনি কেমন আছেন"
/home/data/raw/bengali/audio/bn_03912.wav,"বিজ্ঞানীরা একটি নতুন আবিষ্কার করেছেন"
/home/data/raw/bengali/audio/bn_03913.wav,"আমি বাংলা বলতে খুব ভালোবাসি"
/home/data/raw/bengali/audio/bn_03914.wav,"শিক্ষাই সাফল্যের চাবিকাঠি"
/home/data/raw/bengali/audio/bn_03915.wav,"আজকের তাজা খবর কি"
/home/data/raw/bengali/audio/bn_03916.wav,"তিনি তার পড়াশোনা শেষ করেছেন"
/home/data/raw/bengali/audio/bn_03917.wav,"আপনার কি কোন প্রশ্ন আছে"
/home/data/raw/bengali/audio/bn_03918.wav,"এটি একটি খুব সুন্দর জায়গা"
/home/data/raw/bengali/audio/bn_03919.wav,"আমাদের সকলের পরিবেশ রক্ষা করা উচিত"
/home/data/raw/bengali/audio/bn_03920.wav,"সে খুব পরিশ্রমী ছেলে"
/home/data/raw/bengali/audio/bn_03921.wav,"আমার এক গ্লাস জল দরকার"
/home/data/raw/bengali/audio/bn_03922.wav,"ডিজিটাল ইন্ডিয়া একটি গুরুত্বপূর্ণ উদ্যোগ"
/home/data/raw/bengali/audio/bn_03923.wav,"খেলাধুলা শিশুদের জন্য ভালো"
/home/data/raw/bengali/audio/bn_03924.wav,"আমি আপনার সাথে একমত"
/home/data/raw/bengali/audio/bn_03925.wav,"সময় খুব মূল্যবান"
/home/data/raw/bengali/audio/bn_03926.wav,"ভারত একটি বৈচিত্র্যময় দেশ"
/home/data/raw/bengali/audio/bn_03927.wav,"দয়া করে এখানে সই করুন"
/home/data/raw/bengali/audio/bn_03928.wav,"এটা আমার বোঝার বাইরে"
/home/data/raw/bengali/audio/bn_03929.wav,"তিনি একটি নতুন রেকর্ড করেছেন"
/home/data/raw/bengali/audio/bn_03930.wav,"শুভেচ্ছা"
/home/data/raw/bengali/audio/bn_03931.wav,"হ্যালো আজ আবহাওয়া খুব ভালো"
/home/data/raw/bengali/audio/bn_03932.wav,"ভারতের রাজধানী নতুন দিল্লি"
/home/data/raw/bengali/audio/bn_03933.wav,"আপনি কি আমাকে সাহায্য করতে পারেন"
/home/data/raw/bengali/audio/bn_03934.wav,"এটি একটি পরীক্ষা"
/home/data/raw/bengali/audio/bn_03935.wav,"দয়া করে ধীরে বলুন আমি বুঝতে পারছি না"
/home/data/raw/bengali/audio/bn_03936.wav,"আপনার নাম কি"
/home/data/raw/bengali/audio/bn_03937.wav,"আমি কাল বাজারে যাব"
/home/data/raw/bengali/audio/bn_03938.wav,"আমাদের সত্য কথা বলা উচিত"
/home/data/raw/bengali/audio/bn_03939.wav,"এই ট্রেনটি কখন ছাড়বে"
/home/data/raw/bengali/audio/bn_03940.wav,"সূর্য পূর্ব দিকে ওঠে"
/home/data/raw/bengali/audio/bn_03941.wav,"আপনি কেমন আছেন"
/home/data/raw/bengali/audio/bn_03942.wav,"বিজ্ঞানীরা একটি নতুন আবিষ্কার করেছেন"
/home/data/raw/bengali/audio/bn_03943.wav,"আমি বাংলা বলতে খুব ভালোবাসি"
/home/data/raw/bengali/audio/bn_03944.wav,"শিক্ষাই সাফল্যের চাবিকাঠি"
/home/data/raw/bengali/audio/bn_03945.wav,"আজকের তাজা খবর কি"
/home/data/raw/bengali/audio/bn_03946.wav,"তিনি তার পড়াশোনা শেষ করেছেন"
/home/data/raw/bengali/audio/bn_03947.wav,"আপনার কি কোন প্রশ্ন আছে"
/home/data/raw/bengali/audio/bn_03948.wav,"এটি একটি খুব সুন্দর জায়গা"
/home/data/raw/bengali/audio/bn_03949.wav,"আমাদের সকলের পরিবেশ রক্ষা করা উচিত"
/home/data/raw/bengali/audio/bn_03950.wav,"সে খুব পরিশ্রমী ছেলে"
/home/data/raw/bengali/audio/bn_03951.wav,"আমার এক গ্লাস জল দরকার"
/home/data/raw/bengali/audio/bn_03952.wav,"ডিজিটাল ইন্ডিয়া একটি গুরুত্বপূর্ণ উদ্যোগ"
/home/data/raw/bengali/audio/bn_03953.wav,"খেলাধুলা শিশুদের জন্য ভালো"
/home/data/raw/bengali/audio/bn_03954.wav,"আমি আপনার সাথে একমত"
/home/data/raw/bengali/audio/bn_03955.wav,"সময় খুব মূল্যবান"
/home/data/raw/bengali/audio/bn_03956.wav,"ভারত একটি বৈচিত্র্যময় দেশ"
/home/data/raw/bengali/audio/bn_03957.wav,"দয়া করে এখানে সই করুন"
/home/data/raw/bengali/audio/bn_03958.wav,"এটা আমার বোঝার বাইরে"
/home/data/raw/bengali/audio/bn_03959.wav,"তিনি একটি নতুন রেকর্ড করেছেন"
/home/data/raw/bengali/audio/bn_03960.wav,"শুভেচ্ছা"
/home/data/raw/bengali/audio/bn_03961.wav,"হ্যালো আজ আবহাওয়া খুব ভালো"
/home/data/raw/bengali/audio/bn_03962.wav,"ভারতের রাজধানী নতুন দিল্লি"
/home/data/raw/bengali/audio/bn_03963.wav,"আপনি কি আমাকে সাহায্য করতে পারেন"
/home/data/raw/bengali/audio/bn_03964.wav,"এটি একটি পরীক্ষা"
/home/data/raw/bengali/audio/bn_03965.wav,"দয়া করে ধীরে বলুন আমি বুঝতে পারছি না"
/home/data/raw/bengali/audio/bn_03966.wav,"আপনার নাম কি"
/home/data/raw/bengali/audio/bn_03967.wav,"আমি কাল বাজারে যাব"
/home/data/raw/bengali/audio/bn_03968.wav,"আমাদের সত্য কথা বলা উচিত"
/home/data/raw/bengali/audio/bn_03969.wav,"এই ট্রেনটি কখন ছাড়বে"
/home/data/raw/bengali/audio/bn_03970.wav,"সূর্য পূর্ব দিকে ওঠে"
/home/data/raw/bengali/audio/bn_03971.wav,"আপনি কেমন আছেন"
/home/data/raw/bengali/audio/bn_03972.wav,"বিজ্ঞানীরা একটি নতুন আবিষ্কার করেছেন"
/home/data/raw/bengali/audio/bn_03973.wav,"আমি বাংলা বলতে খুব ভালোবাসি"
/home/data/raw/bengali/audio/bn_03974.wav,"শিক্ষাই সাফল্যের চাবিকাঠি"
/home/data/raw/bengali/audio/bn_03975.wav,"আজকের তাজা খবর কি"
/home/data/raw/bengali/audio/bn_03976.wav,"তিনি তার পড়াশোনা শেষ করেছেন"
/home/data/raw/bengali/audio/bn_03977.wav,"আপনার কি কোন প্রশ্ন আছে"
/home/data/raw/bengali/audio/bn_03978.wav,"এটি একটি খুব সুন্দর জায়গা"
/home/data/raw/bengali/audio/bn_03979.wav,"আমাদের সকলের পরিবেশ রক্ষা করা উচিত"
/home/data/raw/bengali/audio/bn_03980.wav,"সে খুব পরিশ্রমী ছেলে"
/home/data/raw/bengali/audio/bn_03981.wav,"আমার এক গ্লাস জল দরকার"
/home/data/raw/bengali/audio/bn_03982.wav,"ডিজিটাল ইন্ডিয়া একটি গুরুত্বপূর্ণ উদ্যোগ"
/home/data/raw/bengali/audio/bn_03983.wav,"খেলাধুলা শিশুদের জন্য ভালো"
/home/data/raw/bengali/audio/bn_03984.wav,"আমি আপনার সাথে একমত"
/home/data/raw/bengali/audio/bn_03985.wav,"সময় খুব মূল্যবান"
/home/data/raw/bengali/audio/bn_03986.wav,"ভারত একটি বৈচিত্র্যময় দেশ"
/home/data/raw/bengali/audio/bn_03987.wav,"দয়া করে এখানে সই করুন"
/home/data/raw/bengali/audio/bn_03988.wav,"এটা আমার বোঝার বাইরে"
/home/data/raw/bengali/audio/bn_03989.wav,"তিনি একটি নতুন রেকর্ড করেছেন"
/home/data/raw/bengali/audio/bn_03990.wav,"শুভেচ্ছা"
/home/data/raw/bengali/audio/bn_03991.wav,"হ্যালো আজ আবহাওয়া খুব ভালো"
/home/data/raw/bengali/audio/bn_03992.wav,"ভারতের রাজধানী নতুন দিল্লি"
/home/data/raw/bengali/audio/bn_03993.wav,"আপনি কি আমাকে সাহায্য করতে পারেন"
/home/data/raw/bengali/audio/bn_03994.wav,"এটি একটি পরীক্ষা"
/home/data/raw/bengali/audio/bn_03995.wav,"দয়া করে ধীরে বলুন আমি বুঝতে পারছি না"
/home/data/raw/bengali/audio/bn_03996.wav,"আপনার নাম কি"
/home/data/raw/bengali/audio/bn_03997.wav,"আমি কাল বাজারে যাব"
/home/data/raw/bengali/audio/bn_03998.wav,"আমাদের সত্য কথা বলা উচিত"
/home/data/raw/bengali/audio/bn_03999.wav,"এই ট্রেনটি কখন ছাড়বে"
/home/data/raw/bengali/audio/bn_04000.wav,"সূর্য পূর্ব দিকে ওঠে"
