audio_path,text
/home/data/raw/hindi/audio/hi_00001.wav,"नमस्ते आज मौसम बहुत अच्छा है"
/home/data/raw/hindi/audio/hi_00002.wav,"भारत की राजधानी नई दिल्ली है"
/home/data/raw/hindi/audio/hi_00003.wav,"क्या आप मेरी मदद कर सकते हैं"
/home/data/raw/hindi/audio/hi_00004.wav,"यह एक परीक्षण है"
/home/data/raw/hindi/audio/hi_00005.wav,"कृपया धीरे बोलें मुझे समझ नहीं आ रहा है"
/home/data/raw/hindi/audio/hi_00006.wav,"आपका नाम क्या है"
/home/data/raw/hindi/audio/hi_00007.wav,"मैं कल बाजार जाऊँगा"
/home/data/raw/hindi/audio/hi_00008.wav,"हमें सच बोलना चाहिए"
/home/data/raw/hindi/audio/hi_00009.wav,"यह ट्रेन कब रवाना होगी"
/home/data/raw/hindi/audio/hi_00010.wav,"सूर्य पूर्व से उदय होता है"
/home/data/raw/hindi/audio/hi_00011.wav,"आप कैसे हैं"
/home/data/raw/hindi/audio/hi_00012.wav,"वैज्ञानिकों ने एक नई खोज की है"
/home/data/raw/hindi/audio/hi_00013.wav,"मुझे हिंदी बोलना बहुत पसंद है"
/home/data/raw/hindi/audio/hi_00014.wav,"शिक्षा सफलता की कुंजी है"
/home/data/raw/hindi/audio/hi_00015.wav,"आज की ताजा खबर क्या है"
/home/data/raw/hindi/audio/hi_00016.wav,"उन्होंने अपनी पढ़ाई पूरी कर ली है"
/home/data/raw/hindi/audio/hi_00017.wav,"क्या आपके पास कोई सवाल है"
/home/data/raw/hindi/audio/hi_00018.wav,"यह एक बहुत ही खूबसूरत जगह है"
/home/data/raw/hindi/audio/hi_00019.wav,"हम सभी को पर्यावरण की रक्षा करनी चाहिए"
/home/data/raw/hindi/audio/hi_00020.wav,"वह बहुत मेहनती लड़का है"
/home/data/raw/hindi/audio/hi_00021.wav,"मुझे एक गिलास पानी चाहिए"
/home/data/raw/hindi/audio/hi_00022.wav,"डिजिटल इंडिया एक महत्वपूर्ण पहल है"
/home/data/raw/hindi/audio/hi_00023.wav,"खेलना बच्चों के लिए अच्छा है"
/home/data/raw/hindi/audio/hi_00024.wav,"मैं आपकी बात से सहमत हूँ"
/home/data/raw/hindi/audio/hi_00025.wav,"समय बहुत मूल्यवान है"
/home/data/raw/hindi/audio/hi_00026.wav,"भारत एक विविध देश है"
/home/data/raw/hindi/audio/hi_00027.wav,"कृपया यहाँ हस्ताक्षर करें"
/home/data/raw/hindi/audio/hi_00028.wav,"यह मेरी समझ से बाहर है"
/home/data/raw/hindi/audio/hi_00029.wav,"उन्होंने एक नया रिकॉर्ड बनाया"
/home/data/raw/hindi/audio/hi_00030.wav,"शुभकामनाएं"
/home/data/raw/hindi/audio/hi_00031.wav,"नमस्ते आज मौसम बहुत अच्छा है"
/home/data/raw/hindi/audio/hi_00032.wav,"भारत की राजधानी नई दिल्ली है"
/home/data/raw/hindi/audio/hi_00033.wav,"क्या आप मेरी मदद कर सकते हैं"
/home/data/raw/hindi/audio/hi_00034.wav,"यह एक परीक्षण है"
/home/data/raw/hindi/audio/hi_00035.wav,"कृपया धीरे बोलें मुझे समझ नहीं आ रहा है"
/home/data/raw/hindi/audio/hi_00036.wav,"आपका नाम क्या है"
/home/data/raw/hindi/audio/hi_00037.wav,"मैं कल बाजार जाऊँगा"
/home/data/raw/hindi/audio/hi_00038.wav,"हमें सच बोलना चाहिए"
/home/data/raw/hindi/audio/hi_00039.wav,"यह ट्रेन कब रवाना होगी"
/home/data/raw/hindi/audio/hi_00040.wav,"सूर्य पूर्व से उदय होता है"
/home/data/raw/hindi/audio/hi_00041.wav,"आप कैसे हैं"
/home/data/raw/hindi/audio/hi_00042.wav,"वैज्ञानिकों ने एक नई खोज की है"
/home/data/raw/hindi/audio/hi_00043.wav,"मुझे हिंदी बोलना बहुत पसंद है"
/home/data/raw/hindi/audio/hi_00044.wav,"शिक्षा सफलता की कुंजी है"
/home/data/raw/hindi/audio/hi_00045.wav,"आज की ताजा खबर क्या है"
/home/data/raw/hindi/audio/hi_00046.wav,"उन्होंने अपनी पढ़ाई पूरी कर ली है"
/home/data/raw/hindi/audio/hi_00047.wav,"क्या आपके पास कोई सवाल है"
/home/data/raw/hindi/audio/hi_00048.wav,"यह एक बहुत ही खूबसूरत जगह है"
/home/data/raw/hindi/audio/hi_00049.wav,"हम सभी को पर्यावरण की रक्षा करनी चाहिए"
/home/data/raw/hindi/audio/hi_00050.wav,"वह बहुत मेहनती लड़का है"
/home/data/raw/hindi/audio/hi_00051.wav,"मुझे एक गिलास पानी चाहिए"
/home/data/raw/hindi/audio/hi_00052.wav,"डिजिटल इंडिया एक महत्वपूर्ण पहल है"
/home/data/raw/hindi/audio/hi_00053.wav,"खेलना बच्चों के लिए अच्छा है"
/home/data/raw/hindi/audio/hi_00054.wav,"मैं आपकी बात से सहमत हूँ"
/home/data/raw/hindi/audio/hi_00055.wav,"समय बहुत मूल्यवान है"
/home/data/raw/hindi/audio/hi_00056.wav,"भारत एक विविध देश है"
/home/data/raw/hindi/audio/hi_00057.wav,"कृपया यहाँ हस्ताक्षर करें"
/home/data/raw/hindi/audio/hi_00058.wav,"यह मेरी समझ से बाहर है"
/home/data/raw/hindi/audio/hi_00059.wav,"उन्होंने एक नया रिकॉर्ड बनाया"
/home/data/raw/hindi/audio/hi_00060.wav,"शुभकामनाएं"
/home/data/raw/hindi/audio/hi_00061.wav,"नमस्ते आज मौसम बहुत अच्छा है"
/home/data/raw/hindi/audio/hi_00062.wav,"भारत की राजधानी नई दिल्ली है"
/home/data/raw/hindi/audio/hi_00063.wav,"क्या आप मेरी मदद कर सकते हैं"
/home/data/raw/hindi/audio/hi_00064.wav,"यह एक परीक्षण है"
/home/data/raw/hindi/audio/hi_00065.wav,"कृपया धीरे बोलें मुझे समझ नहीं आ रहा है"
/home/data/raw/hindi/audio/hi_00066.wav,"आपका नाम क्या है"
/home/data/raw/hindi/audio/hi_00067.wav,"मैं कल बाजार जाऊँगा"
/home/data/raw/hindi/audio/hi_00068.wav,"हमें सच बोलना चाहिए"
/home/data/raw/hindi/audio/hi_00069.wav,"यह ट्रेन कब रवाना होगी"
/home/data/raw/hindi/audio/hi_00070.wav,"सूर्य पूर्व से उदय होता है"
/home/data/raw/hindi/audio/hi_00071.wav,"आप कैसे हैं"
/home/data/raw/hindi/audio/hi_00072.wav,"वैज्ञानिकों ने एक नई खोज की है"
/home/data/raw/hindi/audio/hi_00073.wav,"मुझे हिंदी बोलना बहुत पसंद है"
/home/data/raw/hindi/audio/hi_00074.wav,"शिक्षा सफलता की कुंजी है"
/home/data/raw/hindi/audio/hi_00075.wav,"आज की ताजा खबर क्या है"
/home/data/raw/hindi/audio/hi_00076.wav,"उन्होंने अपनी पढ़ाई पूरी कर ली है"
/home/data/raw/hindi/audio/hi_00077.wav,"क्या आपके पास कोई सवाल है"
/home/data/raw/hindi/audio/hi_00078.wav,"यह एक बहुत ही खूबसूरत जगह है"
/home/data/raw/hindi/audio/hi_00079.wav,"हम सभी को पर्यावरण की रक्षा करनी चाहिए"
/home/data/raw/hindi/audio/hi_00080.wav,"वह बहुत मेहनती लड़का है"
/home/data/raw/hindi/audio/hi_00081.wav,"मुझे एक गिलास पानी चाहिए"
/home/data/raw/hindi/audio/hi_00082.wav,"डिजिटल इंडिया एक महत्वपूर्ण पहल है"
/home/data/raw/hindi/audio/hi_00083.wav,"खेलना बच्चों के लिए अच्छा है"
/home/data/raw/hindi/audio/hi_00084.wav,"मैं आपकी बात से सहमत हूँ"
/home/data/raw/hindi/audio/hi_00085.wav,"समय बहुत मूल्यवान है"
/home/data/raw/hindi/audio/hi_00086.wav,"भारत एक विविध देश है"
/home/data/raw/hindi/audio/hi_00087.wav,"कृपया यहाँ हस्ताक्षर करें"
/home/data/raw/hindi/audio/hi_00088.wav,"यह मेरी समझ से बाहर है"
/home/data/raw/hindi/audio/hi_00089.wav,"उन्होंने एक नया रिकॉर्ड बनाया"
/home/data/raw/hindi/audio/hi_00090.wav,"शुभकामनाएं"
/home/data/raw/hindi/audio/hi_00091.wav,"नमस्ते आज मौसम बहुत अच्छा है"
/home/data/raw/hindi/audio/hi_00092.wav,"भारत की राजधानी नई दिल्ली है"
/home/data/raw/hindi/audio/hi_00093.wav,"क्या आप मेरी मदद कर सकते हैं"
/home/data/raw/hindi/audio/hi_00094.wav,"यह एक परीक्षण है"
/home/data/raw/hindi/audio/hi_00095.wav,"कृपया धीरे बोलें मुझे समझ नहीं आ रहा है"
/home/data/raw/hindi/audio/hi_00096.wav,"आपका नाम क्या है"
/home/data/raw/hindi/audio/hi_00097.wav,"मैं कल बाजार जाऊँगा"
/home/data/raw/hindi/audio/hi_00098.wav,"हमें सच बोलना चाहिए"
/home/data/raw/hindi/audio/hi_00099.wav,"यह ट्रेन कब रवाना होगी"
/home/data/raw/hindi/audio/hi_00100.wav,"सूर्य पूर्व से उदय होता है"
/home/data/raw/hindi/audio/hi_00101.wav,"आप कैसे हैं"
/home/data/raw/hindi/audio/hi_00102.wav,"वैज्ञानिकों ने एक नई खोज की है"
/home/data/raw/hindi/audio/hi_00103.wav,"मुझे हिंदी बोलना बहुत पसंद है"
/home/data/raw/hindi/audio/hi_00104.wav,"शिक्षा सफलता की कुंजी है"
/home/data/raw/hindi/audio/hi_00105.wav,"आज की ताजा खबर क्या है"
/home/data/raw/hindi/audio/hi_00106.wav,"उन्होंने अपनी पढ़ाई पूरी कर ली है"
/home/data/raw/hindi/audio/hi_00107.wav,"क्या आपके पास कोई सवाल है"
/home/data/raw/hindi/audio/hi_00108.wav,"यह एक बहुत ही खूबसूरत जगह है"
/home/data/raw/hindi/audio/hi_00109.wav,"हम सभी को पर्यावरण की रक्षा करनी चाहिए"
/home/data/raw/hindi/audio/hi_00110.wav,"वह बहुत मेहनती लड़का है"
/home/data/raw/hindi/audio/hi_00111.wav,"मुझे एक गिलास पानी चाहिए"
/home/data/raw/hindi/audio/hi_00112.wav,"डिजिटल इंडिया एक महत्वपूर्ण पहल है"
/home/data/raw/hindi/audio/hi_00113.wav,"खेलना बच्चों के लिए अच्छा है"
/home/data/raw/hindi/audio/hi_00114.wav,"मैं आपकी बात से सहमत हूँ"
/home/data/raw/hindi/audio/hi_00115.wav,"समय बहुत मूल्यवान है"
/home/data/raw/hindi/audio/hi_00116.wav,"भारत एक विविध देश है"
/home/data/raw/hindi/audio/hi_00117.wav,"कृपया यहाँ हस्ताक्षर करें"
/home/data/raw/hindi/audio/hi_00118.wav,"यह मेरी समझ से बाहर है"
/home/data/raw/hindi/audio/hi_00119.wav,"उन्होंने एक नया रिकॉर्ड बनाया"
/home/data/raw/hindi/audio/hi_00120.wav,"शुभकामनाएं"
/home/data/raw/hindi/audio/hi_00121.wav,"नमस्ते आज मौसम बहुत अच्छा है"
/home/data/raw/hindi/audio/hi_00122.wav,"भारत की राजधानी नई दिल्ली है"
/home/data/raw/hindi/audio/hi_00123.wav,"क्या आप मेरी मदद कर सकते हैं"
/home/data/raw/hindi/audio/hi_00124.wav,"यह एक परीक्षण है"
/home/data/raw/hindi/audio/hi_00125.wav,"कृपया धीरे बोलें मुझे समझ नहीं आ रहा है"
/home/data/raw/hindi/audio/hi_00126.wav,"आपका नाम क्या है"
/home/data/raw/hindi/audio/hi_00127.wav,"मैं कल बाजार जाऊँगा"
/home/data/raw/hindi/audio/hi_00128.wav,"हमें सच बोलना चाहिए"
/home/data/raw/hindi/audio/hi_00129.wav,"यह ट्रेन कब रवाना होगी"
/home/data/raw/hindi/audio/hi_00130.wav,"सूर्य पूर्व से उदय होता है"
/home/data/raw/hindi/audio/hi_00131.wav,"आप कैसे हैं"
/home/data/raw/hindi/audio/hi_00132.wav,"वैज्ञानिकों ने एक नई खोज की है"
/home/data/raw/hindi/audio/hi_00133.wav,"मुझे हिंदी बोलना बहुत पसंद है"
/home/data/raw/hindi/audio/hi_00134.wav,"शिक्षा सफलता की कुंजी है"
/home/data/raw/hindi/audio/hi_00135.wav,"आज की ताजा खबर क्या है"
/home/data/raw/hindi/audio/hi_00136.wav,"उन्होंने अपनी पढ़ाई पूरी कर ली है"
/home/data/raw/hindi/audio/hi_00137.wav,"क्या आपके पास कोई सवाल है"
/home/data/raw/hindi/audio/hi_00138.wav,"यह एक बहुत ही खूबसूरत जगह है"
/home/data/raw/hindi/audio/hi_00139.wav,"हम सभी को पर्यावरण की रक्षा करनी चाहिए"
/home/data/raw/hindi/audio/hi_00140.wav,"वह बहुत मेहनती लड़का है"
/home/data/raw/hindi/audio/hi_00141.wav,"मुझे एक गिलास पानी चाहिए"
/home/data/raw/hindi/audio/hi_00142.wav,"डिजिटल इंडिया एक महत्वपूर्ण पहल है"
/home/data/raw/hindi/audio/hi_00143.wav,"खेलना बच्चों के लिए अच्छा है"
/home/data/raw/hindi/audio/hi_00144.wav,"मैं आपकी बात से सहमत हूँ"
/home/data/raw/hindi/audio/hi_00145.wav,"समय बहुत मूल्यवान है"
/home/data/raw/hindi/audio/hi_00146.wav,"भारत एक विविध देश है"
/home/data/raw/hindi/audio/hi_00147.wav,"कृपया यहाँ हस्ताक्षर करें"
/home/data/raw/hindi/audio/hi_00148.wav,"यह मेरी समझ से बाहर है"
/home/data/raw/hindi/audio/hi_00149.wav,"उन्होंने एक नया रिकॉर्ड बनाया"
/home/data/raw/hindi/audio/hi_00150.wav,"शुभकामनाएं"
/home/data/raw/hindi/audio/hi_00151.wav,"नमस्ते आज मौसम बहुत अच्छा है"
/home/data/raw/hindi/audio/hi_00152.wav,"भारत की राजधानी नई दिल्ली है"
/home/data/raw/hindi/audio/hi_00153.wav,"क्या आप मेरी मदद कर सकते हैं"
/home/data/raw/hindi/audio/hi_00154.wav,"यह एक परीक्षण है"
/home/data/raw/hindi/audio/hi_00155.wav,"कृपया धीरे बोलें मुझे समझ नहीं आ रहा है"
/home/data/raw/hindi/audio/hi_00156.wav,"आपका नाम क्या है"
/home/data/raw/hindi/audio/hi_00157.wav,"मैं कल बाजार जाऊँगा"
/home/data/raw/hindi/audio/hi_00158.wav,"हमें सच बोलना चाहिए"
/home/data/raw/hindi/audio/hi_00159.wav,"यह ट्रेन कब रवाना होगी"
/home/data/raw/hindi/audio/hi_00160.wav,"सूर्य पूर्व से उदय होता है"
/home/data/raw/hindi/audio/hi_00161.wav,"आप कैसे हैं"
/home/data/raw/hindi/audio/hi_00162.wav,"वैज्ञानिकों ने एक नई खोज की है"
/home/data/raw/hindi/audio/hi_00163.wav,"मुझे हिंदी बोलना बहुत पसंद है"
/home/data/raw/hindi/audio/hi_00164.wav,"शिक्षा सफलता की कुंजी है"
/home/data/raw/hindi/audio/hi_00165.wav,"आज की ताजा खबर क्या है"
/home/data/raw/hindi/audio/hi_00166.wav,"उन्होंने अपनी पढ़ाई पूरी कर ली है"
/home/data/raw/hindi/audio/hi_00167.wav,"क्या आपके पास कोई सवाल है"
/home/data/raw/hindi/audio/hi_00168.wav,"यह एक बहुत ही खूबसूरत जगह है"
/home/data/raw/hindi/audio/hi_00169.wav,"हम सभी को पर्यावरण की रक्षा करनी चाहिए"
/home/data/raw/hindi/audio/hi_00170.wav,"वह बहुत मेहनती लड़का है"
/home/data/raw/hindi/audio/hi_00171.wav,"मुझे एक गिलास पानी चाहिए"
/home/data/raw/hindi/audio/hi_00172.wav,"डिजिटल इंडिया एक महत्वपूर्ण पहल है"
/home/data/raw/hindi/audio/hi_00173.wav,"खेलना बच्चों के लिए अच्छा है"
/home/data/raw/hindi/audio/hi_00174.wav,"मैं आपकी बात से सहमत हूँ"
/home/data/raw/hindi/audio/hi_00175.wav,"समय बहुत मूल्यवान है"
/home/data/raw/hindi/audio/hi_00176.wav,"भारत एक विविध देश है"
/home/data/raw/hindi/audio/hi_00177.wav,"कृपया यहाँ हस्ताक्षर करें"
/home/data/raw/hindi/audio/hi_00178.wav,"यह मेरी समझ से बाहर है"
/home/data/raw/hindi/audio/hi_00179.wav,"उन्होंने एक नया रिकॉर्ड बनाया"
/home/data/raw/hindi/audio/hi_00180.wav,"शुभकामनाएं"
/home/data/raw/hindi/audio/hi_00181.wav,"नमस्ते आज मौसम बहुत अच्छा है"
/home/data/raw/hindi/audio/hi_00182.wav,"भारत की राजधानी नई दिल्ली है"
/home/data/raw/hindi/audio/hi_00183.wav,"क्या आप मेरी मदद कर सकते हैं"
/home/data/raw/hindi/audio/hi_00184.wav,"यह एक परीक्षण है"
/home/data/raw/hindi/audio/hi_00185.wav,"कृपया धीरे बोलें मुझे समझ नहीं आ रहा है"
/home/data/raw/hindi/audio/hi_00186.wav,"आपका नाम क्या है"
/home/data/raw/hindi/audio/hi_00187.wav,"मैं कल बाजार जाऊँगा"
/home/data/raw/hindi/audio/hi_00188.wav,"हमें सच बोलना चाहिए"
/home/data/raw/hindi/audio/hi_00189.wav,"यह ट्रेन कब रवाना होगी"
/home/data/raw/hindi/audio/hi_00190.wav,"सूर्य पूर्व से उदय होता है"
/home/data/raw/hindi/audio/hi_00191.wav,"आप कैसे हैं"
/home/data/raw/hindi/audio/hi_00192.wav,"वैज्ञानिकों ने एक नई खोज की है"
/home/data/raw/hindi/audio/hi_00193.wav,"मुझे हिंदी बोलना बहुत पसंद है"
/home/data/raw/hindi/audio/hi_00194.wav,"शिक्षा सफलता की कुंजी है"
/home/data/raw/hindi/audio/hi_00195.wav,"आज की ताजा खबर क्या है"
/home/data/raw/hindi/audio/hi_00196.wav,"उन्होंने अपनी पढ़ाई पूरी कर ली है"
/home/data/raw/hindi/audio/hi_00197.wav,"क्या आपके पास कोई सवाल है"
/home/data/raw/hindi/audio/hi_00198.wav,"यह एक बहुत ही खूबसूरत जगह है"
/home/data/raw/hindi/audio/hi_00199.wav,"हम सभी को पर्यावरण की रक्षा करनी चाहिए"
/home/data/raw/hindi/audio/hi_00200.wav,"वह बहुत मेहनती लड़का है"
/home/data/raw/hindi/audio/hi_00201.wav,"मुझे एक गिलास पानी चाहिए"
/home/data/raw/hindi/audio/hi_00202.wav,"डिजिटल इंडिया एक महत्वपूर्ण पहल है"
/home/data/raw/hindi/audio/hi_00203.wav,"खेलना बच्चों के लिए अच्छा है"
/home/data/raw/hindi/audio/hi_00204.wav,"मैं आपकी बात से सहमत हूँ"
/home/data/raw/hindi/audio/hi_00205.wav,"समय बहुत मूल्यवान है"
/home/data/raw/hindi/audio/hi_00206.wav,"भारत एक विविध देश है"
/home/data/raw/hindi/audio/hi_00207.wav,"कृपया यहाँ हस्ताक्षर करें"
/home/data/raw/hindi/audio/hi_00208.wav,"यह मेरी समझ से बाहर है"
/home/data/raw/hindi/audio/hi_00209.wav,"उन्होंने एक नया रिकॉर्ड बनाया"
/home/data/raw/hindi/audio/hi_00210.wav,"शुभकामनाएं"
/home/data/raw/hindi/audio/hi_00211.wav,"नमस्ते आज मौसम बहुत अच्छा है"
/home/data/raw/hindi/audio/hi_00212.wav,"भारत की राजधानी नई दिल्ली है"
/home/data/raw/hindi/audio/hi_00213.wav,"क्या आप मेरी मदद कर सकते हैं"
/home/data/raw/hindi/audio/hi_00214.wav,"यह एक परीक्षण है"
/home/data/raw/hindi/audio/hi_00215.wav,"कृपया धीरे बोलें मुझे समझ नहीं आ रहा है"
/home/data/raw/hindi/audio/hi_00216.wav,"आपका नाम क्या है"
/home/data/raw/hindi/audio/hi_00217.wav,"मैं कल बाजार जाऊँगा"
/home/data/raw/hindi/audio/hi_00218.wav,"हमें सच बोलना चाहिए"
/home/data/raw/hindi/audio/hi_00219.wav,"यह ट्रेन कब रवाना होगी"
/home/data/raw/hindi/audio/hi_00220.wav,"सूर्य पूर्व से उदय होता है"
/home/data/raw/hindi/audio/hi_00221.wav,"आप कैसे हैं"
/home/data/raw/hindi/audio/hi_00222.wav,"वैज्ञानिकों ने एक नई खोज की है"
/home/data/raw/hindi/audio/hi_00223.wav,"मुझे हिंदी बोलना बहुत पसंद है"
/home/data/raw/hindi/audio/hi_00224.wav,"शिक्षा सफलता की कुंजी है"
/home/data/raw/hindi/audio/hi_00225.wav,"आज की ताजा खबर क्या है"
/home/data/raw/hindi/audio/hi_00226.wav,"उन्होंने अपनी पढ़ाई पूरी कर ली है"
/home/data/raw/hindi/audio/hi_00227.wav,"क्या आपके पास कोई सवाल है"
/home/data/raw/hindi/audio/hi_00228.wav,"यह एक बहुत ही खूबसूरत जगह है"
/home/data/raw/hindi/audio/hi_00229.wav,"हम सभी को पर्यावरण की रक्षा करनी चाहिए"
/home/data/raw/hindi/audio/hi_00230.wav,"वह बहुत मेहनती लड़का है"
/home/data/raw/hindi/audio/hi_00231.wav,"मुझे एक गिलास पानी चाहिए"
/home/data/raw/hindi/audio/hi_00232.wav,"डिजिटल इंडिया एक महत्वपूर्ण पहल है"
/home/data/raw/hindi/audio/hi_00233.wav,"खेलना बच्चों के लिए अच्छा है"
/home/data/raw/hindi/audio/hi_00234.wav,"मैं आपकी बात से सहमत हूँ"
/home/data/raw/hindi/audio/hi_00235.wav,"समय बहुत मूल्यवान है"
/home/data/raw/hindi/audio/hi_00236.wav,"भारत एक विविध देश है"
/home/data/raw/hindi/audio/hi_00237.wav,"कृपया यहाँ हस्ताक्षर करें"
/home/data/raw/hindi/audio/hi_00238.wav,"यह मेरी समझ से बाहर है"
/home/data/raw/hindi/audio/hi_00239.wav,"उन्होंने एक नया रिकॉर्ड बनाया"
/home/data/raw/hindi/audio/hi_00240.wav,"शुभकामनाएं"
/home/data/raw/hindi/audio/hi_00241.wav,"नमस्ते आज मौसम बहुत अच्छा है"
/home/data/raw/hindi/audio/hi_00242.wav,"भारत की राजधानी नई दिल्ली है"
/home/data/raw/hindi/audio/hi_00243.wav,"क्या आप मेरी मदद कर सकते हैं"
/home/data/raw/hindi/audio/hi_00244.wav,"यह एक परीक्षण है"
/home/data/raw/hindi/audio/hi_00245.wav,"कृपया धीरे बोलें मुझे समझ नहीं आ रहा है"
/home/data/raw/hindi/audio/hi_00246.wav,"आपका नाम क्या है"
/home/data/raw/hindi/audio/hi_00247.wav,"मैं कल बाजार जाऊँगा"
/home/data/raw/hindi/audio/hi_00248.wav,"हमें सच बोलना चाहिए"
/home/data/raw/hindi/audio/hi_00249.wav,"यह ट्रेन कब रवाना होगी"
/home/data/raw/hindi/audio/hi_00250.wav,"सूर्य पूर्व से उदय होता है"
/home/data/raw/hindi/audio/hi_00251.wav,"आप कैसे हैं"
/home/data/raw/hindi/audio/hi_00252.wav,"वैज्ञानिकों ने एक नई खोज की है"
/home/data/raw/hindi/audio/hi_00253.wav,"मुझे हिंदी बोलना बहुत पसंद है"
/home/data/raw/hindi/audio/hi_00254.wav,"शिक्षा सफलता की कुंजी है"
/home/data/raw/hindi/audio/hi_00255.wav,"आज की ताजा खबर क्या है"
/home/data/raw/hindi/audio/hi_00256.wav,"उन्होंने अपनी पढ़ाई पूरी कर ली है"
/home/data/raw/hindi/audio/hi_00257.wav,"क्या आपके पास कोई सवाल है"
/home/data/raw/hindi/audio/hi_00258.wav,"यह एक बहुत ही खूबसूरत जगह है"
/home/data/raw/hindi/audio/hi_00259.wav,"हम सभी को पर्यावरण की रक्षा करनी चाहिए"
/home/data/raw/hindi/audio/hi_00260.wav,"वह बहुत मेहनती लड़का है"
/home/data/raw/hindi/audio/hi_00261.wav,"मुझे एक गिलास पानी चाहिए"
/home/data/raw/hindi/audio/hi_00262.wav,"डिजिटल इंडिया एक महत्वपूर्ण पहल है"
/home/data/raw/hindi/audio/hi_00263.wav,"खेलना बच्चों के लिए अच्छा है"
/home/data/raw/hindi/audio/hi_00264.wav,"मैं आपकी बात से सहमत हूँ"
/home/data/raw/hindi/audio/hi_00265.wav,"समय बहुत मूल्यवान है"
/home/data/raw/hindi/audio/hi_00266.wav,"भारत एक विविध देश है"
/home/data/raw/hindi/audio/hi_00267.wav,"कृपया यहाँ हस्ताक्षर करें"
/home/data/raw/hindi/audio/hi_00268.wav,"यह मेरी समझ से बाहर है"
/home/data/raw/hindi/audio/hi_00269.wav,"उन्होंने एक नया रिकॉर्ड बनाया"
/home/data/raw/hindi/audio/hi_00270.wav,"शुभकामनाएं"
/home/data/raw/hindi/audio/hi_00271.wav,"नमस्ते आज मौसम बहुत अच्छा है"
/home/data/raw/hindi/audio/hi_00272.wav,"भारत की राजधानी नई दिल्ली है"
/home/data/raw/hindi/audio/hi_00273.wav,"क्या आप मेरी मदद कर सकते हैं"
/home/data/raw/hindi/audio/hi_00274.wav,"यह एक परीक्षण है"
/home/data/raw/hindi/audio/hi_00275.wav,"कृपया धीरे बोलें मुझे समझ नहीं आ रहा है"
/home/data/raw/hindi/audio/hi_00276.wav,"आपका नाम क्या है"
/home/data/raw/hindi/audio/hi_00277.wav,"मैं कल बाजार जाऊँगा"
/home/data/raw/hindi/audio/hi_00278.wav,"हमें सच बोलना चाहिए"
/home/data/raw/hindi/audio/hi_00279.wav,"यह ट्रेन कब रवाना होगी"
/home/data/raw/hindi/audio/hi_00280.wav,"सूर्य पूर्व से उदय होता है"
/home/data/raw/hindi/audio/hi_00281.wav,"आप कैसे हैं"
/home/data/raw/hindi/audio/hi_00282.wav,"वैज्ञानिकों ने एक नई खोज की है"
/home/data/raw/hindi/audio/hi_00283.wav,"मुझे हिंदी बोलना बहुत पसंद है"
/home/data/raw/hindi/audio/hi_00284.wav,"शिक्षा सफलता की कुंजी है"
/home/data/raw/hindi/audio/hi_00285.wav,"आज की ताजा खबर क्या है"
/home/data/raw/hindi/audio/hi_00286.wav,"उन्होंने अपनी पढ़ाई पूरी कर ली है"
/home/data/raw/hindi/audio/hi_00287.wav,"क्या आपके पास कोई सवाल है"
/home/data/raw/hindi/audio/hi_00288.wav,"यह एक बहुत ही खूबसूरत जगह है"
/home/data/raw/hindi/audio/hi_00289.wav,"हम सभी को पर्यावरण की रक्षा करनी चाहिए"
/home/data/raw/hindi/audio/hi_00290.wav,"वह बहुत मेहनती लड़का है"
/home/data/raw/hindi/audio/hi_00291.wav,"मुझे एक गिलास पानी चाहिए"
/home/data/raw/hindi/audio/hi_00292.wav,"डिजिटल इंडिया एक महत्वपूर्ण पहल है"
/home/data/raw/hindi/audio/hi_00293.wav,"खेलना बच्चों के लिए अच्छा है"
/home/data/raw/hindi/audio/hi_00294.wav,"मैं आपकी बात से सहमत हूँ"
/home/data/raw/hindi/audio/hi_00295.wav,"समय बहुत मूल्यवान है"
/home/data/raw/hindi/audio/hi_00296.wav,"भारत एक विविध देश है"
/home/data/raw/hindi/audio/hi_00297.wav,"कृपया यहाँ हस्ताक्षर करें"
/home/data/raw/hindi/audio/hi_00298.wav,"यह मेरी समझ से बाहर है"
/home/data/raw/hindi/audio/hi_00299.wav,"उन्होंने एक नया रिकॉर्ड बनाया"
/home/data/raw/hindi/audio/hi_00300.wav,"शुभकामनाएं"
/home/data/raw/hindi/audio/hi_00301.wav,"नमस्ते आज मौसम बहुत अच्छा है"
/home/data/raw/hindi/audio/hi_00302.wav,"भारत की राजधानी नई दिल्ली है"
/home/data/raw/hindi/audio/hi_00303.wav,"क्या आप मेरी मदद कर सकते हैं"
/home/data/raw/hindi/audio/hi_00304.wav,"यह एक परीक्षण है"
/home/data/raw/hindi/audio/hi_00305.wav,"कृपया धीरे बोलें मुझे समझ नहीं आ रहा है"
/home/data/raw/hindi/audio/hi_00306.wav,"आपका नाम क्या है"
/home/data/raw/hindi/audio/hi_00307.wav,"मैं कल बाजार जाऊँगा"
/home/data/raw/hindi/audio/hi_00308.wav,"हमें सच बोलना चाहिए"
/home/data/raw/hindi/audio/hi_00309.wav,"यह ट्रेन कब रवाना होगी"
/home/data/raw/hindi/audio/hi_00310.wav,"सूर्य पूर्व से उदय होता है"
/home/data/raw/hindi/audio/hi_00311.wav,"आप कैसे हैं"
/home/data/raw/hindi/audio/hi_00312.wav,"वैज्ञानिकों ने एक नई खोज की है"
/home/data/raw/hindi/audio/hi_00313.wav,"मुझे हिंदी बोलना बहुत पसंद है"
/home/data/raw/hindi/audio/hi_00314.wav,"शिक्षा सफलता की कुंजी है"
/home/data/raw/hindi/audio/hi_00315.wav,"आज की ताजा खबर क्या है"
/home/data/raw/hindi/audio/hi_00316.wav,"उन्होंने अपनी पढ़ाई पूरी कर ली है"
/home/data/raw/hindi/audio/hi_00317.wav,"क्या आपके पास कोई सवाल है"
/home/data/raw/hindi/audio/hi_00318.wav,"यह एक बहुत ही खूबसूरत जगह है"
/home/data/raw/hindi/audio/hi_00319.wav,"हम सभी को पर्यावरण की रक्षा करनी चाहिए"
/home/data/raw/hindi/audio/hi_00320.wav,"वह बहुत मेहनती लड़का है"
/home/data/raw/hindi/audio/hi_00321.wav,"मुझे एक गिलास पानी चाहिए"
/home/data/raw/hindi/audio/hi_00322.wav,"डिजिटल इंडिया एक महत्वपूर्ण पहल है"
/home/data/raw/hindi/audio/hi_00323.wav,"खेलना बच्चों के लिए अच्छा है"
/home/data/raw/hindi/audio/hi_00324.wav,"मैं आपकी बात से सहमत हूँ"
/home/data/raw/hindi/audio/hi_00325.wav,"समय बहुत मूल्यवान है"
/home/data/raw/hindi/audio/hi_00326.wav,"भारत एक विविध देश है"
/home/data/raw/hindi/audio/hi_00327.wav,"कृपया यहाँ हस्ताक्षर करें"
/home/data/raw/hindi/audio/hi_00328.wav,"यह मेरी समझ से बाहर है"
/home/data/raw/hindi/audio/hi_00329.wav,"उन्होंने एक नया रिकॉर्ड बनाया"
/home/data/raw/hindi/audio/hi_00330.wav,"शुभकामनाएं"
/home/data/raw/hindi/audio/hi_00331.wav,"नमस्ते आज मौसम बहुत अच्छा है"
/home/data/raw/hindi/audio/hi_00332.wav,"भारत की राजधानी नई दिल्ली है"
/home/data/raw/hindi/audio/hi_00333.wav,"क्या आप मेरी मदद कर सकते हैं"
/home/data/raw/hindi/audio/hi_00334.wav,"यह एक परीक्षण है"
/home/data/raw/hindi/audio/hi_00335.wav,"कृपया धीरे बोलें मुझे समझ नहीं आ रहा है"
/home/data/raw/hindi/audio/hi_00336.wav,"आपका नाम क्या है"
/home/data/raw/hindi/audio/hi_00337.wav,"मैं कल बाजार जाऊँगा"
/home/data/raw/hindi/audio/hi_00338.wav,"हमें सच बोलना चाहिए"
/home/data/raw/hindi/audio/hi_00339.wav,"यह ट्रेन कब रवाना होगी"
/home/data/raw/hindi/audio/hi_00340.wav,"सूर्य पूर्व से उदय होता है"
/home/data/raw/hindi/audio/hi_00341.wav,"आप कैसे हैं"
/home/data/raw/hindi/audio/hi_00342.wav,"वैज्ञानिकों ने एक नई खोज की है"
/home/data/raw/hindi/audio/hi_00343.wav,"मुझे हिंदी बोलना बहुत पसंद है"
/home/data/raw/hindi/audio/hi_00344.wav,"शिक्षा सफलता की कुंजी है"
/home/data/raw/hindi/audio/hi_00345.wav,"आज की ताजा खबर क्या है"
/home/data/raw/hindi/audio/hi_00346.wav,"उन्होंने अपनी पढ़ाई पूरी कर ली है"
/home/data/raw/hindi/audio/hi_00347.wav,"क्या आपके पास कोई सवाल है"
/home/data/raw/hindi/audio/hi_00348.wav,"यह एक बहुत ही खूबसूरत जगह है"
/home/data/raw/hindi/audio/hi_00349.wav,"हम सभी को पर्यावरण की रक्षा करनी चाहिए"
/home/data/raw/hindi/audio/hi_00350.wav,"वह बहुत मेहनती लड़का है"
/home/data/raw/hindi/audio/hi_00351.wav,"मुझे एक गिलास पानी चाहिए"
/home/data/raw/hindi/audio/hi_00352.wav,"डिजिटल इंडिया एक महत्वपूर्ण पहल है"
/home/data/raw/hindi/audio/hi_00353.wav,"खेलना बच्चों के लिए अच्छा है"
/home/data/raw/hindi/audio/hi_00354.wav,"मैं आपकी बात से सहमत हूँ"
/home/data/raw/hindi/audio/hi_00355.wav,"समय बहुत मूल्यवान है"
/home/data/raw/hindi/audio/hi_00356.wav,"भारत एक विविध देश है"
/home/data/raw/hindi/audio/hi_00357.wav,"कृपया यहाँ हस्ताक्षर करें"
/home/data/raw/hindi/audio/hi_00358.wav,"यह मेरी समझ से बाहर है"
/home/data/raw/hindi/audio/hi_00359.wav,"उन्होंने एक नया रिकॉर्ड बनाया"
/home/data/raw/hindi/audio/hi_00360.wav,"शुभकामनाएं"
/home/data/raw/hindi/audio/hi_00361.wav,"नमस्ते आज मौसम बहुत अच्छा है"
/home/data/raw/hindi/audio/hi_00362.wav,"भारत की राजधानी नई दिल्ली है"
/home/data/raw/hindi/audio/hi_00363.wav,"क्या आप मेरी मदद कर सकते हैं"
/home/data/raw/hindi/audio/hi_00364.wav,"यह एक परीक्षण है"
/home/data/raw/hindi/audio/hi_00365.wav,"कृपया धीरे बोलें मुझे समझ नहीं आ रहा है"
/home/data/raw/hindi/audio/hi_00366.wav,"आपका नाम क्या है"
/home/data/raw/hindi/audio/hi_00367.wav,"मैं कल बाजार जाऊँगा"
/home/data/raw/hindi/audio/hi_00368.wav,"हमें सच बोलना चाहिए"
/home/data/raw/hindi/audio/hi_00369.wav,"यह ट्रेन कब रवाना होगी"
/home/data/raw/hindi/audio/hi_00370.wav,"सूर्य पूर्व से उदय होता है"
/home/data/raw/hindi/audio/hi_00371.wav,"आप कैसे हैं"
/home/data/raw/hindi/audio/hi_00372.wav,"वैज्ञानिकों ने एक नई खोज की है"
/home/data/raw/hindi/audio/hi_00373.wav,"मुझे हिंदी बोलना बहुत पसंद है"
/home/data/raw/hindi/audio/hi_00374.wav,"शिक्षा सफलता की कुंजी है"
/home/data/raw/hindi/audio/hi_00375.wav,"आज की ताजा खबर क्या है"
/home/data/raw/hindi/audio/hi_00376.wav,"उन्होंने अपनी पढ़ाई पूरी कर ली है"
/home/data/raw/hindi/audio/hi_00377.wav,"क्या आपके पास कोई सवाल है"
/home/data/raw/hindi/audio/hi_00378.wav,"यह एक बहुत ही खूबसूरत जगह है"
/home/data/raw/hindi/audio/hi_00379.wav,"हम सभी को पर्यावरण की रक्षा करनी चाहिए"
/home/data/raw/hindi/audio/hi_00380.wav,"वह बहुत मेहनती लड़का है"
/home/data/raw/hindi/audio/hi_00381.wav,"मुझे एक गिलास पानी चाहिए"
/home/data/raw/hindi/audio/hi_00382.wav,"डिजिटल इंडिया एक महत्वपूर्ण पहल है"
/home/data/raw/hindi/audio/hi_00383.wav,"खेलना बच्चों के लिए अच्छा है"
/home/data/raw/hindi/audio/hi_00384.wav,"मैं आपकी बात से सहमत हूँ"
/home/data/raw/hindi/audio/hi_00385.wav,"समय बहुत मूल्यवान है"
/home/data/raw/hindi/audio/hi_00386.wav,"भारत एक विविध देश है"
/home/data/raw/hindi/audio/hi_00387.wav,"कृपया यहाँ हस्ताक्षर करें"
/home/data/raw/hindi/audio/hi_00388.wav,"यह मेरी समझ से बाहर है"
/home/data/raw/hindi/audio/hi_00389.wav,"उन्होंने एक नया रिकॉर्ड बनाया"
/home/data/raw/hindi/audio/hi_00390.wav,"शुभकामनाएं"
/home/data/raw/hindi/audio/hi_00391.wav,"नमस्ते आज मौसम बहुत अच्छा है"
/home/data/raw/hindi/audio/hi_00392.wav,"भारत की राजधानी नई दिल्ली है"
/home/data/raw/hindi/audio/hi_00393.wav,"क्या आप मेरी मदद कर सकते हैं"
/home/data/raw/hindi/audio/hi_00394.wav,"यह एक परीक्षण है"
/home/data/raw/hindi/audio/hi_00395.wav,"कृपया धीरे बोलें मुझे समझ नहीं आ रहा है"
/home/data/raw/hindi/audio/hi_00396.wav,"आपका नाम क्या है"
/home/data/raw/hindi/audio/hi_00397.wav,"मैं कल बाजार जाऊँगा"
/home/data/raw/hindi/audio/hi_00398.wav,"हमें सच बोलना चाहिए"
/home/data/raw/hindi/audio/hi_00399.wav,"यह ट्रेन कब रवाना होगी"
/home/data/raw/hindi/audio/hi_00400.wav,"सूर्य पूर्व से उदय होता है"
/home/data/raw/hindi/audio/hi_00401.wav,"आप कैसे हैं"
/home/data/raw/hindi/audio/hi_00402.wav,"वैज्ञानिकों ने एक नई खोज की है"
/home/data/raw/hindi/audio/hi_00403.wav,"मुझे हिंदी बोलना बहुत पसंद है"
/home/data/raw/hindi/audio/hi_00404.wav,"शिक्षा सफलता की कुंजी है"
/home/data/raw/hindi/audio/hi_00405.wav,"आज की ताजा खबर क्या है"
/home/data/raw/hindi/audio/hi_00406.wav,"उन्होंने अपनी पढ़ाई पूरी कर ली है"
/home/data/raw/hindi/audio/hi_00407.wav,"क्या आपके पास कोई सवाल है"
/home/data/raw/hindi/audio/hi_00408.wav,"यह एक बहुत ही खूबसूरत जगह है"
/home/data/raw/hindi/audio/hi_00409.wav,"हम सभी को पर्यावरण की रक्षा करनी चाहिए"
/home/data/raw/hindi/audio/hi_00410.wav,"वह बहुत मेहनती लड़का है"
/home/data/raw/hindi/audio/hi_00411.wav,"मुझे एक गिलास पानी चाहिए"
/home/data/raw/hindi/audio/hi_00412.wav,"डिजिटल इंडिया एक महत्वपूर्ण पहल है"
/home/data/raw/hindi/audio/hi_00413.wav,"खेलना बच्चों के लिए अच्छा है"
/home/data/raw/hindi/audio/hi_00414.wav,"मैं आपकी बात से सहमत हूँ"
/home/data/raw/hindi/audio/hi_00415.wav,"समय बहुत मूल्यवान है"
/home/data/raw/hindi/audio/hi_00416.wav,"भारत एक विविध देश है"
/home/data/raw/hindi/audio/hi_00417.wav,"कृपया यहाँ हस्ताक्षर करें"
/home/data/raw/hindi/audio/hi_00418.wav,"यह मेरी समझ से बाहर है"
/home/data/raw/hindi/audio/hi_00419.wav,"उन्होंने एक नया रिकॉर्ड बनाया"
/home/data/raw/hindi/audio/hi_00420.wav,"शुभकामनाएं"
/home/data/raw/hindi/audio/hi_00421.wav,"नमस्ते आज मौसम बहुत अच्छा है"
/home/data/raw/hindi/audio/hi_00422.wav,"भारत की राजधानी नई दिल्ली है"
/home/data/raw/hindi/audio/hi_00423.wav,"क्या आप मेरी मदद कर सकते हैं"
/home/data/raw/hindi/audio/hi_00424.wav,"यह एक परीक्षण है"
/home/data/raw/hindi/audio/hi_00425.wav,"कृपया धीरे बोलें मुझे समझ नहीं आ रहा है"
/home/data/raw/hindi/audio/hi_00426.wav,"आपका नाम क्या है"
/home/data/raw/hindi/audio/hi_00427.wav,"मैं कल बाजार जाऊँगा"
/home/data/raw/hindi/audio/hi_00428.wav,"हमें सच बोलना चाहिए"
/home/data/raw/hindi/audio/hi_00429.wav,"यह ट्रेन कब रवाना होगी"
/home/data/raw/hindi/audio/hi_00430.wav,"सूर्य पूर्व से उदय होता है"
/home/data/raw/hindi/audio/hi_00431.wav,"आप कैसे हैं"
/home/data/raw/hindi/audio/hi_00432.wav,"वैज्ञानिकों ने एक नई खोज की है"
/home/data/raw/hindi/audio/hi_00433.wav,"मुझे हिंदी बोलना बहुत पसंद है"
/home/data/raw/hindi/audio/hi_00434.wav,"शिक्षा सफलता की कुंजी है"
/home/data/raw/hindi/audio/hi_00435.wav,"आज की ताजा खबर क्या है"
/home/data/raw/hindi/audio/hi_00436.wav,"उन्होंने अपनी पढ़ाई पूरी कर ली है"
/home/data/raw/hindi/audio/hi_00437.wav,"क्या आपके पास कोई सवाल है"
/home/data/raw/hindi/audio/hi_00438.wav,"यह एक बहुत ही खूबसूरत जगह है"
/home/data/raw/hindi/audio/hi_00439.wav,"हम सभी को पर्यावरण की रक्षा करनी चाहिए"
/home/data/raw/hindi/audio/hi_00440.wav,"वह बहुत मेहनती लड़का है"
/home/data/raw/hindi/audio/hi_00441.wav,"मुझे एक गिलास पानी चाहिए"
/home/data/raw/hindi/audio/hi_00442.wav,"डिजिटल इंडिया एक महत्वपूर्ण पहल है"
/home/data/raw/hindi/audio/hi_00443.wav,"खेलना बच्चों के लिए अच्छा है"
/home/data/raw/hindi/audio/hi_00444.wav,"मैं आपकी बात से सहमत हूँ"
/home/data/raw/hindi/audio/hi_00445.wav,"समय बहुत मूल्यवान है"
/home/data/raw/hindi/audio/hi_00446.wav,"भारत एक विविध देश है"
/home/data/raw/hindi/audio/hi_00447.wav,"कृपया यहाँ हस्ताक्षर करें"
/home/data/raw/hindi/audio/hi_00448.wav,"यह मेरी समझ से बाहर है"
/home/data/raw/hindi/audio/hi_00449.wav,"उन्होंने एक नया रिकॉर्ड बनाया"
/home/data/raw/hindi/audio/hi_00450.wav,"शुभकामनाएं"
/home/data/raw/hindi/audio/hi_00451.wav,"नमस्ते आज मौसम बहुत अच्छा है"
/home/data/raw/hindi/audio/hi_00452.wav,"भारत की राजधानी नई दिल्ली है"
/home/data/raw/hindi/audio/hi_00453.wav,"क्या आप मेरी मदद कर सकते हैं"
/home/data/raw/hindi/audio/hi_00454.wav,"यह एक परीक्षण है"
/home/data/raw/hindi/audio/hi_00455.wav,"कृपया धीरे बोलें मुझे समझ नहीं आ रहा है"
/home/data/raw/hindi/audio/hi_00456.wav,"आपका नाम क्या है"
/home/data/raw/hindi/audio/hi_00457.wav,"मैं कल बाजार जाऊँगा"
/home/data/raw/hindi/audio/hi_00458.wav,"हमें सच बोलना चाहिए"
/home/data/raw/hindi/audio/hi_00459.wav,"यह ट्रेन कब रवाना होगी"
/home/data/raw/hindi/audio/hi_00460.wav,"सूर्य पूर्व से उदय होता है"
/home/data/raw/hindi/audio/hi_00461.wav,"आप कैसे हैं"
/home/data/raw/hindi/audio/hi_00462.wav,"वैज्ञानिकों ने एक नई खोज की है"
/home/data/raw/hindi/audio/hi_00463.wav,"मुझे हिंदी बोलना बहुत पसंद है"
/home/data/raw/hindi/audio/hi_00464.wav,"शिक्षा सफलता की कुंजी है"
/home/data/raw/hindi/audio/hi_00465.wav,"आज की ताजा खबर क्या है"
/home/data/raw/hindi/audio/hi_00466.wav,"उन्होंने अपनी पढ़ाई पूरी कर ली है"
/home/data/raw/hindi/audio/hi_00467.wav,"क्या आपके पास कोई सवाल है"
/home/data/raw/hindi/audio/hi_00468.wav,"यह एक बहुत ही खूबसूरत जगह है"
/home/data/raw/hindi/audio/hi_00469.wav,"हम सभी को पर्यावरण की रक्षा करनी चाहिए"
/home/data/raw/hindi/audio/hi_00470.wav,"वह बहुत मेहनती लड़का है"
/home/data/raw/hindi/audio/hi_00471.wav,"मुझे एक गिलास पानी चाहिए"
/home/data/raw/hindi/audio/hi_00472.wav,"डिजिटल इंडिया एक महत्वपूर्ण पहल है"
/home/data/raw/hindi/audio/hi_00473.wav,"खेलना बच्चों के लिए अच्छा है"
/home/data/raw/hindi/audio/hi_00474.wav,"मैं आपकी बात से सहमत हूँ"
/home/data/raw/hindi/audio/hi_00475.wav,"समय बहुत मूल्यवान है"
/home/data/raw/hindi/audio/hi_00476.wav,"भारत एक विविध देश है"
/home/data/raw/hindi/audio/hi_00477.wav,"कृपया यहाँ हस्ताक्षर करें"
/home/data/raw/hindi/audio/hi_00478.wav,"यह मेरी समझ से बाहर है"
/home/data/raw/hindi/audio/hi_00479.wav,"उन्होंने एक नया रिकॉर्ड बनाया"
/home/data/raw/hindi/audio/hi_00480.wav,"शुभकामनाएं"
/home/data/raw/hindi/audio/hi_00481.wav,"नमस्ते आज मौसम बहुत अच्छा है"
/home/data/raw/hindi/audio/hi_00482.wav,"भारत की राजधानी नई दिल्ली है"
/home/data/raw/hindi/audio/hi_00483.wav,"क्या आप मेरी मदद कर सकते हैं"
/home/data/raw/hindi/audio/hi_00484.wav,"यह एक परीक्षण है"
/home/data/raw/hindi/audio/hi_00485.wav,"कृपया धीरे बोलें मुझे समझ नहीं आ रहा है"
/home/data/raw/hindi/audio/hi_00486.wav,"आपका नाम क्या है"
/home/data/raw/hindi/audio/hi_00487.wav,"मैं कल बाजार जाऊँगा"
/home/data/raw/hindi/audio/hi_00488.wav,"हमें सच बोलना चाहिए"
/home/data/raw/hindi/audio/hi_00489.wav,"यह ट्रेन कब रवाना होगी"
/home/data/raw/hindi/audio/hi_00490.wav,"सूर्य पूर्व से उदय होता है"
/home/data/raw/hindi/audio/hi_00491.wav,"आप कैसे हैं"
/home/data/raw/hindi/audio/hi_00492.wav,"वैज्ञानिकों ने एक नई खोज की है"
/home/data/raw/hindi/audio/hi_00493.wav,"मुझे हिंदी बोलना बहुत पसंद है"
/home/data/raw/hindi/audio/hi_00494.wav,"शिक्षा सफलता की कुंजी है"
/home/data/raw/hindi/audio/hi_00495.wav,"आज की ताजा खबर क्या है"
/home/data/raw/hindi/audio/hi_00496.wav,"उन्होंने अपनी पढ़ाई पूरी कर ली है"
/home/data/raw/hindi/audio/hi_00497.wav,"क्या आपके पास कोई सवाल है"
/home/data/raw/hindi/audio/hi_00498.wav,"यह एक बहुत ही खूबसूरत जगह है"
/home/data/raw/hindi/audio/hi_00499.wav,"हम सभी को पर्यावरण की रक्षा करनी चाहिए"
/home/data/raw/hindi/audio/hi_00500.wav,"वह बहुत मेहनती लड़का है"
/home/data/raw/hindi/audio/hi_00501.wav,"मुझे एक गिलास पानी चाहिए"
/home/data/raw/hindi/audio/hi_00502.wav,"डिजिटल इंडिया एक महत्वपूर्ण पहल है"
/home/data/raw/hindi/audio/hi_00503.wav,"खेलना बच्चों के लिए अच्छा है"
/home/data/raw/hindi/audio/hi_00504.wav,"मैं आपकी बात से सहमत हूँ"
/home/data/raw/hindi/audio/hi_00505.wav,"समय बहुत मूल्यवान है"
/home/data/raw/hindi/audio/hi_00506.wav,"भारत एक विविध देश है"
/home/data/raw/hindi/audio/hi_00507.wav,"कृपया यहाँ हस्ताक्षर करें"
/home/data/raw/hindi/audio/hi_00508.wav,"यह मेरी समझ से बाहर है"
/home/data/raw/hindi/audio/hi_00509.wav,"उन्होंने एक नया रिकॉर्ड बनाया"
/home/data/raw/hindi/audio/hi_00510.wav,"शुभकामनाएं"
/home/data/raw/hindi/audio/hi_00511.wav,"नमस्ते आज मौसम बहुत अच्छा है"
/home/data/raw/hindi/audio/hi_00512.wav,"भारत की राजधानी नई दिल्ली है"
/home/data/raw/hindi/audio/hi_00513.wav,"क्या आप मेरी मदद कर सकते हैं"
/home/data/raw/hindi/audio/hi_00514.wav,"यह एक परीक्षण है"
/home/data/raw/hindi/audio/hi_00515.wav,"कृपया धीरे बोलें मुझे समझ नहीं आ रहा है"
/home/data/raw/hindi/audio/hi_00516.wav,"आपका नाम क्या है"
/home/data/raw/hindi/audio/hi_00517.wav,"मैं कल बाजार जाऊँगा"
/home/data/raw/hindi/audio/hi_00518.wav,"हमें सच बोलना चाहिए"
/home/data/raw/hindi/audio/hi_00519.wav,"यह ट्रेन कब रवाना होगी"
/home/data/raw/hindi/audio/hi_00520.wav,"सूर्य पूर्व से उदय होता है"
/home/data/raw/hindi/audio/hi_00521.wav,"आप कैसे हैं"
/home/data/raw/hindi/audio/hi_00522.wav,"वैज्ञानिकों ने एक नई खोज की है"
/home/data/raw/hindi/audio/hi_00523.wav,"मुझे हिंदी बोलना बहुत पसंद है"
/home/data/raw/hindi/audio/hi_00524.wav,"शिक्षा सफलता की कुंजी है"
/home/data/raw/hindi/audio/hi_00525.wav,"आज की ताजा खबर क्या है"
/home/data/raw/hindi/audio/hi_00526.wav,"उन्होंने अपनी पढ़ाई पूरी कर ली है"
/home/data/raw/hindi/audio/hi_00527.wav,"क्या आपके पास कोई सवाल है"
/home/data/raw/hindi/audio/hi_00528.wav,"यह एक बहुत ही खूबसूरत जगह है"
/home/data/raw/hindi/audio/hi_00529.wav,"हम सभी को पर्यावरण की रक्षा करनी चाहिए"
/home/data/raw/hindi/audio/hi_00530.wav,"वह बहुत मेहनती लड़का है"
/home/data/raw/hindi/audio/hi_00531.wav,"मुझे एक गिलास पानी चाहिए"
/home/data/raw/hindi/audio/hi_00532.wav,"डिजिटल इंडिया एक महत्वपूर्ण पहल है"
/home/data/raw/hindi/audio/hi_00533.wav,"खेलना बच्चों के लिए अच्छा है"
/home/data/raw/hindi/audio/hi_00534.wav,"मैं आपकी बात से सहमत हूँ"
/home/data/raw/hindi/audio/hi_00535.wav,"समय बहुत मूल्यवान है"
/home/data/raw/hindi/audio/hi_00536.wav,"भारत एक विविध देश है"
/home/data/raw/hindi/audio/hi_00537.wav,"कृपया यहाँ हस्ताक्षर करें"
/home/data/raw/hindi/audio/hi_00538.wav,"यह मेरी समझ से बाहर है"
/home/data/raw/hindi/audio/hi_00539.wav,"उन्होंने एक नया रिकॉर्ड बनाया"
/home/data/raw/hindi/audio/hi_00540.wav,"शुभकामनाएं"
/home/data/raw/hindi/audio/hi_00541.wav,"नमस्ते आज मौसम बहुत अच्छा है"
/home/data/raw/hindi/audio/hi_00542.wav,"भारत की राजधानी नई दिल्ली है"
/home/data/raw/hindi/audio/hi_00543.wav,"क्या आप मेरी मदद कर सकते हैं"
/home/data/raw/hindi/audio/hi_00544.wav,"यह एक परीक्षण है"
/home/data/raw/hindi/audio/hi_00545.wav,"कृपया धीरे बोलें मुझे समझ नहीं आ रहा है"
/home/data/raw/hindi/audio/hi_00546.wav,"आपका नाम क्या है"
/home/data/raw/hindi/audio/hi_00547.wav,"मैं कल बाजार जाऊँगा"
/home/data/raw/hindi/audio/hi_00548.wav,"हमें सच बोलना चाहिए"
/home/data/raw/hindi/audio/hi_00549.wav,"यह ट्रेन कब रवाना होगी"
/home/data/raw/hindi/audio/hi_00550.wav,"सूर्य पूर्व से उदय होता है"
/home/data/raw/hindi/audio/hi_00551.wav,"आप कैसे हैं"
/home/data/raw/hindi/audio/hi_00552.wav,"वैज्ञानिकों ने एक नई खोज की है"
/home/data/raw/hindi/audio/hi_00553.wav,"मुझे हिंदी बोलना बहुत पसंद है"
/home/data/raw/hindi/audio/hi_00554.wav,"शिक्षा सफलता की कुंजी है"
/home/data/raw/hindi/audio/hi_00555.wav,"आज की ताजा खबर क्या है"
/home/data/raw/hindi/audio/hi_00556.wav,"उन्होंने अपनी पढ़ाई पूरी कर ली है"
/home/data/raw/hindi/audio/hi_00557.wav,"क्या आपके पास कोई सवाल है"
/home/data/raw/hindi/audio/hi_00558.wav,"यह एक बहुत ही खूबसूरत जगह है"
/home/data/raw/hindi/audio/hi_00559.wav,"हम सभी को पर्यावरण की रक्षा करनी चाहिए"
/home/data/raw/hindi/audio/hi_00560.wav,"वह बहुत मेहनती लड़का है"
/home/data/raw/hindi/audio/hi_00561.wav,"मुझे एक गिलास पानी चाहिए"
/home/data/raw/hindi/audio/hi_00562.wav,"डिजिटल इंडिया एक महत्वपूर्ण पहल है"
/home/data/raw/hindi/audio/hi_00563.wav,"खेलना बच्चों के लिए अच्छा है"
/home/data/raw/hindi/audio/hi_00564.wav,"मैं आपकी बात से सहमत हूँ"
/home/data/raw/hindi/audio/hi_00565.wav,"समय बहुत मूल्यवान है"
/home/data/raw/hindi/audio/hi_00566.wav,"भारत एक विविध देश है"
/home/data/raw/hindi/audio/hi_00567.wav,"कृपया यहाँ हस्ताक्षर करें"
/home/data/raw/hindi/audio/hi_00568.wav,"यह मेरी समझ से बाहर है"
/home/data/raw/hindi/audio/hi_00569.wav,"उन्होंने एक नया रिकॉर्ड बनाया"
/home/data/raw/hindi/audio/hi_00570.wav,"शुभकामनाएं"
/home/data/raw/hindi/audio/hi_00571.wav,"नमस्ते आज मौसम बहुत अच्छा है"
/home/data/raw/hindi/audio/hi_00572.wav,"भारत की राजधानी नई दिल्ली है"
/home/data/raw/hindi/audio/hi_00573.wav,"क्या आप मेरी मदद कर सकते हैं"
/home/data/raw/hindi/audio/hi_00574.wav,"यह एक परीक्षण है"
/home/data/raw/hindi/audio/hi_00575.wav,"कृपया धीरे बोलें मुझे समझ नहीं आ रहा है"
/home/data/raw/hindi/audio/hi_00576.wav,"आपका नाम क्या है"
/home/data/raw/hindi/audio/hi_00577.wav,"मैं कल बाजार जाऊँगा"
/home/data/raw/hindi/audio/hi_00578.wav,"हमें सच बोलना चाहिए"
/home/data/raw/hindi/audio/hi_00579.wav,"यह ट्रेन कब रवाना होगी"
/home/data/raw/hindi/audio/hi_00580.wav,"सूर्य पूर्व से उदय होता है"
/home/data/raw/hindi/audio/hi_00581.wav,"आप कैसे हैं"
/home/data/raw/hindi/audio/hi_00582.wav,"वैज्ञानिकों ने एक नई खोज की है"
/home/data/raw/hindi/audio/hi_00583.wav,"मुझे हिंदी बोलना बहुत पसंद है"
/home/data/raw/hindi/audio/hi_00584.wav,"शिक्षा सफलता की कुंजी है"
/home/data/raw/hindi/audio/hi_00585.wav,"आज की ताजा खबर क्या है"
/home/data/raw/hindi/audio/hi_00586.wav,"उन्होंने अपनी पढ़ाई पूरी कर ली है"
/home/data/raw/hindi/audio/hi_00587.wav,"क्या आपके पास कोई सवाल है"
/home/data/raw/hindi/audio/hi_00588.wav,"यह एक बहुत ही खूबसूरत जगह है"
/home/data/raw/hindi/audio/hi_00589.wav,"हम सभी को पर्यावरण की रक्षा करनी चाहिए"
/home/data/raw/hindi/audio/hi_00590.wav,"वह बहुत मेहनती लड़का है"
/home/data/raw/hindi/audio/hi_00591.wav,"मुझे एक गिलास पानी चाहिए"
/home/data/raw/hindi/audio/hi_00592.wav,"डिजिटल इंडिया एक महत्वपूर्ण पहल है"
/home/data/raw/hindi/audio/hi_00593.wav,"खेलना बच्चों के लिए अच्छा है"
/home/data/raw/hindi/audio/hi_00594.wav,"मैं आपकी बात से सहमत हूँ"
/home/data/raw/hindi/audio/hi_00595.wav,"समय बहुत मूल्यवान है"
/home/data/raw/hindi/audio/hi_00596.wav,"भारत एक विविध देश है"
/home/data/raw/hindi/audio/hi_00597.wav,"कृपया यहाँ हस्ताक्षर करें"
/home/data/raw/hindi/audio/hi_00598.wav,"यह मेरी समझ से बाहर है"
/home/data/raw/hindi/audio/hi_00599.wav,"उन्होंने एक नया रिकॉर्ड बनाया"
/home/data/raw/hindi/audio/hi_00600.wav,"शुभकामनाएं"
/home/data/raw/hindi/audio/hi_00601.wav,"नमस्ते आज मौसम बहुत अच्छा है"
/home/data/raw/hindi/audio/hi_00602.wav,"भारत की राजधानी नई दिल्ली है"
/home/data/raw/hindi/audio/hi_00603.wav,"क्या आप मेरी मदद कर सकते हैं"
/home/data/raw/hindi/audio/hi_00604.wav,"यह एक परीक्षण है"
/home/data/raw/hindi/audio/hi_00605.wav,"कृपया धीरे बोलें मुझे समझ नहीं आ रहा है"
/home/data/raw/hindi/audio/hi_00606.wav,"आपका नाम क्या है"
/home/data/raw/hindi/audio/hi_00607.wav,"मैं कल बाजार जाऊँगा"
/home/data/raw/hindi/audio/hi_00608.wav,"हमें सच बोलना चाहिए"
/home/data/raw/hindi/audio/hi_00609.wav,"यह ट्रेन कब रवाना होगी"
/home/data/raw/hindi/audio/hi_00610.wav,"सूर्य पूर्व से उदय होता है"
/home/data/raw/hindi/audio/hi_00611.wav,"आप कैसे हैं"
/home/data/raw/hindi/audio/hi_00612.wav,"वैज्ञानिकों ने एक नई खोज की है"
/home/data/raw/hindi/audio/hi_00613.wav,"मुझे हिंदी बोलना बहुत पसंद है"
/home/data/raw/hindi/audio/hi_00614.wav,"शिक्षा सफलता की कुंजी है"
/home/data/raw/hindi/audio/hi_00615.wav,"आज की ताजा खबर क्या है"
/home/data/raw/hindi/audio/hi_00616.wav,"उन्होंने अपनी पढ़ाई पूरी कर ली है"
/home/data/raw/hindi/audio/hi_00617.wav,"क्या आपके पास कोई सवाल है"
/home/data/raw/hindi/audio/hi_00618.wav,"यह एक बहुत ही खूबसूरत जगह है"
/home/data/raw/hindi/audio/hi_00619.wav,"हम सभी को पर्यावरण की रक्षा करनी चाहिए"
/home/data/raw/hindi/audio/hi_00620.wav,"वह बहुत मेहनती लड़का है"
/home/data/raw/hindi/audio/hi_00621.wav,"मुझे एक गिलास पानी चाहिए"
/home/data/raw/hindi/audio/hi_00622.wav,"डिजिटल इंडिया एक महत्वपूर्ण पहल है"
/home/data/raw/hindi/audio/hi_00623.wav,"खेलना बच्चों के लिए अच्छा है"
/home/data/raw/hindi/audio/hi_00624.wav,"मैं आपकी बात से सहमत हूँ"
/home/data/raw/hindi/audio/hi_00625.wav,"समय बहुत मूल्यवान है"
/home/data/raw/hindi/audio/hi_00626.wav,"भारत एक विविध देश है"
/home/data/raw/hindi/audio/hi_00627.wav,"कृपया यहाँ हस्ताक्षर करें"
/home/data/raw/hindi/audio/hi_00628.wav,"यह मेरी समझ से बाहर है"
/home/data/raw/hindi/audio/hi_00629.wav,"उन्होंने एक नया रिकॉर्ड बनाया"
/home/data/raw/hindi/audio/hi_00630.wav,"शुभकामनाएं"
/home/data/raw/hindi/audio/hi_00631.wav,"नमस्ते आज मौसम बहुत अच्छा है"
/home/data/raw/hindi/audio/hi_00632.wav,"भारत की राजधानी नई दिल्ली है"
/home/data/raw/hindi/audio/hi_00633.wav,"क्या आप मेरी मदद कर सकते हैं"
/home/data/raw/hindi/audio/hi_00634.wav,"यह एक परीक्षण है"
/home/data/raw/hindi/audio/hi_00635.wav,"कृपया धीरे बोलें मुझे समझ नहीं आ रहा है"
/home/data/raw/hindi/audio/hi_00636.wav,"आपका नाम क्या है"
/home/data/raw/hindi/audio/hi_00637.wav,"मैं कल बाजार जाऊँगा"
/home/data/raw/hindi/audio/hi_00638.wav,"हमें सच बोलना चाहिए"
/home/data/raw/hindi/audio/hi_00639.wav,"यह ट्रेन कब रवाना होगी"
/home/data/raw/hindi/audio/hi_00640.wav,"सूर्य पूर्व से उदय होता है"
/home/data/raw/hindi/audio/hi_00641.wav,"आप कैसे हैं"
/home/data/raw/hindi/audio/hi_00642.wav,"वैज्ञानिकों ने एक नई खोज की है"
/home/data/raw/hindi/audio/hi_00643.wav,"मुझे हिंदी बोलना बहुत पसंद है"
/home/data/raw/hindi/audio/hi_00644.wav,"शिक्षा सफलता की कुंजी है"
/home/data/raw/hindi/audio/hi_00645.wav,"आज की ताजा खबर क्या है"
/home/data/raw/hindi/audio/hi_00646.wav,"उन्होंने अपनी पढ़ाई पूरी कर ली है"
/home/data/raw/hindi/audio/hi_00647.wav,"क्या आपके पास कोई सवाल है"
/home/data/raw/hindi/audio/hi_00648.wav,"यह एक बहुत ही खूबसूरत जगह है"
/home/data/raw/hindi/audio/hi_00649.wav,"हम सभी को पर्यावरण की रक्षा करनी चाहिए"
/home/data/raw/hindi/audio/hi_00650.wav,"वह बहुत मेहनती लड़का है"
/home/data/raw/hindi/audio/hi_00651.wav,"मुझे एक गिलास पानी चाहिए"
/home/data/raw/hindi/audio/hi_00652.wav,"डिजिटल इंडिया एक महत्वपूर्ण पहल है"
/home/data/raw/hindi/audio/hi_00653.wav,"खेलना बच्चों के लिए अच्छा है"
/home/data/raw/hindi/audio/hi_00654.wav,"मैं आपकी बात से सहमत हूँ"
/home/data/raw/hindi/audio/hi_00655.wav,"समय बहुत मूल्यवान है"
/home/data/raw/hindi/audio/hi_00656.wav,"भारत एक विविध देश है"
/home/data/raw/hindi/audio/hi_00657.wav,"कृपया यहाँ हस्ताक्षर करें"
/home/data/raw/hindi/audio/hi_00658.wav,"यह मेरी समझ से बाहर है"
/home/data/raw/hindi/audio/hi_00659.wav,"उन्होंने एक नया रिकॉर्ड बनाया"
/home/data/raw/hindi/audio/hi_00660.wav,"शुभकामनाएं"
/home/data/raw/hindi/audio/hi_00661.wav,"नमस्ते आज मौसम बहुत अच्छा है"
/home/data/raw/hindi/audio/hi_00662.wav,"भारत की राजधानी नई दिल्ली है"
/home/data/raw/hindi/audio/hi_00663.wav,"क्या आप मेरी मदद कर सकते हैं"
/home/data/raw/hindi/audio/hi_00664.wav,"यह एक परीक्षण है"
/home/data/raw/hindi/audio/hi_00665.wav,"कृपया धीरे बोलें मुझे समझ नहीं आ रहा है"
/home/data/raw/hindi/audio/hi_00666.wav,"आपका नाम क्या है"
/home/data/raw/hindi/audio/hi_00667.wav,"मैं कल बाजार जाऊँगा"
/home/data/raw/hindi/audio/hi_00668.wav,"हमें सच बोलना चाहिए"
/home/data/raw/hindi/audio/hi_00669.wav,"यह ट्रेन कब रवाना होगी"
/home/data/raw/hindi/audio/hi_00670.wav,"सूर्य पूर्व से उदय होता है"
/home/data/raw/hindi/audio/hi_00671.wav,"आप कैसे हैं"
/home/data/raw/hindi/audio/hi_00672.wav,"वैज्ञानिकों ने एक नई खोज की है"
/home/data/raw/hindi/audio/hi_00673.wav,"मुझे हिंदी बोलना बहुत पसंद है"
/home/data/raw/hindi/audio/hi_00674.wav,"शिक्षा सफलता की कुंजी है"
/home/data/raw/hindi/audio/hi_00675.wav,"आज की ताजा खबर क्या है"
/home/data/raw/hindi/audio/hi_00676.wav,"उन्होंने अपनी पढ़ाई पूरी कर ली है"
/home/data/raw/hindi/audio/hi_00677.wav,"क्या आपके पास कोई सवाल है"
/home/data/raw/hindi/audio/hi_00678.wav,"यह एक बहुत ही खूबसूरत जगह है"
/home/data/raw/hindi/audio/hi_00679.wav,"हम सभी को पर्यावरण की रक्षा करनी चाहिए"
/home/data/raw/hindi/audio/hi_00680.wav,"वह बहुत मेहनती लड़का है"
/home/data/raw/hindi/audio/hi_00681.wav,"मुझे एक गिलास पानी चाहिए"
/home/data/raw/hindi/audio/hi_00682.wav,"डिजिटल इंडिया एक महत्वपूर्ण पहल है"
/home/data/raw/hindi/audio/hi_00683.wav,"खेलना बच्चों के लिए अच्छा है"
/home/data/raw/hindi/audio/hi_00684.wav,"मैं आपकी बात से सहमत हूँ"
/home/data/raw/hindi/audio/hi_00685.wav,"समय बहुत मूल्यवान है"
/home/data/raw/hindi/audio/hi_00686.wav,"भारत एक विविध देश है"
/home/data/raw/hindi/audio/hi_00687.wav,"कृपया यहाँ हस्ताक्षर करें"
/home/data/raw/hindi/audio/hi_00688.wav,"यह मेरी समझ से बाहर है"
/home/data/raw/hindi/audio/hi_00689.wav,"उन्होंने एक नया रिकॉर्ड बनाया"
/home/data/raw/hindi/audio/hi_00690.wav,"शुभकामनाएं"
/home/data/raw/hindi/audio/hi_00691.wav,"नमस्ते आज मौसम बहुत अच्छा है"
/home/data/raw/hindi/audio/hi_00692.wav,"भारत की राजधानी नई दिल्ली है"
/home/data/raw/hindi/audio/hi_00693.wav,"क्या आप मेरी मदद कर सकते हैं"
/home/data/raw/hindi/audio/hi_00694.wav,"यह एक परीक्षण है"
/home/data/raw/hindi/audio/hi_00695.wav,"कृपया धीरे बोलें मुझे समझ नहीं आ रहा है"
/home/data/raw/hindi/audio/hi_00696.wav,"आपका नाम क्या है"
/home/data/raw/hindi/audio/hi_00697.wav,"मैं कल बाजार जाऊँगा"
/home/data/raw/hindi/audio/hi_00698.wav,"हमें सच बोलना चाहिए"
/home/data/raw/hindi/audio/hi_00699.wav,"यह ट्रेन कब रवाना होगी"
/home/data/raw/hindi/audio/hi_00700.wav,"सूर्य पूर्व से उदय होता है"
/home/data/raw/hindi/audio/hi_00701.wav,"आप कैसे हैं"
/home/data/raw/hindi/audio/hi_00702.wav,"वैज्ञानिकों ने एक नई खोज की है"
/home/data/raw/hindi/audio/hi_00703.wav,"मुझे हिंदी बोलना बहुत पसंद है"
/home/data/raw/hindi/audio/hi_00704.wav,"शिक्षा सफलता की कुंजी है"
/home/data/raw/hindi/audio/hi_00705.wav,"आज की ताजा खबर क्या है"
/home/data/raw/hindi/audio/hi_00706.wav,"उन्होंने अपनी पढ़ाई पूरी कर ली है"
/home/data/raw/hindi/audio/hi_00707.wav,"क्या आपके पास कोई सवाल है"
/home/data/raw/hindi/audio/hi_00708.wav,"यह एक बहुत ही खूबसूरत जगह है"
/home/data/raw/hindi/audio/hi_00709.wav,"हम सभी को पर्यावरण की रक्षा करनी चाहिए"
/home/data/raw/hindi/audio/hi_00710.wav,"वह बहुत मेहनती लड़का है"
/home/data/raw/hindi/audio/hi_00711.wav,"मुझे एक गिलास पानी चाहिए"
/home/data/raw/hindi/audio/hi_00712.wav,"डिजिटल इंडिया एक महत्वपूर्ण पहल है"
/home/data/raw/hindi/audio/hi_00713.wav,"खेलना बच्चों के लिए अच्छा है"
/home/data/raw/hindi/audio/hi_00714.wav,"मैं आपकी बात से सहमत हूँ"
/home/data/raw/hindi/audio/hi_00715.wav,"समय बहुत मूल्यवान है"
/home/data/raw/hindi/audio/hi_00716.wav,"भारत एक विविध देश है"
/home/data/raw/hindi/audio/hi_00717.wav,"कृपया यहाँ हस्ताक्षर करें"
/home/data/raw/hindi/audio/hi_00718.wav,"यह मेरी समझ से बाहर है"
/home/data/raw/hindi/audio/hi_00719.wav,"उन्होंने एक नया रिकॉर्ड बनाया"
/home/data/raw/hindi/audio/hi_00720.wav,"शुभकामनाएं"
/home/data/raw/hindi/audio/hi_00721.wav,"नमस्ते आज मौसम बहुत अच्छा है"
/home/data/raw/hindi/audio/hi_00722.wav,"भारत की राजधानी नई दिल्ली है"
/home/data/raw/hindi/audio/hi_00723.wav,"क्या आप मेरी मदद कर सकते हैं"
/home/data/raw/hindi/audio/hi_00724.wav,"यह एक परीक्षण है"
/home/data/raw/hindi/audio/hi_00725.wav,"कृपया धीरे बोलें मुझे समझ नहीं आ रहा है"
/home/data/raw/hindi/audio/hi_00726.wav,"आपका नाम क्या है"
/home/data/raw/hindi/audio/hi_00727.wav,"मैं कल बाजार जाऊँगा"
/home/data/raw/hindi/audio/hi_00728.wav,"हमें सच बोलना चाहिए"
/home/data/raw/hindi/audio/hi_00729.wav,"यह ट्रेन कब रवाना होगी"
/home/data/raw/hindi/audio/hi_00730.wav,"सूर्य पूर्व से उदय होता है"
/home/data/raw/hindi/audio/hi_00731.wav,"आप कैसे हैं"
/home/data/raw/hindi/audio/hi_00732.wav,"वैज्ञानिकों ने एक नई खोज की है"
/home/data/raw/hindi/audio/hi_00733.wav,"मुझे हिंदी बोलना बहुत पसंद है"
/home/data/raw/hindi/audio/hi_00734.wav,"शिक्षा सफलता की कुंजी है"
/home/data/raw/hindi/audio/hi_00735.wav,"आज की ताजा खबर क्या है"
/home/data/raw/hindi/audio/hi_00736.wav,"उन्होंने अपनी पढ़ाई पूरी कर ली है"
/home/data/raw/hindi/audio/hi_00737.wav,"क्या आपके पास कोई सवाल है"
/home/data/raw/hindi/audio/hi_00738.wav,"यह एक बहुत ही खूबसूरत जगह है"
/home/data/raw/hindi/audio/hi_00739.wav,"हम सभी को पर्यावरण की रक्षा करनी चाहिए"
/home/data/raw/hindi/audio/hi_00740.wav,"वह बहुत मेहनती लड़का है"
/home/data/raw/hindi/audio/hi_00741.wav,"मुझे एक गिलास पानी चाहिए"
/home/data/raw/hindi/audio/hi_00742.wav,"डिजिटल इंडिया एक महत्वपूर्ण पहल है"
/home/data/raw/hindi/audio/hi_00743.wav,"खेलना बच्चों के लिए अच्छा है"
/home/data/raw/hindi/audio/hi_00744.wav,"मैं आपकी बात से सहमत हूँ"
/home/data/raw/hindi/audio/hi_00745.wav,"समय बहुत मूल्यवान है"
/home/data/raw/hindi/audio/hi_00746.wav,"भारत एक विविध देश है"
/home/data/raw/hindi/audio/hi_00747.wav,"कृपया यहाँ हस्ताक्षर करें"
/home/data/raw/hindi/audio/hi_00748.wav,"यह मेरी समझ से बाहर है"
/home/data/raw/hindi/audio/hi_00749.wav,"उन्होंने एक नया रिकॉर्ड बनाया"
/home/data/raw/hindi/audio/hi_00750.wav,"शुभकामनाएं"
/home/data/raw/hindi/audio/hi_00751.wav,"नमस्ते आज मौसम बहुत अच्छा है"
/home/data/raw/hindi/audio/hi_00752.wav,"भारत की राजधानी नई दिल्ली है"
/home/data/raw/hindi/audio/hi_00753.wav,"क्या आप मेरी मदद कर सकते हैं"
/home/data/raw/hindi/audio/hi_00754.wav,"यह एक परीक्षण है"
/home/data/raw/hindi/audio/hi_00755.wav,"कृपया धीरे बोलें मुझे समझ नहीं आ रहा है"
/home/data/raw/hindi/audio/hi_00756.wav,"आपका नाम क्या है"
/home/data/raw/hindi/audio/hi_00757.wav,"मैं कल बाजार जाऊँगा"
/home/data/raw/hindi/audio/hi_00758.wav,"हमें सच बोलना चाहिए"
/home/data/raw/hindi/audio/hi_00759.wav,"यह ट्रेन कब रवाना होगी"
/home/data/raw/hindi/audio/hi_00760.wav,"सूर्य पूर्व से उदय होता है"
/home/data/raw/hindi/audio/hi_00761.wav,"आप कैसे हैं"
/home/data/raw/hindi/audio/hi_00762.wav,"वैज्ञानिकों ने एक नई खोज की है"
/home/data/raw/hindi/audio/hi_00763.wav,"मुझे हिंदी बोलना बहुत पसंद है"
/home/data/raw/hindi/audio/hi_00764.wav,"शिक्षा सफलता की कुंजी है"
/home/data/raw/hindi/audio/hi_00765.wav,"आज की ताजा खबर क्या है"
/home/data/raw/hindi/audio/hi_00766.wav,"उन्होंने अपनी पढ़ाई पूरी कर ली है"
/home/data/raw/hindi/audio/hi_00767.wav,"क्या आपके पास कोई सवाल है"
/home/data/raw/hindi/audio/hi_00768.wav,"यह एक बहुत ही खूबसूरत जगह है"
/home/data/raw/hindi/audio/hi_00769.wav,"हम सभी को पर्यावरण की रक्षा करनी चाहिए"
/home/data/raw/hindi/audio/hi_00770.wav,"वह बहुत मेहनती लड़का है"
/home/data/raw/hindi/audio/hi_00771.wav,"मुझे एक गिलास पानी चाहिए"
/home/data/raw/hindi/audio/hi_00772.wav,"डिजिटल इंडिया एक महत्वपूर्ण पहल है"
/home/data/raw/hindi/audio/hi_00773.wav,"खेलना बच्चों के लिए अच्छा है"
/home/data/raw/hindi/audio/hi_00774.wav,"मैं आपकी बात से सहमत हूँ"
/home/data/raw/hindi/audio/hi_00775.wav,"समय बहुत मूल्यवान है"
/home/data/raw/hindi/audio/hi_00776.wav,"भारत एक विविध देश है"
/home/data/raw/hindi/audio/hi_00777.wav,"कृपया यहाँ हस्ताक्षर करें"
/home/data/raw/hindi/audio/hi_00778.wav,"यह मेरी समझ से बाहर है"
/home/data/raw/hindi/audio/hi_00779.wav,"उन्होंने एक नया रिकॉर्ड बनाया"
/home/data/raw/hindi/audio/hi_00780.wav,"शुभकामनाएं"
/home/data/raw/hindi/audio/hi_00781.wav,"नमस्ते आज मौसम बहुत अच्छा है"
/home/data/raw/hindi/audio/hi_00782.wav,"भारत की राजधानी नई दिल्ली है"
/home/data/raw/hindi/audio/hi_00783.wav,"क्या आप मेरी मदद कर सकते हैं"
/home/data/raw/hindi/audio/hi_00784.wav,"यह एक परीक्षण है"
/home/data/raw/hindi/audio/hi_00785.wav,"कृपया धीरे बोलें मुझे समझ नहीं आ रहा है"
/home/data/raw/hindi/audio/hi_00786.wav,"आपका नाम क्या है"
/home/data/raw/hindi/audio/hi_00787.wav,"मैं कल बाजार जाऊँगा"
/home/data/raw/hindi/audio/hi_00788.wav,"हमें सच बोलना चाहिए"
/home/data/raw/hindi/audio/hi_00789.wav,"यह ट्रेन कब रवाना होगी"
/home/data/raw/hindi/audio/hi_00790.wav,"सूर्य पूर्व से उदय होता है"
/home/data/raw/hindi/audio/hi_00791.wav,"आप कैसे हैं"
/home/data/raw/hindi/audio/hi_00792.wav,"वैज्ञानिकों ने एक नई खोज की है"
/home/data/raw/hindi/audio/hi_00793.wav,"मुझे हिंदी बोलना बहुत पसंद है"
/home/data/raw/hindi/audio/hi_00794.wav,"शिक्षा सफलता की कुंजी है"
/home/data/raw/hindi/audio/hi_00795.wav,"आज की ताजा खबर क्या है"
/home/data/raw/hindi/audio/hi_00796.wav,"उन्होंने अपनी पढ़ाई पूरी कर ली है"
/home/data/raw/hindi/audio/hi_00797.wav,"क्या आपके पास कोई सवाल है"
/home/data/raw/hindi/audio/hi_00798.wav,"यह एक बहुत ही खूबसूरत जगह है"
/home/data/raw/hindi/audio/hi_00799.wav,"हम सभी को पर्यावरण की रक्षा करनी चाहिए"
/home/data/raw/hindi/audio/hi_00800.wav,"वह बहुत मेहनती लड़का है"
/home/data/raw/hindi/audio/hi_00801.wav,"मुझे एक गिलास पानी चाहिए"
/home/data/raw/hindi/audio/hi_00802.wav,"डिजिटल इंडिया एक महत्वपूर्ण पहल है"
/home/data/raw/hindi/audio/hi_00803.wav,"खेलना बच्चों के लिए अच्छा है"
/home/data/raw/hindi/audio/hi_00804.wav,"मैं आपकी बात से सहमत हूँ"
/home/data/raw/hindi/audio/hi_00805.wav,"समय बहुत मूल्यवान है"
/home/data/raw/hindi/audio/hi_00806.wav,"भारत एक विविध देश है"
/home/data/raw/hindi/audio/hi_00807.wav,"कृपया यहाँ हस्ताक्षर करें"
/home/data/raw/hindi/audio/hi_00808.wav,"यह मेरी समझ से बाहर है"
/home/data/raw/hindi/audio/hi_00809.wav,"उन्होंने एक नया रिकॉर्ड बनाया"
/home/data/raw/hindi/audio/hi_00810.wav,"शुभकामनाएं"
/home/data/raw/hindi/audio/hi_00811.wav,"नमस्ते आज मौसम बहुत अच्छा है"
/home/data/raw/hindi/audio/hi_00812.wav,"भारत की राजधानी नई दिल्ली है"
/home/data/raw/hindi/audio/hi_00813.wav,"क्या आप मेरी मदद कर सकते हैं"
/home/data/raw/hindi/audio/hi_00814.wav,"यह एक परीक्षण है"
/home/data/raw/hindi/audio/hi_00815.wav,"कृपया धीरे बोलें मुझे समझ नहीं आ रहा है"
/home/data/raw/hindi/audio/hi_00816.wav,"आपका नाम क्या है"
/home/data/raw/hindi/audio/hi_00817.wav,"मैं कल बाजार जाऊँगा"
/home/data/raw/hindi/audio/hi_00818.wav,"हमें सच बोलना चाहिए"
/home/data/raw/hindi/audio/hi_00819.wav,"यह ट्रेन कब रवाना होगी"
/home/data/raw/hindi/audio/hi_00820.wav,"सूर्य पूर्व से उदय होता है"
/home/data/raw/hindi/audio/hi_00821.wav,"आप कैसे हैं"
/home/data/raw/hindi/audio/hi_00822.wav,"वैज्ञानिकों ने एक नई खोज की है"
/home/data/raw/hindi/audio/hi_00823.wav,"मुझे हिंदी बोलना बहुत पसंद है"
/home/data/raw/hindi/audio/hi_00824.wav,"शिक्षा सफलता की कुंजी है"
/home/data/raw/hindi/audio/hi_00825.wav,"आज की ताजा खबर क्या है"
/home/data/raw/hindi/audio/hi_00826.wav,"उन्होंने अपनी पढ़ाई पूरी कर ली है"
/home/data/raw/hindi/audio/hi_00827.wav,"क्या आपके पास कोई सवाल है"
/home/data/raw/hindi/audio/hi_00828.wav,"यह एक बहुत ही खूबसूरत जगह है"
/home/data/raw/hindi/audio/hi_00829.wav,"हम सभी को पर्यावरण की रक्षा करनी चाहिए"
/home/data/raw/hindi/audio/hi_00830.wav,"वह बहुत मेहनती लड़का है"
/home/data/raw/hindi/audio/hi_00831.wav,"मुझे एक गिलास पानी चाहिए"
/home/data/raw/hindi/audio/hi_00832.wav,"डिजिटल इंडिया एक महत्वपूर्ण पहल है"
/home/data/raw/hindi/audio/hi_00833.wav,"खेलना बच्चों के लिए अच्छा है"
/home/data/raw/hindi/audio/hi_00834.wav,"मैं आपकी बात से सहमत हूँ"
/home/data/raw/hindi/audio/hi_00835.wav,"समय बहुत मूल्यवान है"
/home/data/raw/hindi/audio/hi_00836.wav,"भारत एक विविध देश है"
/home/data/raw/hindi/audio/hi_00837.wav,"कृपया यहाँ हस्ताक्षर करें"
/home/data/raw/hindi/audio/hi_00838.wav,"यह मेरी समझ से बाहर है"
/home/data/raw/hindi/audio/hi_00839.wav,"उन्होंने एक नया रिकॉर्ड बनाया"
/home/data/raw/hindi/audio/hi_00840.wav,"शुभकामनाएं"
/home/data/raw/hindi/audio/hi_00841.wav,"नमस्ते आज मौसम बहुत अच्छा है"
/home/data/raw/hindi/audio/hi_00842.wav,"भारत की राजधानी नई दिल्ली है"
/home/data/raw/hindi/audio/hi_00843.wav,"क्या आप मेरी मदद कर सकते हैं"
/home/data/raw/hindi/audio/hi_00844.wav,"यह एक परीक्षण है"
/home/data/raw/hindi/audio/hi_00845.wav,"कृपया धीरे बोलें मुझे समझ नहीं आ रहा है"
/home/data/raw/hindi/audio/hi_00846.wav,"आपका नाम क्या है"
/home/data/raw/hindi/audio/hi_00847.wav,"मैं कल बाजार जाऊँगा"
/home/data/raw/hindi/audio/hi_00848.wav,"हमें सच बोलना चाहिए"
/home/data/raw/hindi/audio/hi_00849.wav,"यह ट्रेन कब रवाना होगी"
/home/data/raw/hindi/audio/hi_00850.wav,"सूर्य पूर्व से उदय होता है"
/home/data/raw/hindi/audio/hi_00851.wav,"आप कैसे हैं"
/home/data/raw/hindi/audio/hi_00852.wav,"वैज्ञानिकों ने एक नई खोज की है"
/home/data/raw/hindi/audio/hi_00853.wav,"मुझे हिंदी बोलना बहुत पसंद है"
/home/data/raw/hindi/audio/hi_00854.wav,"शिक्षा सफलता की कुंजी है"
/home/data/raw/hindi/audio/hi_00855.wav,"आज की ताजा खबर क्या है"
/home/data/raw/hindi/audio/hi_00856.wav,"उन्होंने अपनी पढ़ाई पूरी कर ली है"
/home/data/raw/hindi/audio/hi_00857.wav,"क्या आपके पास कोई सवाल है"
/home/data/raw/hindi/audio/hi_00858.wav,"यह एक बहुत ही खूबसूरत जगह है"
/home/data/raw/hindi/audio/hi_00859.wav,"हम सभी को पर्यावरण की रक्षा करनी चाहिए"
/home/data/raw/hindi/audio/hi_00860.wav,"वह बहुत मेहनती लड़का है"
/home/data/raw/hindi/audio/hi_00861.wav,"मुझे एक गिलास पानी चाहिए"
/home/data/raw/hindi/audio/hi_00862.wav,"डिजिटल इंडिया एक महत्वपूर्ण पहल है"
/home/data/raw/hindi/audio/hi_00863.wav,"खेलना बच्चों के लिए अच्छा है"
/home/data/raw/hindi/audio/hi_00864.wav,"मैं आपकी बात से सहमत हूँ"
/home/data/raw/hindi/audio/hi_00865.wav,"समय बहुत मूल्यवान है"
/home/data/raw/hindi/audio/hi_00866.wav,"भारत एक विविध देश है"
/home/data/raw/hindi/audio/hi_00867.wav,"कृपया यहाँ हस्ताक्षर करें"
/home/data/raw/hindi/audio/hi_00868.wav,"यह मेरी समझ से बाहर है"
/home/data/raw/hindi/audio/hi_00869.wav,"उन्होंने एक नया रिकॉर्ड बनाया"
/home/data/raw/hindi/audio/hi_00870.wav,"शुभकामनाएं"
/home/data/raw/hindi/audio/hi_00871.wav,"नमस्ते आज मौसम बहुत अच्छा है"
/home/data/raw/hindi/audio/hi_00872.wav,"भारत की राजधानी नई दिल्ली है"
/home/data/raw/hindi/audio/hi_00873.wav,"क्या आप मेरी मदद कर सकते हैं"
/home/data/raw/hindi/audio/hi_00874.wav,"यह एक परीक्षण है"
/home/data/raw/hindi/audio/hi_00875.wav,"कृपया धीरे बोलें मुझे समझ नहीं आ रहा है"
/home/data/raw/hindi/audio/hi_00876.wav,"आपका नाम क्या है"
/home/data/raw/hindi/audio/hi_00877.wav,"मैं कल बाजार जाऊँगा"
/home/data/raw/hindi/audio/hi_00878.wav,"हमें सच बोलना चाहिए"
/home/data/raw/hindi/audio/hi_00879.wav,"यह ट्रेन कब रवाना होगी"
/home/data/raw/hindi/audio/hi_00880.wav,"सूर्य पूर्व से उदय होता है"
/home/data/raw/hindi/audio/hi_00881.wav,"आप कैसे हैं"
/home/data/raw/hindi/audio/hi_00882.wav,"वैज्ञानिकों ने एक नई खोज की है"
/home/data/raw/hindi/audio/hi_00883.wav,"मुझे हिंदी बोलना बहुत पसंद है"
/home/data/raw/hindi/audio/hi_00884.wav,"शिक्षा सफलता की कुंजी है"
/home/data/raw/hindi/audio/hi_00885.wav,"आज की ताजा खबर क्या है"
/home/data/raw/hindi/audio/hi_00886.wav,"उन्होंने अपनी पढ़ाई पूरी कर ली है"
/home/data/raw/hindi/audio/hi_00887.wav,"क्या आपके पास कोई सवाल है"
/home/data/raw/hindi/audio/hi_00888.wav,"यह एक बहुत ही खूबसूरत जगह है"
/home/data/raw/hindi/audio/hi_00889.wav,"हम सभी को पर्यावरण की रक्षा करनी चाहिए"
/home/data/raw/hindi/audio/hi_00890.wav,"वह बहुत मेहनती लड़का है"
/home/data/raw/hindi/audio/hi_00891.wav,"मुझे एक गिलास पानी चाहिए"
/home/data/raw/hindi/audio/hi_00892.wav,"डिजिटल इंडिया एक महत्वपूर्ण पहल है"
/home/data/raw/hindi/audio/hi_00893.wav,"खेलना बच्चों के लिए अच्छा है"
/home/data/raw/hindi/audio/hi_00894.wav,"मैं आपकी बात से सहमत हूँ"
/home/data/raw/hindi/audio/hi_00895.wav,"समय बहुत मूल्यवान है"
/home/data/raw/hindi/audio/hi_00896.wav,"भारत एक विविध देश है"
/home/data/raw/hindi/audio/hi_00897.wav,"कृपया यहाँ हस्ताक्षर करें"
/home/data/raw/hindi/audio/hi_00898.wav,"यह मेरी समझ से बाहर है"
/home/data/raw/hindi/audio/hi_00899.wav,"उन्होंने एक नया रिकॉर्ड बनाया"
/home/data/raw/hindi/audio/hi_00900.wav,"शुभकामनाएं"
/home/data/raw/hindi/audio/hi_00901.wav,"नमस्ते आज मौसम बहुत अच्छा है"
/home/data/raw/hindi/audio/hi_00902.wav,"भारत की राजधानी नई दिल्ली है"
/home/data/raw/hindi/audio/hi_00903.wav,"क्या आप मेरी मदद कर सकते हैं"
/home/data/raw/hindi/audio/hi_00904.wav,"यह एक परीक्षण है"
/home/data/raw/hindi/audio/hi_00905.wav,"कृपया धीरे बोलें मुझे समझ नहीं आ रहा है"
/home/data/raw/hindi/audio/hi_00906.wav,"आपका नाम क्या है"
/home/data/raw/hindi/audio/hi_00907.wav,"मैं कल बाजार जाऊँगा"
/home/data/raw/hindi/audio/hi_00908.wav,"हमें सच बोलना चाहिए"
/home/data/raw/hindi/audio/hi_00909.wav,"यह ट्रेन कब रवाना होगी"
/home/data/raw/hindi/audio/hi_00910.wav,"सूर्य पूर्व से उदय होता है"
/home/data/raw/hindi/audio/hi_00911.wav,"आप कैसे हैं"
/home/data/raw/hindi/audio/hi_00912.wav,"वैज्ञानिकों ने एक नई खोज की है"
/home/data/raw/hindi/audio/hi_00913.wav,"मुझे हिंदी बोलना बहुत पसंद है"
/home/data/raw/hindi/audio/hi_00914.wav,"शिक्षा सफलता की कुंजी है"
/home/data/raw/hindi/audio/hi_00915.wav,"आज की ताजा खबर क्या है"
/home/data/raw/hindi/audio/hi_00916.wav,"उन्होंने अपनी पढ़ाई पूरी कर ली है"
/home/data/raw/hindi/audio/hi_00917.wav,"क्या आपके पास कोई सवाल है"
/home/data/raw/hindi/audio/hi_00918.wav,"यह एक बहुत ही खूबसूरत जगह है"
/home/data/raw/hindi/audio/hi_00919.wav,"हम सभी को पर्यावरण की रक्षा करनी चाहिए"
/home/data/raw/hindi/audio/hi_00920.wav,"वह बहुत मेहनती लड़का है"
/home/data/raw/hindi/audio/hi_00921.wav,"मुझे एक गिलास पानी चाहिए"
/home/data/raw/hindi/audio/hi_00922.wav,"डिजिटल इंडिया एक महत्वपूर्ण पहल है"
/home/data/raw/hindi/audio/hi_00923.wav,"खेलना बच्चों के लिए अच्छा है"
/home/data/raw/hindi/audio/hi_00924.wav,"मैं आपकी बात से सहमत हूँ"
/home/data/raw/hindi/audio/hi_00925.wav,"समय बहुत मूल्यवान है"
/home/data/raw/hindi/audio/hi_00926.wav,"भारत एक विविध देश है"
/home/data/raw/hindi/audio/hi_00927.wav,"कृपया यहाँ हस्ताक्षर करें"
/home/data/raw/hindi/audio/hi_00928.wav,"यह मेरी समझ से बाहर है"
/home/data/raw/hindi/audio/hi_00929.wav,"उन्होंने एक नया रिकॉर्ड बनाया"
/home/data/raw/hindi/audio/hi_00930.wav,"शुभकामनाएं"
/home/data/raw/hindi/audio/hi_00931.wav,"नमस्ते आज मौसम बहुत अच्छा है"
/home/data/raw/hindi/audio/hi_00932.wav,"भारत की राजधानी नई दिल्ली है"
/home/data/raw/hindi/audio/hi_00933.wav,"क्या आप मेरी मदद कर सकते हैं"
/home/data/raw/hindi/audio/hi_00934.wav,"यह एक परीक्षण है"
/home/data/raw/hindi/audio/hi_00935.wav,"कृपया धीरे बोलें मुझे समझ नहीं आ रहा है"
/home/data/raw/hindi/audio/hi_00936.wav,"आपका नाम क्या है"
/home/data/raw/hindi/audio/hi_00937.wav,"मैं कल बाजार जाऊँगा"
/home/data/raw/hindi/audio/hi_00938.wav,"हमें सच बोलना चाहिए"
/home/data/raw/hindi/audio/hi_00939.wav,"यह ट्रेन कब रवाना होगी"
/home/data/raw/hindi/audio/hi_00940.wav,"सूर्य पूर्व से उदय होता है"
/home/data/raw/hindi/audio/hi_00941.wav,"आप कैसे हैं"
/home/data/raw/hindi/audio/hi_00942.wav,"वैज्ञानिकों ने एक नई खोज की है"
/home/data/raw/hindi/audio/hi_00943.wav,"मुझे हिंदी बोलना बहुत पसंद है"
/home/data/raw/hindi/audio/hi_00944.wav,"शिक्षा सफलता की कुंजी है"
/home/data/raw/hindi/audio/hi_00945.wav,"आज की ताजा खबर क्या है"
/home/data/raw/hindi/audio/hi_00946.wav,"उन्होंने अपनी पढ़ाई पूरी कर ली है"
/home/data/raw/hindi/audio/hi_00947.wav,"क्या आपके पास कोई सवाल है"
/home/data/raw/hindi/audio/hi_00948.wav,"यह एक बहुत ही खूबसूरत जगह है"
/home/data/raw/hindi/audio/hi_00949.wav,"हम सभी को पर्यावरण की रक्षा करनी चाहिए"
/home/data/raw/hindi/audio/hi_00950.wav,"वह बहुत मेहनती लड़का है"
/home/data/raw/hindi/audio/hi_00951.wav,"मुझे एक गिलास पानी चाहिए"
/home/data/raw/hindi/audio/hi_00952.wav,"डिजिटल इंडिया एक महत्वपूर्ण पहल है"
/home/data/raw/hindi/audio/hi_00953.wav,"खेलना बच्चों के लिए अच्छा है"
/home/data/raw/hindi/audio/hi_00954.wav,"मैं आपकी बात से सहमत हूँ"
/home/data/raw/hindi/audio/hi_00955.wav,"समय बहुत मूल्यवान है"
/home/data/raw/hindi/audio/hi_00956.wav,"भारत एक विविध देश है"
/home/data/raw/hindi/audio/hi_00957.wav,"कृपया यहाँ हस्ताक्षर करें"
/home/data/raw/hindi/audio/hi_00958.wav,"यह मेरी समझ से बाहर है"
/home/data/raw/hindi/audio/hi_00959.wav,"उन्होंने एक नया रिकॉर्ड बनाया"
/home/data/raw/hindi/audio/hi_00960.wav,"शुभकामनाएं"
/home/data/raw/hindi/audio/hi_00961.wav,"नमस्ते आज मौसम बहुत अच्छा है"
/home/data/raw/hindi/audio/hi_00962.wav,"भारत की राजधानी नई दिल्ली है"
/home/data/raw/hindi/audio/hi_00963.wav,"क्या आप मेरी मदद कर सकते हैं"
/home/data/raw/hindi/audio/hi_00964.wav,"यह एक परीक्षण है"
/home/data/raw/hindi/audio/hi_00965.wav,"कृपया धीरे बोलें मुझे समझ नहीं आ रहा है"
/home/data/raw/hindi/audio/hi_00966.wav,"आपका नाम क्या है"
/home/data/raw/hindi/audio/hi_00967.wav,"मैं कल बाजार जाऊँगा"
/home/data/raw/hindi/audio/hi_00968.wav,"हमें सच बोलना चाहिए"
/home/data/raw/hindi/audio/hi_00969.wav,"यह ट्रेन कब रवाना होगी"
/home/data/raw/hindi/audio/hi_00970.wav,"सूर्य पूर्व से उदय होता है"
/home/data/raw/hindi/audio/hi_00971.wav,"आप कैसे हैं"
/home/data/raw/hindi/audio/hi_00972.wav,"वैज्ञानिकों ने एक नई खोज की है"
/home/data/raw/hindi/audio/hi_00973.wav,"मुझे हिंदी बोलना बहुत पसंद है"
/home/data/raw/hindi/audio/hi_00974.wav,"शिक्षा सफलता की कुंजी है"
/home/data/raw/hindi/audio/hi_00975.wav,"आज की ताजा खबर क्या है"
/home/data/raw/hindi/audio/hi_00976.wav,"उन्होंने अपनी पढ़ाई पूरी कर ली है"
/home/data/raw/hindi/audio/hi_00977.wav,"क्या आपके पास कोई सवाल है"
/home/data/raw/hindi/audio/hi_00978.wav,"यह एक बहुत ही खूबसूरत जगह है"
/home/data/raw/hindi/audio/hi_00979.wav,"हम सभी को पर्यावरण की रक्षा करनी चाहिए"
/home/data/raw/hindi/audio/hi_00980.wav,"वह बहुत मेहनती लड़का है"
/home/data/raw/hindi/audio/hi_00981.wav,"मुझे एक गिलास पानी चाहिए"
/home/data/raw/hindi/audio/hi_00982.wav,"डिजिटल इंडिया एक महत्वपूर्ण पहल है"
/home/data/raw/hindi/audio/hi_00983.wav,"खेलना बच्चों के लिए अच्छा है"
/home/data/raw/hindi/audio/hi_00984.wav,"मैं आपकी बात से सहमत हूँ"
/home/data/raw/hindi/audio/hi_00985.wav,"समय बहुत मूल्यवान है"
/home/data/raw/hindi/audio/hi_00986.wav,"भारत एक विविध देश है"
/home/data/raw/hindi/audio/hi_00987.wav,"कृपया यहाँ हस्ताक्षर करें"
/home/data/raw/hindi/audio/hi_00988.wav,"यह मेरी समझ से बाहर है"
/home/data/raw/hindi/audio/hi_00989.wav,"उन्होंने एक नया रिकॉर्ड बनाया"
/home/data/raw/hindi/audio/hi_00990.wav,"शुभकामनाएं"
/home/data/raw/hindi/audio/hi_00991.wav,"नमस्ते आज मौसम बहुत अच्छा है"
/home/data/raw/hindi/audio/hi_00992.wav,"भारत की राजधानी नई दिल्ली है"
/home/data/raw/hindi/audio/hi_00993.wav,"क्या आप मेरी मदद कर सकते हैं"
/home/data/raw/hindi/audio/hi_00994.wav,"यह एक परीक्षण है"
/home/data/raw/hindi/audio/hi_00995.wav,"कृपया धीरे बोलें मुझे समझ नहीं आ रहा है"
/home/data/raw/hindi/audio/hi_00996.wav,"आपका नाम क्या है"
/home/data/raw/hindi/audio/hi_00997.wav,"मैं कल बाजार जाऊँगा"
/home/data/raw/hindi/audio/hi_00998.wav,"हमें सच बोलना चाहिए"
/home/data/raw/hindi/audio/hi_00999.wav,"यह ट्रेन कब रवाना होगी"
/home/data/raw/hindi/audio/hi_01000.wav,"सूर्य पूर्व से उदय होता है"
/home/data/raw/hindi/audio/hi_01001.wav,"आप कैसे हैं"
/home/data/raw/hindi/audio/hi_01002.wav,"वैज्ञानिकों ने एक नई खोज की है"
/home/data/raw/hindi/audio/hi_01003.wav,"मुझे हिंदी बोलना बहुत पसंद है"
/home/data/raw/hindi/audio/hi_01004.wav,"शिक्षा सफलता की कुंजी है"
/home/data/raw/hindi/audio/hi_01005.wav,"आज की ताजा खबर क्या है"
/home/data/raw/hindi/audio/hi_01006.wav,"उन्होंने अपनी पढ़ाई पूरी कर ली है"
/home/data/raw/hindi/audio/hi_01007.wav,"क्या आपके पास कोई सवाल है"
/home/data/raw/hindi/audio/hi_01008.wav,"यह एक बहुत ही खूबसूरत जगह है"
/home/data/raw/hindi/audio/hi_01009.wav,"हम सभी को पर्यावरण की रक्षा करनी चाहिए"
/home/data/raw/hindi/audio/hi_01010.wav,"वह बहुत मेहनती लड़का है"
/home/data/raw/hindi/audio/hi_01011.wav,"मुझे एक गिलास पानी चाहिए"
/home/data/raw/hindi/audio/hi_01012.wav,"डिजिटल इंडिया एक महत्वपूर्ण पहल है"
/home/data/raw/hindi/audio/hi_01013.wav,"खेलना बच्चों के लिए अच्छा है"
/home/data/raw/hindi/audio/hi_01014.wav,"मैं आपकी बात से सहमत हूँ"
/home/data/raw/hindi/audio/hi_01015.wav,"समय बहुत मूल्यवान है"
/home/data/raw/hindi/audio/hi_01016.wav,"भारत एक विविध देश है"
/home/data/raw/hindi/audio/hi_01017.wav,"कृपया यहाँ हस्ताक्षर करें"
/home/data/raw/hindi/audio/hi_01018.wav,"यह मेरी समझ से बाहर है"
/home/data/raw/hindi/audio/hi_01019.wav,"उन्होंने एक नया रिकॉर्ड बनाया"
/home/data/raw/hindi/audio/hi_01020.wav,"शुभकामनाएं"
/home/data/raw/hindi/audio/hi_01021.wav,"नमस्ते आज मौसम बहुत अच्छा है"
/home/data/raw/hindi/audio/hi_01022.wav,"भारत की राजधानी नई दिल्ली है"
/home/data/raw/hindi/audio/hi_01023.wav,"क्या आप मेरी मदद कर सकते हैं"
/home/data/raw/hindi/audio/hi_01024.wav,"यह एक परीक्षण है"
/home/data/raw/hindi/audio/hi_01025.wav,"कृपया धीरे बोलें मुझे समझ नहीं आ रहा है"
/home/data/raw/hindi/audio/hi_01026.wav,"आपका नाम क्या है"
/home/data/raw/hindi/audio/hi_01027.wav,"मैं कल बाजार जाऊँगा"
/home/data/raw/hindi/audio/hi_01028.wav,"हमें सच बोलना चाहिए"
/home/data/raw/hindi/audio/hi_01029.wav,"यह ट्रेन कब रवाना होगी"
/home/data/raw/hindi/audio/hi_01030.wav,"सूर्य पूर्व से उदय होता है"
/home/data/raw/hindi/audio/hi_01031.wav,"आप कैसे हैं"
/home/data/raw/hindi/audio/hi_01032.wav,"वैज्ञानिकों ने एक नई खोज की है"
/home/data/raw/hindi/audio/hi_01033.wav,"मुझे हिंदी बोलना बहुत पसंद है"
/home/data/raw/hindi/audio/hi_01034.wav,"शिक्षा सफलता की कुंजी है"
/home/data/raw/hindi/audio/hi_01035.wav,"आज की ताजा खबर क्या है"
/home/data/raw/hindi/audio/hi_01036.wav,"उन्होंने अपनी पढ़ाई पूरी कर ली है"
/home/data/raw/hindi/audio/hi_01037.wav,"क्या आपके पास कोई सवाल है"
/home/data/raw/hindi/audio/hi_01038.wav,"यह एक बहुत ही खूबसूरत जगह है"
/home/data/raw/hindi/audio/hi_01039.wav,"हम सभी को पर्यावरण की रक्षा करनी चाहिए"
/home/data/raw/hindi/audio/hi_01040.wav,"वह बहुत मेहनती लड़का है"
/home/data/raw/hindi/audio/hi_01041.wav,"मुझे एक गिलास पानी चाहिए"
/home/data/raw/hindi/audio/hi_01042.wav,"डिजिटल इंडिया एक महत्वपूर्ण पहल है"
/home/data/raw/hindi/audio/hi_01043.wav,"खेलना बच्चों के लिए अच्छा है"
/home/data/raw/hindi/audio/hi_01044.wav,"मैं आपकी बात से सहमत हूँ"
/home/data/raw/hindi/audio/hi_01045.wav,"समय बहुत मूल्यवान है"
/home/data/raw/hindi/audio/hi_01046.wav,"भारत एक विविध देश है"
/home/data/raw/hindi/audio/hi_01047.wav,"कृपया यहाँ हस्ताक्षर करें"
/home/data/raw/hindi/audio/hi_01048.wav,"यह मेरी समझ से बाहर है"
/home/data/raw/hindi/audio/hi_01049.wav,"उन्होंने एक नया रिकॉर्ड बनाया"
/home/data/raw/hindi/audio/hi_01050.wav,"शुभकामनाएं"
/home/data/raw/hindi/audio/hi_01051.wav,"नमस्ते आज मौसम बहुत अच्छा है"
/home/data/raw/hindi/audio/hi_01052.wav,"भारत की राजधानी नई दिल्ली है"
/home/data/raw/hindi/audio/hi_01053.wav,"क्या आप मेरी मदद कर सकते हैं"
/home/data/raw/hindi/audio/hi_01054.wav,"यह एक परीक्षण है"
/home/data/raw/hindi/audio/hi_01055.wav,"कृपया धीरे बोलें मुझे समझ नहीं आ रहा है"
/home/data/raw/hindi/audio/hi_01056.wav,"आपका नाम क्या है"
/home/data/raw/hindi/audio/hi_01057.wav,"मैं कल बाजार जाऊँगा"
/home/data/raw/hindi/audio/hi_01058.wav,"हमें सच बोलना चाहिए"
/home/data/raw/hindi/audio/hi_01059.wav,"यह ट्रेन कब रवाना होगी"
/home/data/raw/hindi/audio/hi_01060.wav,"सूर्य पूर्व से उदय होता है"
/home/data/raw/hindi/audio/hi_01061.wav,"आप कैसे हैं"
/home/data/raw/hindi/audio/hi_01062.wav,"वैज्ञानिकों ने एक नई खोज की है"
/home/data/raw/hindi/audio/hi_01063.wav,"मुझे हिंदी बोलना बहुत पसंद है"
/home/data/raw/hindi/audio/hi_01064.wav,"शिक्षा सफलता की कुंजी है"
/home/data/raw/hindi/audio/hi_01065.wav,"आज की ताजा खबर क्या है"
/home/data/raw/hindi/audio/hi_01066.wav,"उन्होंने अपनी पढ़ाई पूरी कर ली है"
/home/data/raw/hindi/audio/hi_01067.wav,"क्या आपके पास कोई सवाल है"
/home/data/raw/hindi/audio/hi_01068.wav,"यह एक बहुत ही खूबसूरत जगह है"
/home/data/raw/hindi/audio/hi_01069.wav,"हम सभी को पर्यावरण की रक्षा करनी चाहिए"
/home/data/raw/hindi/audio/hi_01070.wav,"वह बहुत मेहनती लड़का है"
/home/data/raw/hindi/audio/hi_01071.wav,"मुझे एक गिलास पानी चाहिए"
/home/data/raw/hindi/audio/hi_01072.wav,"डिजिटल इंडिया एक महत्वपूर्ण पहल है"
/home/data/raw/hindi/audio/hi_01073.wav,"खेलना बच्चों के लिए अच्छा है"
/home/data/raw/hindi/audio/hi_01074.wav,"मैं आपकी बात से सहमत हूँ"
/home/data/raw/hindi/audio/hi_01075.wav,"समय बहुत मूल्यवान है"
/home/data/raw/hindi/audio/hi_01076.wav,"भारत एक विविध देश है"
/home/data/raw/hindi/audio/hi_01077.wav,"कृपया यहाँ हस्ताक्षर करें"
/home/data/raw/hindi/audio/hi_01078.wav,"यह मेरी समझ से बाहर है"
/home/data/raw/hindi/audio/hi_01079.wav,"उन्होंने एक नया रिकॉर्ड बनाया"
/home/data/raw/hindi/audio/hi_01080.wav,"शुभकामनाएं"
/home/data/raw/hindi/audio/hi_01081.wav,"नमस्ते आज मौसम बहुत अच्छा है"
/home/data/raw/hindi/audio/hi_01082.wav,"भारत की राजधानी नई दिल्ली है"
/home/data/raw/hindi/audio/hi_01083.wav,"क्या आप मेरी मदद कर सकते हैं"
/home/data/raw/hindi/audio/hi_01084.wav,"यह एक परीक्षण है"
/home/data/raw/hindi/audio/hi_01085.wav,"कृपया धीरे बोलें मुझे समझ नहीं आ रहा है"
/home/data/raw/hindi/audio/hi_01086.wav,"आपका नाम क्या है"
/home/data/raw/hindi/audio/hi_01087.wav,"मैं कल बाजार जाऊँगा"
/home/data/raw/hindi/audio/hi_01088.wav,"हमें सच बोलना चाहिए"
/home/data/raw/hindi/audio/hi_01089.wav,"यह ट्रेन कब रवाना होगी"
/home/data/raw/hindi/audio/hi_01090.wav,"सूर्य पूर्व से उदय होता है"
/home/data/raw/hindi/audio/hi_01091.wav,"आप कैसे हैं"
/home/data/raw/hindi/audio/hi_01092.wav,"वैज्ञानिकों ने एक नई खोज की है"
/home/data/raw/hindi/audio/hi_01093.wav,"मुझे हिंदी बोलना बहुत पसंद है"
/home/data/raw/hindi/audio/hi_01094.wav,"शिक्षा सफलता की कुंजी है"
/home/data/raw/hindi/audio/hi_01095.wav,"आज की ताजा खबर क्या है"
/home/data/raw/hindi/audio/hi_01096.wav,"उन्होंने अपनी पढ़ाई पूरी कर ली है"
/home/data/raw/hindi/audio/hi_01097.wav,"क्या आपके पास कोई सवाल है"
/home/data/raw/hindi/audio/hi_01098.wav,"यह एक बहुत ही खूबसूरत जगह है"
/home/data/raw/hindi/audio/hi_01099.wav,"हम सभी को पर्यावरण की रक्षा करनी चाहिए"
/home/data/raw/hindi/audio/hi_01100.wav,"वह बहुत मेहनती लड़का है"
/home/data/raw/hindi/audio/hi_01101.wav,"मुझे एक गिलास पानी चाहिए"
/home/data/raw/hindi/audio/hi_01102.wav,"डिजिटल इंडिया एक महत्वपूर्ण पहल है"
/home/data/raw/hindi/audio/hi_01103.wav,"खेलना बच्चों के लिए अच्छा है"
/home/data/raw/hindi/audio/hi_01104.wav,"मैं आपकी बात से सहमत हूँ"
/home/data/raw/hindi/audio/hi_01105.wav,"समय बहुत मूल्यवान है"
/home/data/raw/hindi/audio/hi_01106.wav,"भारत एक विविध देश है"
/home/data/raw/hindi/audio/hi_01107.wav,"कृपया यहाँ हस्ताक्षर करें"
/home/data/raw/hindi/audio/hi_01108.wav,"यह मेरी समझ से बाहर है"
/home/data/raw/hindi/audio/hi_01109.wav,"उन्होंने एक नया रिकॉर्ड बनाया"
/home/data/raw/hindi/audio/hi_01110.wav,"शुभकामनाएं"
/home/data/raw/hindi/audio/hi_01111.wav,"नमस्ते आज मौसम बहुत अच्छा है"
/home/data/raw/hindi/audio/hi_01112.wav,"भारत की राजधानी नई दिल्ली है"
/home/data/raw/hindi/audio/hi_01113.wav,"क्या आप मेरी मदद कर सकते हैं"
/home/data/raw/hindi/audio/hi_01114.wav,"यह एक परीक्षण है"
/home/data/raw/hindi/audio/hi_01115.wav,"कृपया धीरे बोलें मुझे समझ नहीं आ रहा है"
/home/data/raw/hindi/audio/hi_01116.wav,"आपका नाम क्या है"
/home/data/raw/hindi/audio/hi_01117.wav,"मैं कल बाजार जाऊँगा"
/home/data/raw/hindi/audio/hi_01118.wav,"हमें सच बोलना चाहिए"
/home/data/raw/hindi/audio/hi_01119.wav,"यह ट्रेन कब रवाना होगी"
/home/data/raw/hindi/audio/hi_01120.wav,"सूर्य पूर्व से उदय होता है"
/home/data/raw/hindi/audio/hi_01121.wav,"आप कैसे हैं"
/home/data/raw/hindi/audio/hi_01122.wav,"वैज्ञानिकों ने एक नई खोज की है"
/home/data/raw/hindi/audio/hi_01123.wav,"मुझे हिंदी बोलना बहुत पसंद है"
/home/data/raw/hindi/audio/hi_01124.wav,"शिक्षा सफलता की कुंजी है"
/home/data/raw/hindi/audio/hi_01125.wav,"आज की ताजा खबर क्या है"
/home/data/raw/hindi/audio/hi_01126.wav,"उन्होंने अपनी पढ़ाई पूरी कर ली है"
/home/data/raw/hindi/audio/hi_01127.wav,"क्या आपके पास कोई सवाल है"
/home/data/raw/hindi/audio/hi_01128.wav,"यह एक बहुत ही खूबसूरत जगह है"
/home/data/raw/hindi/audio/hi_01129.wav,"हम सभी को पर्यावरण की रक्षा करनी चाहिए"
/home/data/raw/hindi/audio/hi_01130.wav,"वह बहुत मेहनती लड़का है"
/home/data/raw/hindi/audio/hi_01131.wav,"मुझे एक गिलास पानी चाहिए"
/home/data/raw/hindi/audio/hi_01132.wav,"डिजिटल इंडिया एक महत्वपूर्ण पहल है"
/home/data/raw/hindi/audio/hi_01133.wav,"खेलना बच्चों के लिए अच्छा है"
/home/data/raw/hindi/audio/hi_01134.wav,"मैं आपकी बात से सहमत हूँ"
/home/data/raw/hindi/audio/hi_01135.wav,"समय बहुत मूल्यवान है"
/home/data/raw/hindi/audio/hi_01136.wav,"भारत एक विविध देश है"
/home/data/raw/hindi/audio/hi_01137.wav,"कृपया यहाँ हस्ताक्षर करें"
/home/data/raw/hindi/audio/hi_01138.wav,"यह मेरी समझ से बाहर है"
/home/data/raw/hindi/audio/hi_01139.wav,"उन्होंने एक नया रिकॉर्ड बनाया"
/home/data/raw/hindi/audio/hi_01140.wav,"शुभकामनाएं"
/home/data/raw/hindi/audio/hi_01141.wav,"नमस्ते आज मौसम बहुत अच्छा है"
/home/data/raw/hindi/audio/hi_01142.wav,"भारत की राजधानी नई दिल्ली है"
/home/data/raw/hindi/audio/hi_01143.wav,"क्या आप मेरी मदद कर सकते हैं"
/home/data/raw/hindi/audio/hi_01144.wav,"यह एक परीक्षण है"
/home/data/raw/hindi/audio/hi_01145.wav,"कृपया धीरे बोलें मुझे समझ नहीं आ रहा है"
/home/data/raw/hindi/audio/hi_01146.wav,"आपका नाम क्या है"
/home/data/raw/hindi/audio/hi_01147.wav,"मैं कल बाजार जाऊँगा"
/home/data/raw/hindi/audio/hi_01148.wav,"हमें सच बोलना चाहिए"
/home/data/raw/hindi/audio/hi_01149.wav,"यह ट्रेन कब रवाना होगी"
/home/data/raw/hindi/audio/hi_01150.wav,"सूर्य पूर्व से उदय होता है"
/home/data/raw/hindi/audio/hi_01151.wav,"आप कैसे हैं"
/home/data/raw/hindi/audio/hi_01152.wav,"वैज्ञानिकों ने एक नई खोज की है"
/home/data/raw/hindi/audio/hi_01153.wav,"मुझे हिंदी बोलना बहुत पसंद है"
/home/data/raw/hindi/audio/hi_01154.wav,"शिक्षा सफलता की कुंजी है"
/home/data/raw/hindi/audio/hi_01155.wav,"आज की ताजा खबर क्या है"
/home/data/raw/hindi/audio/hi_01156.wav,"उन्होंने अपनी पढ़ाई पूरी कर ली है"
/home/data/raw/hindi/audio/hi_01157.wav,"क्या आपके पास कोई सवाल है"
/home/data/raw/hindi/audio/hi_01158.wav,"यह एक बहुत ही खूबसूरत जगह है"
/home/data/raw/hindi/audio/hi_01159.wav,"हम सभी को पर्यावरण की रक्षा करनी चाहिए"
/home/data/raw/hindi/audio/hi_01160.wav,"वह बहुत मेहनती लड़का है"
/home/data/raw/hindi/audio/hi_01161.wav,"मुझे एक गिलास पानी चाहिए"
/home/data/raw/hindi/audio/hi_01162.wav,"डिजिटल इंडिया एक महत्वपूर्ण पहल है"
/home/data/raw/hindi/audio/hi_01163.wav,"खेलना बच्चों के लिए अच्छा है"
/home/data/raw/hindi/audio/hi_01164.wav,"मैं आपकी बात से सहमत हूँ"
/home/data/raw/hindi/audio/hi_01165.wav,"समय बहुत मूल्यवान है"
/home/data/raw/hindi/audio/hi_01166.wav,"भारत एक विविध देश है"
/home/data/raw/hindi/audio/hi_01167.wav,"कृपया यहाँ हस्ताक्षर करें"
/home/data/raw/hindi/audio/hi_01168.wav,"यह मेरी समझ से बाहर है"
/home/data/raw/hindi/audio/hi_01169.wav,"उन्होंने एक नया रिकॉर्ड बनाया"
/home/data/raw/hindi/audio/hi_01170.wav,"शुभकामनाएं"
/home/data/raw/hindi/audio/hi_01171.wav,"नमस्ते आज मौसम बहुत अच्छा है"
/home/data/raw/hindi/audio/hi_01172.wav,"भारत की राजधानी नई दिल्ली है"
/home/data/raw/hindi/audio/hi_01173.wav,"क्या आप मेरी मदद कर सकते हैं"
/home/data/raw/hindi/audio/hi_01174.wav,"यह एक परीक्षण है"
/home/data/raw/hindi/audio/hi_01175.wav,"कृपया धीरे बोलें मुझे समझ नहीं आ रहा है"
/home/data/raw/hindi/audio/hi_01176.wav,"आपका नाम क्या है"
/home/data/raw/hindi/audio/hi_01177.wav,"मैं कल बाजार जाऊँगा"
/home/data/raw/hindi/audio/hi_01178.wav,"हमें सच बोलना चाहिए"
/home/data/raw/hindi/audio/hi_01179.wav,"यह ट्रेन कब रवाना होगी"
/home/data/raw/hindi/audio/hi_01180.wav,"सूर्य पूर्व से उदय होता है"
/home/data/raw/hindi/audio/hi_01181.wav,"आप कैसे हैं"
/home/data/raw/hindi/audio/hi_01182.wav,"वैज्ञानिकों ने एक नई खोज की है"
/home/data/raw/hindi/audio/hi_01183.wav,"मुझे हिंदी बोलना बहुत पसंद है"
/home/data/raw/hindi/audio/hi_01184.wav,"शिक्षा सफलता की कुंजी है"
/home/data/raw/hindi/audio/hi_01185.wav,"आज की ताजा खबर क्या है"
/home/data/raw/hindi/audio/hi_01186.wav,"उन्होंने अपनी पढ़ाई पूरी कर ली है"
/home/data/raw/hindi/audio/hi_01187.wav,"क्या आपके पास कोई सवाल है"
/home/data/raw/hindi/audio/hi_01188.wav,"यह एक बहुत ही खूबसूरत जगह है"
/home/data/raw/hindi/audio/hi_01189.wav,"हम सभी को पर्यावरण की रक्षा करनी चाहिए"
/home/data/raw/hindi/audio/hi_01190.wav,"वह बहुत मेहनती लड़का है"
/home/data/raw/hindi/audio/hi_01191.wav,"मुझे एक गिलास पानी चाहिए"
/home/data/raw/hindi/audio/hi_01192.wav,"डिजिटल इंडिया एक महत्वपूर्ण पहल है"
/home/data/raw/hindi/audio/hi_01193.wav,"खेलना बच्चों के लिए अच्छा है"
/home/data/raw/hindi/audio/hi_01194.wav,"मैं आपकी बात से सहमत हूँ"
/home/data/raw/hindi/audio/hi_01195.wav,"समय बहुत मूल्यवान है"
/home/data/raw/hindi/audio/hi_01196.wav,"भारत एक विविध देश है"
/home/data/raw/hindi/audio/hi_01197.wav,"कृपया यहाँ हस्ताक्षर करें"
/home/data/raw/hindi/audio/hi_01198.wav,"यह मेरी समझ से बाहर है"
/home/data/raw/hindi/audio/hi_01199.wav,"उन्होंने एक नया रिकॉर्ड बनाया"
/home/data/raw/hindi/audio/hi_01200.wav,"शुभकामनाएं"
/home/data/raw/hindi/audio/hi_01201.wav,"नमस्ते आज मौसम बहुत अच्छा है"
/home/data/raw/hindi/audio/hi_01202.wav,"भारत की राजधानी नई दिल्ली है"
/home/data/raw/hindi/audio/hi_01203.wav,"क्या आप मेरी मदद कर सकते हैं"
/home/data/raw/hindi/audio/hi_01204.wav,"यह एक परीक्षण है"
/home/data/raw/hindi/audio/hi_01205.wav,"कृपया धीरे बोलें मुझे समझ नहीं आ रहा है"
/home/data/raw/hindi/audio/hi_01206.wav,"आपका नाम क्या है"
/home/data/raw/hindi/audio/hi_01207.wav,"मैं कल बाजार जाऊँगा"
/home/data/raw/hindi/audio/hi_01208.wav,"हमें सच बोलना चाहिए"
/home/data/raw/hindi/audio/hi_01209.wav,"यह ट्रेन कब रवाना होगी"
/home/data/raw/hindi/audio/hi_01210.wav,"सूर्य पूर्व से उदय होता है"
/home/data/raw/hindi/audio/hi_01211.wav,"आप कैसे हैं"
/home/data/raw/hindi/audio/hi_01212.wav,"वैज्ञानिकों ने एक नई खोज की है"
/home/data/raw/hindi/audio/hi_01213.wav,"मुझे हिंदी बोलना बहुत पसंद है"
/home/data/raw/hindi/audio/hi_01214.wav,"शिक्षा सफलता की कुंजी है"
/home/data/raw/hindi/audio/hi_01215.wav,"आज की ताजा खबर क्या है"
/home/data/raw/hindi/audio/hi_01216.wav,"उन्होंने अपनी पढ़ाई पूरी कर ली है"
/home/data/raw/hindi/audio/hi_01217.wav,"क्या आपके पास कोई सवाल है"
/home/data/raw/hindi/audio/hi_01218.wav,"यह एक बहुत ही खूबसूरत जगह है"
/home/data/raw/hindi/audio/hi_01219.wav,"हम सभी को पर्यावरण की रक्षा करनी चाहिए"
/home/data/raw/hindi/audio/hi_01220.wav,"वह बहुत मेहनती लड़का है"
/home/data/raw/hindi/audio/hi_01221.wav,"मुझे एक गिलास पानी चाहिए"
/home/data/raw/hindi/audio/hi_01222.wav,"डिजिटल इंडिया एक महत्वपूर्ण पहल है"
/home/data/raw/hindi/audio/hi_01223.wav,"खेलना बच्चों के लिए अच्छा है"
/home/data/raw/hindi/audio/hi_01224.wav,"मैं आपकी बात से सहमत हूँ"
/home/data/raw/hindi/audio/hi_01225.wav,"समय बहुत मूल्यवान है"
/home/data/raw/hindi/audio/hi_01226.wav,"भारत एक विविध देश है"
/home/data/raw/hindi/audio/hi_01227.wav,"कृपया यहाँ हस्ताक्षर करें"
/home/data/raw/hindi/audio/hi_01228.wav,"यह मेरी समझ से बाहर है"
/home/data/raw/hindi/audio/hi_01229.wav,"उन्होंने एक नया रिकॉर्ड बनाया"
/home/data/raw/hindi/audio/hi_01230.wav,"शुभकामनाएं"
/home/data/raw/hindi/audio/hi_01231.wav,"नमस्ते आज मौसम बहुत अच्छा है"
/home/data/raw/hindi/audio/hi_01232.wav,"भारत की राजधानी नई दिल्ली है"
/home/data/raw/hindi/audio/hi_01233.wav,"क्या आप मेरी मदद कर सकते हैं"
/home/data/raw/hindi/audio/hi_01234.wav,"यह एक परीक्षण है"
/home/data/raw/hindi/audio/hi_01235.wav,"कृपया धीरे बोलें मुझे समझ नहीं आ रहा है"
/home/data/raw/hindi/audio/hi_01236.wav,"आपका नाम क्या है"
/home/data/raw/hindi/audio/hi_01237.wav,"मैं कल बाजार जाऊँगा"
/home/data/raw/hindi/audio/hi_01238.wav,"हमें सच बोलना चाहिए"
/home/data/raw/hindi/audio/hi_01239.wav,"यह ट्रेन कब रवाना होगी"
/home/data/raw/hindi/audio/hi_01240.wav,"सूर्य पूर्व से उदय होता है"
/home/data/raw/hindi/audio/hi_01241.wav,"आप कैसे हैं"
/home/data/raw/hindi/audio/hi_01242.wav,"वैज्ञानिकों ने एक नई खोज की है"
/home/data/raw/hindi/audio/hi_01243.wav,"मुझे हिंदी बोलना बहुत पसंद है"
/home/data/raw/hindi/audio/hi_01244.wav,"शिक्षा सफलता की कुंजी है"
/home/data/raw/hindi/audio/hi_01245.wav,"आज की ताजा खबर क्या है"
/home/data/raw/hindi/audio/hi_01246.wav,"उन्होंने अपनी पढ़ाई पूरी कर ली है"
/home/data/raw/hindi/audio/hi_01247.wav,"क्या आपके पास कोई सवाल है"
/home/data/raw/hindi/audio/hi_01248.wav,"यह एक बहुत ही खूबसूरत जगह है"
/home/data/raw/hindi/audio/hi_01249.wav,"हम सभी को पर्यावरण की रक्षा करनी चाहिए"
/home/data/raw/hindi/audio/hi_01250.wav,"वह बहुत मेहनती लड़का है"
/home/data/raw/hindi/audio/hi_01251.wav,"मुझे एक गिलास पानी चाहिए"
/home/data/raw/hindi/audio/hi_01252.wav,"डिजिटल इंडिया एक महत्वपूर्ण पहल है"
/home/data/raw/hindi/audio/hi_01253.wav,"खेलना बच्चों के लिए अच्छा है"
/home/data/raw/hindi/audio/hi_01254.wav,"मैं आपकी बात से सहमत हूँ"
/home/data/raw/hindi/audio/hi_01255.wav,"समय बहुत मूल्यवान है"
/home/data/raw/hindi/audio/hi_01256.wav,"भारत एक विविध देश है"
/home/data/raw/hindi/audio/hi_01257.wav,"कृपया यहाँ हस्ताक्षर करें"
/home/data/raw/hindi/audio/hi_01258.wav,"यह मेरी समझ से बाहर है"
/home/data/raw/hindi/audio/hi_01259.wav,"उन्होंने एक नया रिकॉर्ड बनाया"
/home/data/raw/hindi/audio/hi_01260.wav,"शुभकामनाएं"
/home/data/raw/hindi/audio/hi_01261.wav,"नमस्ते आज मौसम बहुत अच्छा है"
/home/data/raw/hindi/audio/hi_01262.wav,"भारत की राजधानी नई दिल्ली है"
/home/data/raw/hindi/audio/hi_01263.wav,"क्या आप मेरी मदद कर सकते हैं"
/home/data/raw/hindi/audio/hi_01264.wav,"यह एक परीक्षण है"
/home/data/raw/hindi/audio/hi_01265.wav,"कृपया धीरे बोलें मुझे समझ नहीं आ रहा है"
/home/data/raw/hindi/audio/hi_01266.wav,"आपका नाम क्या है"
/home/data/raw/hindi/audio/hi_01267.wav,"मैं कल बाजार जाऊँगा"
/home/data/raw/hindi/audio/hi_01268.wav,"हमें सच बोलना चाहिए"
/home/data/raw/hindi/audio/hi_01269.wav,"यह ट्रेन कब रवाना होगी"
/home/data/raw/hindi/audio/hi_01270.wav,"सूर्य पूर्व से उदय होता है"
/home/data/raw/hindi/audio/hi_01271.wav,"आप कैसे हैं"
/home/data/raw/hindi/audio/hi_01272.wav,"वैज्ञानिकों ने एक नई खोज की है"
/home/data/raw/hindi/audio/hi_01273.wav,"मुझे हिंदी बोलना बहुत पसंद है"
/home/data/raw/hindi/audio/hi_01274.wav,"शिक्षा सफलता की कुंजी है"
/home/data/raw/hindi/audio/hi_01275.wav,"आज की ताजा खबर क्या है"
/home/data/raw/hindi/audio/hi_01276.wav,"उन्होंने अपनी पढ़ाई पूरी कर ली है"
/home/data/raw/hindi/audio/hi_01277.wav,"क्या आपके पास कोई सवाल है"
/home/data/raw/hindi/audio/hi_01278.wav,"यह एक बहुत ही खूबसूरत जगह है"
/home/data/raw/hindi/audio/hi_01279.wav,"हम सभी को पर्यावरण की रक्षा करनी चाहिए"
/home/data/raw/hindi/audio/hi_01280.wav,"वह बहुत मेहनती लड़का है"
/home/data/raw/hindi/audio/hi_01281.wav,"मुझे एक गिलास पानी चाहिए"
/home/data/raw/hindi/audio/hi_01282.wav,"डिजिटल इंडिया एक महत्वपूर्ण पहल है"
/home/data/raw/hindi/audio/hi_01283.wav,"खेलना बच्चों के लिए अच्छा है"
/home/data/raw/hindi/audio/hi_01284.wav,"मैं आपकी बात से सहमत हूँ"
/home/data/raw/hindi/audio/hi_01285.wav,"समय बहुत मूल्यवान है"
/home/data/raw/hindi/audio/hi_01286.wav,"भारत एक विविध देश है"
/home/data/raw/hindi/audio/hi_01287.wav,"कृपया यहाँ हस्ताक्षर करें"
/home/data/raw/hindi/audio/hi_01288.wav,"यह मेरी समझ से बाहर है"
/home/data/raw/hindi/audio/hi_01289.wav,"उन्होंने एक नया रिकॉर्ड बनाया"
/home/data/raw/hindi/audio/hi_01290.wav,"शुभकामनाएं"
/home/data/raw/hindi/audio/hi_01291.wav,"नमस्ते आज मौसम बहुत अच्छा है"
/home/data/raw/hindi/audio/hi_01292.wav,"भारत की राजधानी नई दिल्ली है"
/home/data/raw/hindi/audio/hi_01293.wav,"क्या आप मेरी मदद कर सकते हैं"
/home/data/raw/hindi/audio/hi_01294.wav,"यह एक परीक्षण है"
/home/data/raw/hindi/audio/hi_01295.wav,"कृपया धीरे बोलें मुझे समझ नहीं आ रहा है"
/home/data/raw/hindi/audio/hi_01296.wav,"आपका नाम क्या है"
/home/data/raw/hindi/audio/hi_01297.wav,"मैं कल बाजार जाऊँगा"
/home/data/raw/hindi/audio/hi_01298.wav,"हमें सच बोलना चाहिए"
/home/data/raw/hindi/audio/hi_01299.wav,"यह ट्रेन कब रवाना होगी"
/home/data/raw/hindi/audio/hi_01300.wav,"सूर्य पूर्व से उदय होता है"
/home/data/raw/hindi/audio/hi_01301.wav,"आप कैसे हैं"
/home/data/raw/hindi/audio/hi_01302.wav,"वैज्ञानिकों ने एक नई खोज की है"
/home/data/raw/hindi/audio/hi_01303.wav,"मुझे हिंदी बोलना बहुत पसंद है"
/home/data/raw/hindi/audio/hi_01304.wav,"शिक्षा सफलता की कुंजी है"
/home/data/raw/hindi/audio/hi_01305.wav,"आज की ताजा खबर क्या है"
/home/data/raw/hindi/audio/hi_01306.wav,"उन्होंने अपनी पढ़ाई पूरी कर ली है"
/home/data/raw/hindi/audio/hi_01307.wav,"क्या आपके पास कोई सवाल है"
/home/data/raw/hindi/audio/hi_01308.wav,"यह एक बहुत ही खूबसूरत जगह है"
/home/data/raw/hindi/audio/hi_01309.wav,"हम सभी को पर्यावरण की रक्षा करनी चाहिए"
/home/data/raw/hindi/audio/hi_01310.wav,"वह बहुत मेहनती लड़का है"
/home/data/raw/hindi/audio/hi_01311.wav,"मुझे एक गिलास पानी चाहिए"
/home/data/raw/hindi/audio/hi_01312.wav,"डिजिटल इंडिया एक महत्वपूर्ण पहल है"
/home/data/raw/hindi/audio/hi_01313.wav,"खेलना बच्चों के लिए अच्छा है"
/home/data/raw/hindi/audio/hi_01314.wav,"मैं आपकी बात से सहमत हूँ"
/home/data/raw/hindi/audio/hi_01315.wav,"समय बहुत मूल्यवान है"
/home/data/raw/hindi/audio/hi_01316.wav,"भारत एक विविध देश है"
/home/data/raw/hindi/audio/hi_01317.wav,"कृपया यहाँ हस्ताक्षर करें"
/home/data/raw/hindi/audio/hi_01318.wav,"यह मेरी समझ से बाहर है"
/home/data/raw/hindi/audio/hi_01319.wav,"उन्होंने एक नया रिकॉर्ड बनाया"
/home/data/raw/hindi/audio/hi_01320.wav,"शुभकामनाएं"
/home/data/raw/hindi/audio/hi_01321.wav,"नमस्ते आज मौसम बहुत अच्छा है"
/home/data/raw/hindi/audio/hi_01322.wav,"भारत की राजधानी नई दिल्ली है"
/home/data/raw/hindi/audio/hi_01323.wav,"क्या आप मेरी मदद कर सकते हैं"
/home/data/raw/hindi/audio/hi_01324.wav,"यह एक परीक्षण है"
/home/data/raw/hindi/audio/hi_01325.wav,"कृपया धीरे बोलें मुझे समझ नहीं आ रहा है"
/home/data/raw/hindi/audio/hi_01326.wav,"आपका नाम क्या है"
/home/data/raw/hindi/audio/hi_01327.wav,"मैं कल बाजार जाऊँगा"
/home/data/raw/hindi/audio/hi_01328.wav,"हमें सच बोलना चाहिए"
/home/data/raw/hindi/audio/hi_01329.wav,"यह ट्रेन कब रवाना होगी"
/home/data/raw/hindi/audio/hi_01330.wav,"सूर्य पूर्व से उदय होता है"
/home/data/raw/hindi/audio/hi_01331.wav,"आप कैसे हैं"
/home/data/raw/hindi/audio/hi_01332.wav,"वैज्ञानिकों ने एक नई खोज की है"
/home/data/raw/hindi/audio/hi_01333.wav,"मुझे हिंदी बोलना बहुत पसंद है"
/home/data/raw/hindi/audio/hi_01334.wav,"शिक्षा सफलता की कुंजी है"
/home/data/raw/hindi/audio/hi_01335.wav,"आज की ताजा खबर क्या है"
/home/data/raw/hindi/audio/hi_01336.wav,"उन्होंने अपनी पढ़ाई पूरी कर ली है"
/home/data/raw/hindi/audio/hi_01337.wav,"क्या आपके पास कोई सवाल है"
/home/data/raw/hindi/audio/hi_01338.wav,"यह एक बहुत ही खूबसूरत जगह है"
/home/data/raw/hindi/audio/hi_01339.wav,"हम सभी को पर्यावरण की रक्षा करनी चाहिए"
/home/data/raw/hindi/audio/hi_01340.wav,"वह बहुत मेहनती लड़का है"
/home/data/raw/hindi/audio/hi_01341.wav,"मुझे एक गिलास पानी चाहिए"
/home/data/raw/hindi/audio/hi_01342.wav,"डिजिटल इंडिया एक महत्वपूर्ण पहल है"
/home/data/raw/hindi/audio/hi_01343.wav,"खेलना बच्चों के लिए अच्छा है"
/home/data/raw/hindi/audio/hi_01344.wav,"मैं आपकी बात से सहमत हूँ"
/home/data/raw/hindi/audio/hi_01345.wav,"समय बहुत मूल्यवान है"
/home/data/raw/hindi/audio/hi_01346.wav,"भारत एक विविध देश है"
/home/data/raw/hindi/audio/hi_01347.wav,"कृपया यहाँ हस्ताक्षर करें"
/home/data/raw/hindi/audio/hi_01348.wav,"यह मेरी समझ से बाहर है"
/home/data/raw/hindi/audio/hi_01349.wav,"उन्होंने एक नया रिकॉर्ड बनाया"
/home/data/raw/hindi/audio/hi_01350.wav,"शुभकामनाएं"
/home/data/raw/hindi/audio/hi_01351.wav,"नमस्ते आज मौसम बहुत अच्छा है"
/home/data/raw/hindi/audio/hi_01352.wav,"भारत की राजधानी नई दिल्ली है"
/home/data/raw/hindi/audio/hi_01353.wav,"क्या आप मेरी मदद कर सकते हैं"
/home/data/raw/hindi/audio/hi_01354.wav,"यह एक परीक्षण है"
/home/data/raw/hindi/audio/hi_01355.wav,"कृपया धीरे बोलें मुझे समझ नहीं आ रहा है"
/home/data/raw/hindi/audio/hi_01356.wav,"आपका नाम क्या है"
/home/data/raw/hindi/audio/hi_01357.wav,"मैं कल बाजार जाऊँगा"
/home/data/raw/hindi/audio/hi_01358.wav,"हमें सच बोलना चाहिए"
/home/data/raw/hindi/audio/hi_01359.wav,"यह ट्रेन कब रवाना होगी"
/home/data/raw/hindi/audio/hi_01360.wav,"सूर्य पूर्व से उदय होता है"
/home/data/raw/hindi/audio/hi_01361.wav,"आप कैसे हैं"
/home/data/raw/hindi/audio/hi_01362.wav,"वैज्ञानिकों ने एक नई खोज की है"
/home/data/raw/hindi/audio/hi_01363.wav,"मुझे हिंदी बोलना बहुत पसंद है"
/home/data/raw/hindi/audio/hi_01364.wav,"शिक्षा सफलता की कुंजी है"
/home/data/raw/hindi/audio/hi_01365.wav,"आज की ताजा खबर क्या है"
/home/data/raw/hindi/audio/hi_01366.wav,"उन्होंने अपनी पढ़ाई पूरी कर ली है"
/home/data/raw/hindi/audio/hi_01367.wav,"क्या आपके पास कोई सवाल है"
/home/data/raw/hindi/audio/hi_01368.wav,"यह एक बहुत ही खूबसूरत जगह है"
/home/data/raw/hindi/audio/hi_01369.wav,"हम सभी को पर्यावरण की रक्षा करनी चाहिए"
/home/data/raw/hindi/audio/hi_01370.wav,"वह बहुत मेहनती लड़का है"
/home/data/raw/hindi/audio/hi_01371.wav,"मुझे एक गिलास पानी चाहिए"
/home/data/raw/hindi/audio/hi_01372.wav,"डिजिटल इंडिया एक महत्वपूर्ण पहल है"
/home/data/raw/hindi/audio/hi_01373.wav,"खेलना बच्चों के लिए अच्छा है"
/home/data/raw/hindi/audio/hi_01374.wav,"मैं आपकी बात से सहमत हूँ"
/home/data/raw/hindi/audio/hi_01375.wav,"समय बहुत मूल्यवान है"
/home/data/raw/hindi/audio/hi_01376.wav,"भारत एक विविध देश है"
/home/data/raw/hindi/audio/hi_01377.wav,"कृपया यहाँ हस्ताक्षर करें"
/home/data/raw/hindi/audio/hi_01378.wav,"यह मेरी समझ से बाहर है"
/home/data/raw/hindi/audio/hi_01379.wav,"उन्होंने एक नया रिकॉर्ड बनाया"
/home/data/raw/hindi/audio/hi_01380.wav,"शुभकामनाएं"
/home/data/raw/hindi/audio/hi_01381.wav,"नमस्ते आज मौसम बहुत अच्छा है"
/home/data/raw/hindi/audio/hi_01382.wav,"भारत की राजधानी नई दिल्ली है"
/home/data/raw/hindi/audio/hi_01383.wav,"क्या आप मेरी मदद कर सकते हैं"
/home/data/raw/hindi/audio/hi_01384.wav,"यह एक परीक्षण है"
/home/data/raw/hindi/audio/hi_01385.wav,"कृपया धीरे बोलें मुझे समझ नहीं आ रहा है"
/home/data/raw/hindi/audio/hi_01386.wav,"आपका नाम क्या है"
/home/data/raw/hindi/audio/hi_01387.wav,"मैं कल बाजार जाऊँगा"
/home/data/raw/hindi/audio/hi_01388.wav,"हमें सच बोलना चाहिए"
/home/data/raw/hindi/audio/hi_01389.wav,"यह ट्रेन कब रवाना होगी"
/home/data/raw/hindi/audio/hi_01390.wav,"सूर्य पूर्व से उदय होता है"
/home/data/raw/hindi/audio/hi_01391.wav,"आप कैसे हैं"
/home/data/raw/hindi/audio/hi_01392.wav,"वैज्ञानिकों ने एक नई खोज की है"
/home/data/raw/hindi/audio/hi_01393.wav,"मुझे हिंदी बोलना बहुत पसंद है"
/home/data/raw/hindi/audio/hi_01394.wav,"शिक्षा सफलता की कुंजी है"
/home/data/raw/hindi/audio/hi_01395.wav,"आज की ताजा खबर क्या है"
/home/data/raw/hindi/audio/hi_01396.wav,"उन्होंने अपनी पढ़ाई पूरी कर ली है"
/home/data/raw/hindi/audio/hi_01397.wav,"क्या आपके पास कोई सवाल है"
/home/data/raw/hindi/audio/hi_01398.wav,"यह एक बहुत ही खूबसूरत जगह है"
/home/data/raw/hindi/audio/hi_01399.wav,"हम सभी को पर्यावरण की रक्षा करनी चाहिए"
/home/data/raw/hindi/audio/hi_01400.wav,"वह बहुत मेहनती लड़का है"
/home/data/raw/hindi/audio/hi_01401.wav,"मुझे एक गिलास पानी चाहिए"
/home/data/raw/hindi/audio/hi_01402.wav,"डिजिटल इंडिया एक महत्वपूर्ण पहल है"
/home/data/raw/hindi/audio/hi_01403.wav,"खेलना बच्चों के लिए अच्छा है"
/home/data/raw/hindi/audio/hi_01404.wav,"मैं आपकी बात से सहमत हूँ"
/home/data/raw/hindi/audio/hi_01405.wav,"समय बहुत मूल्यवान है"
/home/data/raw/hindi/audio/hi_01406.wav,"भारत एक विविध देश है"
/home/data/raw/hindi/audio/hi_01407.wav,"कृपया यहाँ हस्ताक्षर करें"
/home/data/raw/hindi/audio/hi_01408.wav,"यह मेरी समझ से बाहर है"
/home/data/raw/hindi/audio/hi_01409.wav,"उन्होंने एक नया रिकॉर्ड बनाया"
/home/data/raw/hindi/audio/hi_01410.wav,"शुभकामनाएं"
/home/data/raw/hindi/audio/hi_01411.wav,"नमस्ते आज मौसम बहुत अच्छा है"
/home/data/raw/hindi/audio/hi_01412.wav,"भारत की राजधानी नई दिल्ली है"
/home/data/raw/hindi/audio/hi_01413.wav,"क्या आप मेरी मदद कर सकते हैं"
/home/data/raw/hindi/audio/hi_01414.wav,"यह एक परीक्षण है"
/home/data/raw/hindi/audio/hi_01415.wav,"कृपया धीरे बोलें मुझे समझ नहीं आ रहा है"
/home/data/raw/hindi/audio/hi_01416.wav,"आपका नाम क्या है"
/home/data/raw/hindi/audio/hi_01417.wav,"मैं कल बाजार जाऊँगा"
/home/data/raw/hindi/audio/hi_01418.wav,"हमें सच बोलना चाहिए"
/home/data/raw/hindi/audio/hi_01419.wav,"यह ट्रेन कब रवाना होगी"
/home/data/raw/hindi/audio/hi_01420.wav,"सूर्य पूर्व से उदय होता है"
/home/data/raw/hindi/audio/hi_01421.wav,"आप कैसे हैं"
/home/data/raw/hindi/audio/hi_01422.wav,"वैज्ञानिकों ने एक नई खोज की है"
/home/data/raw/hindi/audio/hi_01423.wav,"मुझे हिंदी बोलना बहुत पसंद है"
/home/data/raw/hindi/audio/hi_01424.wav,"शिक्षा सफलता की कुंजी है"
/home/data/raw/hindi/audio/hi_01425.wav,"आज की ताजा खबर क्या है"
/home/data/raw/hindi/audio/hi_01426.wav,"उन्होंने अपनी पढ़ाई पूरी कर ली है"
/home/data/raw/hindi/audio/hi_01427.wav,"क्या आपके पास कोई सवाल है"
/home/data/raw/hindi/audio/hi_01428.wav,"यह एक बहुत ही खूबसूरत जगह है"
/home/data/raw/hindi/audio/hi_01429.wav,"हम सभी को पर्यावरण की रक्षा करनी चाहिए"
/home/data/raw/hindi/audio/hi_01430.wav,"वह बहुत मेहनती लड़का है"
/home/data/raw/hindi/audio/hi_01431.wav,"मुझे एक गिलास पानी चाहिए"
/home/data/raw/hindi/audio/hi_01432.wav,"डिजिटल इंडिया एक महत्वपूर्ण पहल है"
/home/data/raw/hindi/audio/hi_01433.wav,"खेलना बच्चों के लिए अच्छा है"
/home/data/raw/hindi/audio/hi_01434.wav,"मैं आपकी बात से सहमत हूँ"
/home/data/raw/hindi/audio/hi_01435.wav,"समय बहुत मूल्यवान है"
/home/data/raw/hindi/audio/hi_01436.wav,"भारत एक विविध देश है"
/home/data/raw/hindi/audio/hi_01437.wav,"कृपया यहाँ हस्ताक्षर करें"
/home/data/raw/hindi/audio/hi_01438.wav,"यह मेरी समझ से बाहर है"
/home/data/raw/hindi/audio/hi_01439.wav,"उन्होंने एक नया रिकॉर्ड बनाया"
/home/data/raw/hindi/audio/hi_01440.wav,"शुभकामनाएं"
/home/data/raw/hindi/audio/hi_01441.wav,"नमस्ते आज मौसम बहुत अच्छा है"
/home/data/raw/hindi/audio/hi_01442.wav,"भारत की राजधानी नई दिल्ली है"
/home/data/raw/hindi/audio/hi_01443.wav,"क्या आप मेरी मदद कर सकते हैं"
/home/data/raw/hindi/audio/hi_01444.wav,"यह एक परीक्षण है"
/home/data/raw/hindi/audio/hi_01445.wav,"कृपया धीरे बोलें मुझे समझ नहीं आ रहा है"
/home/data/raw/hindi/audio/hi_01446.wav,"आपका नाम क्या है"
/home/data/raw/hindi/audio/hi_01447.wav,"मैं कल बाजार जाऊँगा"
/home/data/raw/hindi/audio/hi_01448.wav,"हमें सच बोलना चाहिए"
/home/data/raw/hindi/audio/hi_01449.wav,"यह ट्रेन कब रवाना होगी"
/home/data/raw/hindi/audio/hi_01450.wav,"सूर्य पूर्व से उदय होता है"
/home/data/raw/hindi/audio/hi_01451.wav,"आप कैसे हैं"
/home/data/raw/hindi/audio/hi_01452.wav,"वैज्ञानिकों ने एक नई खोज की है"
/home/data/raw/hindi/audio/hi_01453.wav,"मुझे हिंदी बोलना बहुत पसंद है"
/home/data/raw/hindi/audio/hi_01454.wav,"शिक्षा सफलता की कुंजी है"
/home/data/raw/hindi/audio/hi_01455.wav,"आज की ताजा खबर क्या है"
/home/data/raw/hindi/audio/hi_01456.wav,"उन्होंने अपनी पढ़ाई पूरी कर ली है"
/home/data/raw/hindi/audio/hi_01457.wav,"क्या आपके पास कोई सवाल है"
/home/data/raw/hindi/audio/hi_01458.wav,"यह एक बहुत ही खूबसूरत जगह है"
/home/data/raw/hindi/audio/hi_01459.wav,"हम सभी को पर्यावरण की रक्षा करनी चाहिए"
/home/data/raw/hindi/audio/hi_01460.wav,"वह बहुत मेहनती लड़का है"
/home/data/raw/hindi/audio/hi_01461.wav,"मुझे एक गिलास पानी चाहिए"
/home/data/raw/hindi/audio/hi_01462.wav,"डिजिटल इंडिया एक महत्वपूर्ण पहल है"
/home/data/raw/hindi/audio/hi_01463.wav,"खेलना बच्चों के लिए अच्छा है"
/home/data/raw/hindi/audio/hi_01464.wav,"मैं आपकी बात से सहमत हूँ"
/home/data/raw/hindi/audio/hi_01465.wav,"समय बहुत मूल्यवान है"
/home/data/raw/hindi/audio/hi_01466.wav,"भारत एक विविध देश है"
/home/data/raw/hindi/audio/hi_01467.wav,"कृपया यहाँ हस्ताक्षर करें"
/home/data/raw/hindi/audio/hi_01468.wav,"यह मेरी समझ से बाहर है"
/home/data/raw/hindi/audio/hi_01469.wav,"उन्होंने एक नया रिकॉर्ड बनाया"
/home/data/raw/hindi/audio/hi_01470.wav,"शुभकामनाएं"
/home/data/raw/hindi/audio/hi_01471.wav,"नमस्ते आज मौसम बहुत अच्छा है"
/home/data/raw/hindi/audio/hi_01472.wav,"भारत की राजधानी नई दिल्ली है"
/home/data/raw/hindi/audio/hi_01473.wav,"क्या आप मेरी मदद कर सकते हैं"
/home/data/raw/hindi/audio/hi_01474.wav,"यह एक परीक्षण है"
/home/data/raw/hindi/audio/hi_01475.wav,"कृपया धीरे बोलें मुझे समझ नहीं आ रहा है"
/home/data/raw/hindi/audio/hi_01476.wav,"आपका नाम क्या है"
/home/data/raw/hindi/audio/hi_01477.wav,"मैं कल बाजार जाऊँगा"
/home/data/raw/hindi/audio/hi_01478.wav,"हमें सच बोलना चाहिए"
/home/data/raw/hindi/audio/hi_01479.wav,"यह ट्रेन कब रवाना होगी"
/home/data/raw/hindi/audio/hi_01480.wav,"सूर्य पूर्व से उदय होता है"
/home/data/raw/hindi/audio/hi_01481.wav,"आप कैसे हैं"
/home/data/raw/hindi/audio/hi_01482.wav,"वैज्ञानिकों ने एक नई खोज की है"
/home/data/raw/hindi/audio/hi_01483.wav,"मुझे हिंदी बोलना बहुत पसंद है"
/home/data/raw/hindi/audio/hi_01484.wav,"शिक्षा सफलता की कुंजी है"
/home/data/raw/hindi/audio/hi_01485.wav,"आज की ताजा खबर क्या है"
/home/data/raw/hindi/audio/hi_01486.wav,"उन्होंने अपनी पढ़ाई पूरी कर ली है"
/home/data/raw/hindi/audio/hi_01487.wav,"क्या आपके पास कोई सवाल है"
/home/data/raw/hindi/audio/hi_01488.wav,"यह एक बहुत ही खूबसूरत जगह है"
/home/data/raw/hindi/audio/hi_01489.wav,"हम सभी को पर्यावरण की रक्षा करनी चाहिए"
/home/data/raw/hindi/audio/hi_01490.wav,"वह बहुत मेहनती लड़का है"
/home/data/raw/hindi/audio/hi_01491.wav,"मुझे एक गिलास पानी चाहिए"
/home/data/raw/hindi/audio/hi_01492.wav,"डिजिटल इंडिया एक महत्वपूर्ण पहल है"
/home/data/raw/hindi/audio/hi_01493.wav,"खेलना बच्चों के लिए अच्छा है"
/home/data/raw/hindi/audio/hi_01494.wav,"मैं आपकी बात से सहमत हूँ"
/home/data/raw/hindi/audio/hi_01495.wav,"समय बहुत मूल्यवान है"
/home/data/raw/hindi/audio/hi_01496.wav,"भारत एक विविध देश है"
/home/data/raw/hindi/audio/hi_01497.wav,"कृपया यहाँ हस्ताक्षर करें"
/home/data/raw/hindi/audio/hi_01498.wav,"यह मेरी समझ से बाहर है"
/home/data/raw/hindi/audio/hi_01499.wav,"उन्होंने एक नया रिकॉर्ड बनाया"
/home/data/raw/hindi/audio/hi_01500.wav,"शुभकामनाएं"
/home/data/raw/hindi/audio/hi_01501.wav,"नमस्ते आज मौसम बहुत अच्छा है"
/home/data/raw/hindi/audio/hi_01502.wav,"भारत की राजधानी नई दिल्ली है"
/home/data/raw/hindi/audio/hi_01503.wav,"क्या आप मेरी मदद कर सकते हैं"
/home/data/raw/hindi/audio/hi_01504.wav,"यह एक परीक्षण है"
/home/data/raw/hindi/audio/hi_01505.wav,"कृपया धीरे बोलें मुझे समझ नहीं आ रहा है"
/home/data/raw/hindi/audio/hi_01506.wav,"आपका नाम क्या है"
/home/data/raw/hindi/audio/hi_01507.wav,"मैं कल बाजार जाऊँगा"
/home/data/raw/hindi/audio/hi_01508.wav,"हमें सच बोलना चाहिए"
/home/data/raw/hindi/audio/hi_01509.wav,"यह ट्रेन कब रवाना होगी"
/home/data/raw/hindi/audio/hi_01510.wav,"सूर्य पूर्व से उदय होता है"
/home/data/raw/hindi/audio/hi_01511.wav,"आप कैसे हैं"
/home/data/raw/hindi/audio/hi_01512.wav,"वैज्ञानिकों ने एक नई खोज की है"
/home/data/raw/hindi/audio/hi_01513.wav,"मुझे हिंदी बोलना बहुत पसंद है"
/home/data/raw/hindi/audio/hi_01514.wav,"शिक्षा सफलता की कुंजी है"
/home/data/raw/hindi/audio/hi_01515.wav,"आज की ताजा खबर क्या है"
/home/data/raw/hindi/audio/hi_01516.wav,"उन्होंने अपनी पढ़ाई पूरी कर ली है"
/home/data/raw/hindi/audio/hi_01517.wav,"क्या आपके पास कोई सवाल है"
/home/data/raw/hindi/audio/hi_01518.wav,"यह एक बहुत ही खूबसूरत जगह है"
/home/data/raw/hindi/audio/hi_01519.wav,"हम सभी को पर्यावरण की रक्षा करनी चाहिए"
/home/data/raw/hindi/audio/hi_01520.wav,"वह बहुत मेहनती लड़का है"
/home/data/raw/hindi/audio/hi_01521.wav,"मुझे एक गिलास पानी चाहिए"
/home/data/raw/hindi/audio/hi_01522.wav,"डिजिटल इंडिया एक महत्वपूर्ण पहल है"
/home/data/raw/hindi/audio/hi_01523.wav,"खेलना बच्चों के लिए अच्छा है"
/home/data/raw/hindi/audio/hi_01524.wav,"मैं आपकी बात से सहमत हूँ"
/home/data/raw/hindi/audio/hi_01525.wav,"समय बहुत मूल्यवान है"
/home/data/raw/hindi/audio/hi_01526.wav,"भारत एक विविध देश है"
/home/data/raw/hindi/audio/hi_01527.wav,"कृपया यहाँ हस्ताक्षर करें"
/home/data/raw/hindi/audio/hi_01528.wav,"यह मेरी समझ से बाहर है"
/home/data/raw/hindi/audio/hi_01529.wav,"उन्होंने एक नया रिकॉर्ड बनाया"
/home/data/raw/hindi/audio/hi_01530.wav,"शुभकामनाएं"
/home/data/raw/hindi/audio/hi_01531.wav,"नमस्ते आज मौसम बहुत अच्छा है"
/home/data/raw/hindi/audio/hi_01532.wav,"भारत की राजधानी नई दिल्ली है"
/home/data/raw/hindi/audio/hi_01533.wav,"क्या आप मेरी मदद कर सकते हैं"
/home/data/raw/hindi/audio/hi_01534.wav,"यह एक परीक्षण है"
/home/data/raw/hindi/audio/hi_01535.wav,"कृपया धीरे बोलें मुझे समझ नहीं आ रहा है"
/home/data/raw/hindi/audio/hi_01536.wav,"आपका नाम क्या है"
/home/data/raw/hindi/audio/hi_01537.wav,"मैं कल बाजार जाऊँगा"
/home/data/raw/hindi/audio/hi_01538.wav,"हमें सच बोलना चाहिए"
/home/data/raw/hindi/audio/hi_01539.wav,"यह ट्रेन कब रवाना होगी"
/home/data/raw/hindi/audio/hi_01540.wav,"सूर्य पूर्व से उदय होता है"
/home/data/raw/hindi/audio/hi_01541.wav,"आप कैसे हैं"
/home/data/raw/hindi/audio/hi_01542.wav,"वैज्ञानिकों ने एक नई खोज की है"
/home/data/raw/hindi/audio/hi_01543.wav,"मुझे हिंदी बोलना बहुत पसंद है"
/home/data/raw/hindi/audio/hi_01544.wav,"शिक्षा सफलता की कुंजी है"
/home/data/raw/hindi/audio/hi_01545.wav,"आज की ताजा खबर क्या है"
/home/data/raw/hindi/audio/hi_01546.wav,"उन्होंने अपनी पढ़ाई पूरी कर ली है"
/home/data/raw/hindi/audio/hi_01547.wav,"क्या आपके पास कोई सवाल है"
/home/data/raw/hindi/audio/hi_01548.wav,"यह एक बहुत ही खूबसूरत जगह है"
/home/data/raw/hindi/audio/hi_01549.wav,"हम सभी को पर्यावरण की रक्षा करनी चाहिए"
/home/data/raw/hindi/audio/hi_01550.wav,"वह बहुत मेहनती लड़का है"
/home/data/raw/hindi/audio/hi_01551.wav,"मुझे एक गिलास पानी चाहिए"
/home/data/raw/hindi/audio/hi_01552.wav,"डिजिटल इंडिया एक महत्वपूर्ण पहल है"
/home/data/raw/hindi/audio/hi_01553.wav,"खेलना बच्चों के लिए अच्छा है"
/home/data/raw/hindi/audio/hi_01554.wav,"मैं आपकी बात से सहमत हूँ"
/home/data/raw/hindi/audio/hi_01555.wav,"समय बहुत मूल्यवान है"
/home/data/raw/hindi/audio/hi_01556.wav,"भारत एक विविध देश है"
/home/data/raw/hindi/audio/hi_01557.wav,"कृपया यहाँ हस्ताक्षर करें"
/home/data/raw/hindi/audio/hi_01558.wav,"यह मेरी समझ से बाहर है"
/home/data/raw/hindi/audio/hi_01559.wav,"उन्होंने एक नया रिकॉर्ड बनाया"
/home/data/raw/hindi/audio/hi_01560.wav,"शुभकामनाएं"
/home/data/raw/hindi/audio/hi_01561.wav,"नमस्ते आज मौसम बहुत अच्छा है"
/home/data/raw/hindi/audio/hi_01562.wav,"भारत की राजधानी नई दिल्ली है"
/home/data/raw/hindi/audio/hi_01563.wav,"क्या आप मेरी मदद कर सकते हैं"
/home/data/raw/hindi/audio/hi_01564.wav,"यह एक परीक्षण है"
/home/data/raw/hindi/audio/hi_01565.wav,"कृपया धीरे बोलें मुझे समझ नहीं आ रहा है"
/home/data/raw/hindi/audio/hi_01566.wav,"आपका नाम क्या है"
/home/data/raw/hindi/audio/hi_01567.wav,"मैं कल बाजार जाऊँगा"
/home/data/raw/hindi/audio/hi_01568.wav,"हमें सच बोलना चाहिए"
/home/data/raw/hindi/audio/hi_01569.wav,"यह ट्रेन कब रवाना होगी"
/home/data/raw/hindi/audio/hi_01570.wav,"सूर्य पूर्व से उदय होता है"
/home/data/raw/hindi/audio/hi_01571.wav,"आप कैसे हैं"
/home/data/raw/hindi/audio/hi_01572.wav,"वैज्ञानिकों ने एक नई खोज की है"
/home/data/raw/hindi/audio/hi_01573.wav,"मुझे हिंदी बोलना बहुत पसंद है"
/home/data/raw/hindi/audio/hi_01574.wav,"शिक्षा सफलता की कुंजी है"
/home/data/raw/hindi/audio/hi_01575.wav,"आज की ताजा खबर क्या है"
/home/data/raw/hindi/audio/hi_01576.wav,"उन्होंने अपनी पढ़ाई पूरी कर ली है"
/home/data/raw/hindi/audio/hi_01577.wav,"क्या आपके पास कोई सवाल है"
/home/data/raw/hindi/audio/hi_01578.wav,"यह एक बहुत ही खूबसूरत जगह है"
/home/data/raw/hindi/audio/hi_01579.wav,"हम सभी को पर्यावरण की रक्षा करनी चाहिए"
/home/data/raw/hindi/audio/hi_01580.wav,"वह बहुत मेहनती लड़का है"
/home/data/raw/hindi/audio/hi_01581.wav,"मुझे एक गिलास पानी चाहिए"
/home/data/raw/hindi/audio/hi_01582.wav,"डिजिटल इंडिया एक महत्वपूर्ण पहल है"
/home/data/raw/hindi/audio/hi_01583.wav,"खेलना बच्चों के लिए अच्छा है"
/home/data/raw/hindi/audio/hi_01584.wav,"मैं आपकी बात से सहमत हूँ"
/home/data/raw/hindi/audio/hi_01585.wav,"समय बहुत मूल्यवान है"
/home/data/raw/hindi/audio/hi_01586.wav,"भारत एक विविध देश है"
/home/data/raw/hindi/audio/hi_01587.wav,"कृपया यहाँ हस्ताक्षर करें"
/home/data/raw/hindi/audio/hi_01588.wav,"यह मेरी समझ से बाहर है"
/home/data/raw/hindi/audio/hi_01589.wav,"उन्होंने एक नया रिकॉर्ड बनाया"
/home/data/raw/hindi/audio/hi_01590.wav,"शुभकामनाएं"
/home/data/raw/hindi/audio/hi_01591.wav,"नमस्ते आज मौसम बहुत अच्छा है"
/home/data/raw/hindi/audio/hi_01592.wav,"भारत की राजधानी नई दिल्ली है"
/home/data/raw/hindi/audio/hi_01593.wav,"क्या आप मेरी मदद कर सकते हैं"
/home/data/raw/hindi/audio/hi_01594.wav,"यह एक परीक्षण है"
/home/data/raw/hindi/audio/hi_01595.wav,"कृपया धीरे बोलें मुझे समझ नहीं आ रहा है"
/home/data/raw/hindi/audio/hi_01596.wav,"आपका नाम क्या है"
/home/data/raw/hindi/audio/hi_01597.wav,"मैं कल बाजार जाऊँगा"
/home/data/raw/hindi/audio/hi_01598.wav,"हमें सच बोलना चाहिए"
/home/data/raw/hindi/audio/hi_01599.wav,"यह ट्रेन कब रवाना होगी"
/home/data/raw/hindi/audio/hi_01600.wav,"सूर्य पूर्व से उदय होता है"
/home/data/raw/hindi/audio/hi_01601.wav,"आप कैसे हैं"
/home/data/raw/hindi/audio/hi_01602.wav,"वैज्ञानिकों ने एक नई खोज की है"
/home/data/raw/hindi/audio/hi_01603.wav,"मुझे हिंदी बोलना बहुत पसंद है"
/home/data/raw/hindi/audio/hi_01604.wav,"शिक्षा सफलता की कुंजी है"
/home/data/raw/hindi/audio/hi_01605.wav,"आज की ताजा खबर क्या है"
/home/data/raw/hindi/audio/hi_01606.wav,"उन्होंने अपनी पढ़ाई पूरी कर ली है"
/home/data/raw/hindi/audio/hi_01607.wav,"क्या आपके पास कोई सवाल है"
/home/data/raw/hindi/audio/hi_01608.wav,"यह एक बहुत ही खूबसूरत जगह है"
/home/data/raw/hindi/audio/hi_01609.wav,"हम सभी को पर्यावरण की रक्षा करनी चाहिए"
/home/data/raw/hindi/audio/hi_01610.wav,"वह बहुत मेहनती लड़का है"
/home/data/raw/hindi/audio/hi_01611.wav,"मुझे एक गिलास पानी चाहिए"
/home/data/raw/hindi/audio/hi_01612.wav,"डिजिटल इंडिया एक महत्वपूर्ण पहल है"
/home/data/raw/hindi/audio/hi_01613.wav,"खेलना बच्चों के लिए अच्छा है"
/home/data/raw/hindi/audio/hi_01614.wav,"मैं आपकी बात से सहमत हूँ"
/home/data/raw/hindi/audio/hi_01615.wav,"समय बहुत मूल्यवान है"
/home/data/raw/hindi/audio/hi_01616.wav,"भारत एक विविध देश है"
/home/data/raw/hindi/audio/hi_01617.wav,"कृपया यहाँ हस्ताक्षर करें"
/home/data/raw/hindi/audio/hi_01618.wav,"यह मेरी समझ से बाहर है"
/home/data/raw/hindi/audio/hi_01619.wav,"उन्होंने एक नया रिकॉर्ड बनाया"
/home/data/raw/hindi/audio/hi_01620.wav,"शुभकामनाएं"
/home/data/raw/hindi/audio/hi_01621.wav,"नमस्ते आज मौसम बहुत अच्छा है"
/home/data/raw/hindi/audio/hi_01622.wav,"भारत की राजधानी नई दिल्ली है"
/home/data/raw/hindi/audio/hi_01623.wav,"क्या आप मेरी मदद कर सकते हैं"
/home/data/raw/hindi/audio/hi_01624.wav,"यह एक परीक्षण है"
/home/data/raw/hindi/audio/hi_01625.wav,"कृपया धीरे बोलें मुझे समझ नहीं आ रहा है"
/home/data/raw/hindi/audio/hi_01626.wav,"आपका नाम क्या है"
/home/data/raw/hindi/audio/hi_01627.wav,"मैं कल बाजार जाऊँगा"
/home/data/raw/hindi/audio/hi_01628.wav,"हमें सच बोलना चाहिए"
/home/data/raw/hindi/audio/hi_01629.wav,"यह ट्रेन कब रवाना होगी"
/home/data/raw/hindi/audio/hi_01630.wav,"सूर्य पूर्व से उदय होता है"
/home/data/raw/hindi/audio/hi_01631.wav,"आप कैसे हैं"
/home/data/raw/hindi/audio/hi_01632.wav,"वैज्ञानिकों ने एक नई खोज की है"
/home/data/raw/hindi/audio/hi_01633.wav,"मुझे हिंदी बोलना बहुत पसंद है"
/home/data/raw/hindi/audio/hi_01634.wav,"शिक्षा सफलता की कुंजी है"
/home/data/raw/hindi/audio/hi_01635.wav,"आज की ताजा खबर क्या है"
/home/data/raw/hindi/audio/hi_01636.wav,"उन्होंने अपनी पढ़ाई पूरी कर ली है"
/home/data/raw/hindi/audio/hi_01637.wav,"क्या आपके पास कोई सवाल है"
/home/data/raw/hindi/audio/hi_01638.wav,"यह एक बहुत ही खूबसूरत जगह है"
/home/data/raw/hindi/audio/hi_01639.wav,"हम सभी को पर्यावरण की रक्षा करनी चाहिए"
/home/data/raw/hindi/audio/hi_01640.wav,"वह बहुत मेहनती लड़का है"
/home/data/raw/hindi/audio/hi_01641.wav,"मुझे एक गिलास पानी चाहिए"
/home/data/raw/hindi/audio/hi_01642.wav,"डिजिटल इंडिया एक महत्वपूर्ण पहल है"
/home/data/raw/hindi/audio/hi_01643.wav,"खेलना बच्चों के लिए अच्छा है"
/home/data/raw/hindi/audio/hi_01644.wav,"मैं आपकी बात से सहमत हूँ"
/home/data/raw/hindi/audio/hi_01645.wav,"समय बहुत मूल्यवान है"
/home/data/raw/hindi/audio/hi_01646.wav,"भारत एक विविध देश है"
/home/data/raw/hindi/audio/hi_01647.wav,"कृपया यहाँ हस्ताक्षर करें"
/home/data/raw/hindi/audio/hi_01648.wav,"यह मेरी समझ से बाहर है"
/home/data/raw/hindi/audio/hi_01649.wav,"उन्होंने एक नया रिकॉर्ड बनाया"
/home/data/raw/hindi/audio/hi_01650.wav,"शुभकामनाएं"
/home/data/raw/hindi/audio/hi_01651.wav,"नमस्ते आज मौसम बहुत अच्छा है"
/home/data/raw/hindi/audio/hi_01652.wav,"भारत की राजधानी नई दिल्ली है"
/home/data/raw/hindi/audio/hi_01653.wav,"क्या आप मेरी मदद कर सकते हैं"
/home/data/raw/hindi/audio/hi_01654.wav,"यह एक परीक्षण है"
/home/data/raw/hindi/audio/hi_01655.wav,"कृपया धीरे बोलें मुझे समझ नहीं आ रहा है"
/home/data/raw/hindi/audio/hi_01656.wav,"आपका नाम क्या है"
/home/data/raw/hindi/audio/hi_01657.wav,"मैं कल बाजार जाऊँगा"
/home/data/raw/hindi/audio/hi_01658.wav,"हमें सच बोलना चाहिए"
/home/data/raw/hindi/audio/hi_01659.wav,"यह ट्रेन कब रवाना होगी"
/home/data/raw/hindi/audio/hi_01660.wav,"सूर्य पूर्व से उदय होता है"
/home/data/raw/hindi/audio/hi_01661.wav,"आप कैसे हैं"
/home/data/raw/hindi/audio/hi_01662.wav,"वैज्ञानिकों ने एक नई खोज की है"
/home/data/raw/hindi/audio/hi_01663.wav,"मुझे हिंदी बोलना बहुत पसंद है"
/home/data/raw/hindi/audio/hi_01664.wav,"शिक्षा सफलता की कुंजी है"
/home/data/raw/hindi/audio/hi_01665.wav,"आज की ताजा खबर क्या है"
/home/data/raw/hindi/audio/hi_01666.wav,"उन्होंने अपनी पढ़ाई पूरी कर ली है"
/home/data/raw/hindi/audio/hi_01667.wav,"क्या आपके पास कोई सवाल है"
/home/data/raw/hindi/audio/hi_01668.wav,"यह एक बहुत ही खूबसूरत जगह है"
/home/data/raw/hindi/audio/hi_01669.wav,"हम सभी को पर्यावरण की रक्षा करनी चाहिए"
/home/data/raw/hindi/audio/hi_01670.wav,"वह बहुत मेहनती लड़का है"
/home/data/raw/hindi/audio/hi_01671.wav,"मुझे एक गिलास पानी चाहिए"
/home/data/raw/hindi/audio/hi_01672.wav,"डिजिटल इंडिया एक महत्वपूर्ण पहल है"
/home/data/raw/hindi/audio/hi_01673.wav,"खेलना बच्चों के लिए अच्छा है"
/home/data/raw/hindi/audio/hi_01674.wav,"मैं आपकी बात से सहमत हूँ"
/home/data/raw/hindi/audio/hi_01675.wav,"समय बहुत मूल्यवान है"
/home/data/raw/hindi/audio/hi_01676.wav,"भारत एक विविध देश है"
/home/data/raw/hindi/audio/hi_01677.wav,"कृपया यहाँ हस्ताक्षर करें"
/home/data/raw/hindi/audio/hi_01678.wav,"यह मेरी समझ से बाहर है"
/home/data/raw/hindi/audio/hi_01679.wav,"उन्होंने एक नया रिकॉर्ड बनाया"
/home/data/raw/hindi/audio/hi_01680.wav,"शुभकामनाएं"
/home/data/raw/hindi/audio/hi_01681.wav,"नमस्ते आज मौसम बहुत अच्छा है"
/home/data/raw/hindi/audio/hi_01682.wav,"भारत की राजधानी नई दिल्ली है"
/home/data/raw/hindi/audio/hi_01683.wav,"क्या आप मेरी मदद कर सकते हैं"
/home/data/raw/hindi/audio/hi_01684.wav,"यह एक परीक्षण है"
/home/data/raw/hindi/audio/hi_01685.wav,"कृपया धीरे बोलें मुझे समझ नहीं आ रहा है"
/home/data/raw/hindi/audio/hi_01686.wav,"आपका नाम क्या है"
/home/data/raw/hindi/audio/hi_01687.wav,"मैं कल बाजार जाऊँगा"
/home/data/raw/hindi/audio/hi_01688.wav,"हमें सच बोलना चाहिए"
/home/data/raw/hindi/audio/hi_01689.wav,"यह ट्रेन कब रवाना होगी"
/home/data/raw/hindi/audio/hi_01690.wav,"सूर्य पूर्व से उदय होता है"
/home/data/raw/hindi/audio/hi_01691.wav,"आप कैसे हैं"
/home/data/raw/hindi/audio/hi_01692.wav,"वैज्ञानिकों ने एक नई खोज की है"
/home/data/raw/hindi/audio/hi_01693.wav,"मुझे हिंदी बोलना बहुत पसंद है"
/home/data/raw/hindi/audio/hi_01694.wav,"शिक्षा सफलता की कुंजी है"
/home/data/raw/hindi/audio/hi_01695.wav,"आज की ताजा खबर क्या है"
/home/data/raw/hindi/audio/hi_01696.wav,"उन्होंने अपनी पढ़ाई पूरी कर ली है"
/home/data/raw/hindi/audio/hi_01697.wav,"क्या आपके पास कोई सवाल है"
/home/data/raw/hindi/audio/hi_01698.wav,"यह एक बहुत ही खूबसूरत जगह है"
/home/data/raw/hindi/audio/hi_01699.wav,"हम सभी को पर्यावरण की रक्षा करनी चाहिए"
/home/data/raw/hindi/audio/hi_01700.wav,"वह बहुत मेहनती लड़का है"
/home/data/raw/hindi/audio/hi_01701.wav,"मुझे एक गिलास पानी चाहिए"
/home/data/raw/hindi/audio/hi_01702.wav,"डिजिटल इंडिया एक महत्वपूर्ण पहल है"
/home/data/raw/hindi/audio/hi_01703.wav,"खेलना बच्चों के लिए अच्छा है"
/home/data/raw/hindi/audio/hi_01704.wav,"मैं आपकी बात से सहमत हूँ"
/home/data/raw/hindi/audio/hi_01705.wav,"समय बहुत मूल्यवान है"
/home/data/raw/hindi/audio/hi_01706.wav,"भारत एक विविध देश है"
/home/data/raw/hindi/audio/hi_01707.wav,"कृपया यहाँ हस्ताक्षर करें"
/home/data/raw/hindi/audio/hi_01708.wav,"यह मेरी समझ से बाहर है"
/home/data/raw/hindi/audio/hi_01709.wav,"उन्होंने एक नया रिकॉर्ड बनाया"
/home/data/raw/hindi/audio/hi_01710.wav,"शुभकामनाएं"
/home/data/raw/hindi/audio/hi_01711.wav,"नमस्ते आज मौसम बहुत अच्छा है"
/home/data/raw/hindi/audio/hi_01712.wav,"भारत की राजधानी नई दिल्ली है"
/home/data/raw/hindi/audio/hi_01713.wav,"क्या आप मेरी मदद कर सकते हैं"
/home/data/raw/hindi/audio/hi_01714.wav,"यह एक परीक्षण है"
/home/data/raw/hindi/audio/hi_01715.wav,"कृपया धीरे बोलें मुझे समझ नहीं आ रहा है"
/home/data/raw/hindi/audio/hi_01716.wav,"आपका नाम क्या है"
/home/data/raw/hindi/audio/hi_01717.wav,"मैं कल बाजार जाऊँगा"
/home/data/raw/hindi/audio/hi_01718.wav,"हमें सच बोलना चाहिए"
/home/data/raw/hindi/audio/hi_01719.wav,"यह ट्रेन कब रवाना होगी"
/home/data/raw/hindi/audio/hi_01720.wav,"सूर्य पूर्व से उदय होता है"
/home/data/raw/hindi/audio/hi_01721.wav,"आप कैसे हैं"
/home/data/raw/hindi/audio/hi_01722.wav,"वैज्ञानिकों ने एक नई खोज की है"
/home/data/raw/hindi/audio/hi_01723.wav,"मुझे हिंदी बोलना बहुत पसंद है"
/home/data/raw/hindi/audio/hi_01724.wav,"शिक्षा सफलता की कुंजी है"
/home/data/raw/hindi/audio/hi_01725.wav,"आज की ताजा खबर क्या है"
/home/data/raw/hindi/audio/hi_01726.wav,"उन्होंने अपनी पढ़ाई पूरी कर ली है"
/home/data/raw/hindi/audio/hi_01727.wav,"क्या आपके पास कोई सवाल है"
/home/data/raw/hindi/audio/hi_01728.wav,"यह एक बहुत ही खूबसूरत जगह है"
/home/data/raw/hindi/audio/hi_01729.wav,"हम सभी को पर्यावरण की रक्षा करनी चाहिए"
/home/data/raw/hindi/audio/hi_01730.wav,"वह बहुत मेहनती लड़का है"
/home/data/raw/hindi/audio/hi_01731.wav,"मुझे एक गिलास पानी चाहिए"
/home/data/raw/hindi/audio/hi_01732.wav,"डिजिटल इंडिया एक महत्वपूर्ण पहल है"
/home/data/raw/hindi/audio/hi_01733.wav,"खेलना बच्चों के लिए अच्छा है"
/home/data/raw/hindi/audio/hi_01734.wav,"मैं आपकी बात से सहमत हूँ"
/home/data/raw/hindi/audio/hi_01735.wav,"समय बहुत मूल्यवान है"
/home/data/raw/hindi/audio/hi_01736.wav,"भारत एक विविध देश है"
/home/data/raw/hindi/audio/hi_01737.wav,"कृपया यहाँ हस्ताक्षर करें"
/home/data/raw/hindi/audio/hi_01738.wav,"यह मेरी समझ से बाहर है"
/home/data/raw/hindi/audio/hi_01739.wav,"उन्होंने एक नया रिकॉर्ड बनाया"
/home/data/raw/hindi/audio/hi_01740.wav,"शुभकामनाएं"
/home/data/raw/hindi/audio/hi_01741.wav,"नमस्ते आज मौसम बहुत अच्छा है"
/home/data/raw/hindi/audio/hi_01742.wav,"भारत की राजधानी नई दिल्ली है"
/home/data/raw/hindi/audio/hi_01743.wav,"क्या आप मेरी मदद कर सकते हैं"
/home/data/raw/hindi/audio/hi_01744.wav,"यह एक परीक्षण है"
/home/data/raw/hindi/audio/hi_01745.wav,"कृपया धीरे बोलें मुझे समझ नहीं आ रहा है"
/home/data/raw/hindi/audio/hi_01746.wav,"आपका नाम क्या है"
/home/data/raw/hindi/audio/hi_01747.wav,"मैं कल बाजार जाऊँगा"
/home/data/raw/hindi/audio/hi_01748.wav,"हमें सच बोलना चाहिए"
/home/data/raw/hindi/audio/hi_01749.wav,"यह ट्रेन कब रवाना होगी"
/home/data/raw/hindi/audio/hi_01750.wav,"सूर्य पूर्व से उदय होता है"
/home/data/raw/hindi/audio/hi_01751.wav,"आप कैसे हैं"
/home/data/raw/hindi/audio/hi_01752.wav,"वैज्ञानिकों ने एक नई खोज की है"
/home/data/raw/hindi/audio/hi_01753.wav,"मुझे हिंदी बोलना बहुत पसंद है"
/home/data/raw/hindi/audio/hi_01754.wav,"शिक्षा सफलता की कुंजी है"
/home/data/raw/hindi/audio/hi_01755.wav,"आज की ताजा खबर क्या है"
/home/data/raw/hindi/audio/hi_01756.wav,"उन्होंने अपनी पढ़ाई पूरी कर ली है"
/home/data/raw/hindi/audio/hi_01757.wav,"क्या आपके पास कोई सवाल है"
/home/data/raw/hindi/audio/hi_01758.wav,"यह एक बहुत ही खूबसूरत जगह है"
/home/data/raw/hindi/audio/hi_01759.wav,"हम सभी को पर्यावरण की रक्षा करनी चाहिए"
/home/data/raw/hindi/audio/hi_01760.wav,"वह बहुत मेहनती लड़का है"
/home/data/raw/hindi/audio/hi_01761.wav,"मुझे एक गिलास पानी चाहिए"
/home/data/raw/hindi/audio/hi_01762.wav,"डिजिटल इंडिया एक महत्वपूर्ण पहल है"
/home/data/raw/hindi/audio/hi_01763.wav,"खेलना बच्चों के लिए अच्छा है"
/home/data/raw/hindi/audio/hi_01764.wav,"मैं आपकी बात से सहमत हूँ"
/home/data/raw/hindi/audio/hi_01765.wav,"समय बहुत मूल्यवान है"
/home/data/raw/hindi/audio/hi_01766.wav,"भारत एक विविध देश है"
/home/data/raw/hindi/audio/hi_01767.wav,"कृपया यहाँ हस्ताक्षर करें"
/home/data/raw/hindi/audio/hi_01768.wav,"यह मेरी समझ से बाहर है"
/home/data/raw/hindi/audio/hi_01769.wav,"उन्होंने एक नया रिकॉर्ड बनाया"
/home/data/raw/hindi/audio/hi_01770.wav,"शुभकामनाएं"
/home/data/raw/hindi/audio/hi_01771.wav,"नमस्ते आज मौसम बहुत अच्छा है"
/home/data/raw/hindi/audio/hi_01772.wav,"भारत की राजधानी नई दिल्ली है"
/home/data/raw/hindi/audio/hi_01773.wav,"क्या आप मेरी मदद कर सकते हैं"
/home/data/raw/hindi/audio/hi_01774.wav,"यह एक परीक्षण है"
/home/data/raw/hindi/audio/hi_01775.wav,"कृपया धीरे बोलें मुझे समझ नहीं आ रहा है"
/home/data/raw/hindi/audio/hi_01776.wav,"आपका नाम क्या है"
/home/data/raw/hindi/audio/hi_01777.wav,"मैं कल बाजार जाऊँगा"
/home/data/raw/hindi/audio/hi_01778.wav,"हमें सच बोलना चाहिए"
/home/data/raw/hindi/audio/hi_01779.wav,"यह ट्रेन कब रवाना होगी"
/home/data/raw/hindi/audio/hi_01780.wav,"सूर्य पूर्व से उदय होता है"
/home/data/raw/hindi/audio/hi_01781.wav,"आप कैसे हैं"
/home/data/raw/hindi/audio/hi_01782.wav,"वैज्ञानिकों ने एक नई खोज की है"
/home/data/raw/hindi/audio/hi_01783.wav,"मुझे हिंदी बोलना बहुत पसंद है"
/home/data/raw/hindi/audio/hi_01784.wav,"शिक्षा सफलता की कुंजी है"
/home/data/raw/hindi/audio/hi_01785.wav,"आज की ताजा खबर क्या है"
/home/data/raw/hindi/audio/hi_01786.wav,"उन्होंने अपनी पढ़ाई पूरी कर ली है"
/home/data/raw/hindi/audio/hi_01787.wav,"क्या आपके पास कोई सवाल है"
/home/data/raw/hindi/audio/hi_01788.wav,"यह एक बहुत ही खूबसूरत जगह है"
/home/data/raw/hindi/audio/hi_01789.wav,"हम सभी को पर्यावरण की रक्षा करनी चाहिए"
/home/data/raw/hindi/audio/hi_01790.wav,"वह बहुत मेहनती लड़का है"
/home/data/raw/hindi/audio/hi_01791.wav,"मुझे एक गिलास पानी चाहिए"
/home/data/raw/hindi/audio/hi_01792.wav,"डिजिटल इंडिया एक महत्वपूर्ण पहल है"
/home/data/raw/hindi/audio/hi_01793.wav,"खेलना बच्चों के लिए अच्छा है"
/home/data/raw/hindi/audio/hi_01794.wav,"मैं आपकी बात से सहमत हूँ"
/home/data/raw/hindi/audio/hi_01795.wav,"समय बहुत मूल्यवान है"
/home/data/raw/hindi/audio/hi_01796.wav,"भारत एक विविध देश है"
/home/data/raw/hindi/audio/hi_01797.wav,"कृपया यहाँ हस्ताक्षर करें"
/home/data/raw/hindi/audio/hi_01798.wav,"यह मेरी समझ से बाहर है"
/home/data/raw/hindi/audio/hi_01799.wav,"उन्होंने एक नया रिकॉर्ड बनाया"
/home/data/raw/hindi/audio/hi_01800.wav,"शुभकामनाएं"
/home/data/raw/hindi/audio/hi_01801.wav,"नमस्ते आज मौसम बहुत अच्छा है"
/home/data/raw/hindi/audio/hi_01802.wav,"भारत की राजधानी नई दिल्ली है"
/home/data/raw/hindi/audio/hi_01803.wav,"क्या आप मेरी मदद कर सकते हैं"
/home/data/raw/hindi/audio/hi_01804.wav,"यह एक परीक्षण है"
/home/data/raw/hindi/audio/hi_01805.wav,"कृपया धीरे बोलें मुझे समझ नहीं आ रहा है"
/home/data/raw/hindi/audio/hi_01806.wav,"आपका नाम क्या है"
/home/data/raw/hindi/audio/hi_01807.wav,"मैं कल बाजार जाऊँगा"
/home/data/raw/hindi/audio/hi_01808.wav,"हमें सच बोलना चाहिए"
/home/data/raw/hindi/audio/hi_01809.wav,"यह ट्रेन कब रवाना होगी"
/home/data/raw/hindi/audio/hi_01810.wav,"सूर्य पूर्व से उदय होता है"
/home/data/raw/hindi/audio/hi_01811.wav,"आप कैसे हैं"
/home/data/raw/hindi/audio/hi_01812.wav,"वैज्ञानिकों ने एक नई खोज की है"
/home/data/raw/hindi/audio/hi_01813.wav,"मुझे हिंदी बोलना बहुत पसंद है"
/home/data/raw/hindi/audio/hi_01814.wav,"शिक्षा सफलता की कुंजी है"
/home/data/raw/hindi/audio/hi_01815.wav,"आज की ताजा खबर क्या है"
/home/data/raw/hindi/audio/hi_01816.wav,"उन्होंने अपनी पढ़ाई पूरी कर ली है"
/home/data/raw/hindi/audio/hi_01817.wav,"क्या आपके पास कोई सवाल है"
/home/data/raw/hindi/audio/hi_01818.wav,"यह एक बहुत ही खूबसूरत जगह है"
/home/data/raw/hindi/audio/hi_01819.wav,"हम सभी को पर्यावरण की रक्षा करनी चाहिए"
/home/data/raw/hindi/audio/hi_01820.wav,"वह बहुत मेहनती लड़का है"
/home/data/raw/hindi/audio/hi_01821.wav,"मुझे एक गिलास पानी चाहिए"
/home/data/raw/hindi/audio/hi_01822.wav,"डिजिटल इंडिया एक महत्वपूर्ण पहल है"
/home/data/raw/hindi/audio/hi_01823.wav,"खेलना बच्चों के लिए अच्छा है"
/home/data/raw/hindi/audio/hi_01824.wav,"मैं आपकी बात से सहमत हूँ"
/home/data/raw/hindi/audio/hi_01825.wav,"समय बहुत मूल्यवान है"
/home/data/raw/hindi/audio/hi_01826.wav,"भारत एक विविध देश है"
/home/data/raw/hindi/audio/hi_01827.wav,"कृपया यहाँ हस्ताक्षर करें"
/home/data/raw/hindi/audio/hi_01828.wav,"यह मेरी समझ से बाहर है"
/home/data/raw/hindi/audio/hi_01829.wav,"उन्होंने एक नया रिकॉर्ड बनाया"
/home/data/raw/hindi/audio/hi_01830.wav,"शुभकामनाएं"
/home/data/raw/hindi/audio/hi_01831.wav,"नमस्ते आज मौसम बहुत अच्छा है"
/home/data/raw/hindi/audio/hi_01832.wav,"भारत की राजधानी नई दिल्ली है"
/home/data/raw/hindi/audio/hi_01833.wav,"क्या आप मेरी मदद कर सकते हैं"
/home/data/raw/hindi/audio/hi_01834.wav,"यह एक परीक्षण है"
/home/data/raw/hindi/audio/hi_01835.wav,"कृपया धीरे बोलें मुझे समझ नहीं आ रहा है"
/home/data/raw/hindi/audio/hi_01836.wav,"आपका नाम क्या है"
/home/data/raw/hindi/audio/hi_01837.wav,"मैं कल बाजार जाऊँगा"
/home/data/raw/hindi/audio/hi_01838.wav,"हमें सच बोलना चाहिए"
/home/data/raw/hindi/audio/hi_01839.wav,"यह ट्रेन कब रवाना होगी"
/home/data/raw/hindi/audio/hi_01840.wav,"सूर्य पूर्व से उदय होता है"
/home/data/raw/hindi/audio/hi_01841.wav,"आप कैसे हैं"
/home/data/raw/hindi/audio/hi_01842.wav,"वैज्ञानिकों ने एक नई खोज की है"
/home/data/raw/hindi/audio/hi_01843.wav,"मुझे हिंदी बोलना बहुत पसंद है"
/home/data/raw/hindi/audio/hi_01844.wav,"शिक्षा सफलता की कुंजी है"
/home/data/raw/hindi/audio/hi_01845.wav,"आज की ताजा खबर क्या है"
/home/data/raw/hindi/audio/hi_01846.wav,"उन्होंने अपनी पढ़ाई पूरी कर ली है"
/home/data/raw/hindi/audio/hi_01847.wav,"क्या आपके पास कोई सवाल है"
/home/data/raw/hindi/audio/hi_01848.wav,"यह एक बहुत ही खूबसूरत जगह है"
/home/data/raw/hindi/audio/hi_01849.wav,"हम सभी को पर्यावरण की रक्षा करनी चाहिए"
/home/data/raw/hindi/audio/hi_01850.wav,"वह बहुत मेहनती लड़का है"
/home/data/raw/hindi/audio/hi_01851.wav,"मुझे एक गिलास पानी चाहिए"
/home/data/raw/hindi/audio/hi_01852.wav,"डिजिटल इंडिया एक महत्वपूर्ण पहल है"
/home/data/raw/hindi/audio/hi_01853.wav,"खेलना बच्चों के लिए अच्छा है"
/home/data/raw/hindi/audio/hi_01854.wav,"मैं आपकी बात से सहमत हूँ"
/home/data/raw/hindi/audio/hi_01855.wav,"समय बहुत मूल्यवान है"
/home/data/raw/hindi/audio/hi_01856.wav,"भारत एक विविध देश है"
/home/data/raw/hindi/audio/hi_01857.wav,"कृपया यहाँ हस्ताक्षर करें"
/home/data/raw/hindi/audio/hi_01858.wav,"यह मेरी समझ से बाहर है"
/home/data/raw/hindi/audio/hi_01859.wav,"उन्होंने एक नया रिकॉर्ड बनाया"
/home/data/raw/hindi/audio/hi_01860.wav,"शुभकामनाएं"
/home/data/raw/hindi/audio/hi_01861.wav,"नमस्ते आज मौसम बहुत अच्छा है"
/home/data/raw/hindi/audio/hi_01862.wav,"भारत की राजधानी नई दिल्ली है"
/home/data/raw/hindi/audio/hi_01863.wav,"क्या आप मेरी मदद कर सकते हैं"
/home/data/raw/hindi/audio/hi_01864.wav,"यह एक परीक्षण है"
/home/data/raw/hindi/audio/hi_01865.wav,"कृपया धीरे बोलें मुझे समझ नहीं आ रहा है"
/home/data/raw/hindi/audio/hi_01866.wav,"आपका नाम क्या है"
/home/data/raw/hindi/audio/hi_01867.wav,"मैं कल बाजार जाऊँगा"
/home/data/raw/hindi/audio/hi_01868.wav,"हमें सच बोलना चाहिए"
/home/data/raw/hindi/audio/hi_01869.wav,"यह ट्रेन कब रवाना होगी"
/home/data/raw/hindi/audio/hi_01870.wav,"सूर्य पूर्व से उदय होता है"
/home/data/raw/hindi/audio/hi_01871.wav,"आप कैसे हैं"
/home/data/raw/hindi/audio/hi_01872.wav,"वैज्ञानिकों ने एक नई खोज की है"
/home/data/raw/hindi/audio/hi_01873.wav,"मुझे हिंदी बोलना बहुत पसंद है"
/home/data/raw/hindi/audio/hi_01874.wav,"शिक्षा सफलता की कुंजी है"
/home/data/raw/hindi/audio/hi_01875.wav,"आज की ताजा खबर क्या है"
/home/data/raw/hindi/audio/hi_01876.wav,"उन्होंने अपनी पढ़ाई पूरी कर ली है"
/home/data/raw/hindi/audio/hi_01877.wav,"क्या आपके पास कोई सवाल है"
/home/data/raw/hindi/audio/hi_01878.wav,"यह एक बहुत ही खूबसूरत जगह है"
/home/data/raw/hindi/audio/hi_01879.wav,"हम सभी को पर्यावरण की रक्षा करनी चाहिए"
/home/data/raw/hindi/audio/hi_01880.wav,"वह बहुत मेहनती लड़का है"
/home/data/raw/hindi/audio/hi_01881.wav,"मुझे एक गिलास पानी चाहिए"
/home/data/raw/hindi/audio/hi_01882.wav,"डिजिटल इंडिया एक महत्वपूर्ण पहल है"
/home/data/raw/hindi/audio/hi_01883.wav,"खेलना बच्चों के लिए अच्छा है"
/home/data/raw/hindi/audio/hi_01884.wav,"मैं आपकी बात से सहमत हूँ"
/home/data/raw/hindi/audio/hi_01885.wav,"समय बहुत मूल्यवान है"
/home/data/raw/hindi/audio/hi_01886.wav,"भारत एक विविध देश है"
/home/data/raw/hindi/audio/hi_01887.wav,"कृपया यहाँ हस्ताक्षर करें"
/home/data/raw/hindi/audio/hi_01888.wav,"यह मेरी समझ से बाहर है"
/home/data/raw/hindi/audio/hi_01889.wav,"उन्होंने एक नया रिकॉर्ड बनाया"
/home/data/raw/hindi/audio/hi_01890.wav,"शुभकामनाएं"
/home/data/raw/hindi/audio/hi_01891.wav,"नमस्ते आज मौसम बहुत अच्छा है"
/home/data/raw/hindi/audio/hi_01892.wav,"भारत की राजधानी नई दिल्ली है"
/home/data/raw/hindi/audio/hi_01893.wav,"क्या आप मेरी मदद कर सकते हैं"
/home/data/raw/hindi/audio/hi_01894.wav,"यह एक परीक्षण है"
/home/data/raw/hindi/audio/hi_01895.wav,"कृपया धीरे बोलें मुझे समझ नहीं आ रहा है"
/home/data/raw/hindi/audio/hi_01896.wav,"आपका नाम क्या है"
/home/data/raw/hindi/audio/hi_01897.wav,"मैं कल बाजार जाऊँगा"
/home/data/raw/hindi/audio/hi_01898.wav,"हमें सच बोलना चाहिए"
/home/data/raw/hindi/audio/hi_01899.wav,"यह ट्रेन कब रवाना होगी"
/home/data/raw/hindi/audio/hi_01900.wav,"सूर्य पूर्व से उदय होता है"
/home/data/raw/hindi/audio/hi_01901.wav,"आप कैसे हैं"
/home/data/raw/hindi/audio/hi_01902.wav,"वैज्ञानिकों ने एक नई खोज की है"
/home/data/raw/hindi/audio/hi_01903.wav,"मुझे हिंदी बोलना बहुत पसंद है"
/home/data/raw/hindi/audio/hi_01904.wav,"शिक्षा सफलता की कुंजी है"
/home/data/raw/hindi/audio/hi_01905.wav,"आज की ताजा खबर क्या है"
/home/data/raw/hindi/audio/hi_01906.wav,"उन्होंने अपनी पढ़ाई पूरी कर ली है"
/home/data/raw/hindi/audio/hi_01907.wav,"क्या आपके पास कोई सवाल है"
/home/data/raw/hindi/audio/hi_01908.wav,"यह एक बहुत ही खूबसूरत जगह है"
/home/data/raw/hindi/audio/hi_01909.wav,"हम सभी को पर्यावरण की रक्षा करनी चाहिए"
/home/data/raw/hindi/audio/hi_01910.wav,"वह बहुत मेहनती लड़का है"
/home/data/raw/hindi/audio/hi_01911.wav,"मुझे एक गिलास पानी चाहिए"
/home/data/raw/hindi/audio/hi_01912.wav,"डिजिटल इंडिया एक महत्वपूर्ण पहल है"
/home/data/raw/hindi/audio/hi_01913.wav,"खेलना बच्चों के लिए अच्छा है"
/home/data/raw/hindi/audio/hi_01914.wav,"मैं आपकी बात से सहमत हूँ"
/home/data/raw/hindi/audio/hi_01915.wav,"समय बहुत मूल्यवान है"
/home/data/raw/hindi/audio/hi_01916.wav,"भारत एक विविध देश है"
/home/data/raw/hindi/audio/hi_01917.wav,"कृपया यहाँ हस्ताक्षर करें"
/home/data/raw/hindi/audio/hi_01918.wav,"यह मेरी समझ से बाहर है"
/home/data/raw/hindi/audio/hi_01919.wav,"उन्होंने एक नया रिकॉर्ड बनाया"
/home/data/raw/hindi/audio/hi_01920.wav,"शुभकामनाएं"
/home/data/raw/hindi/audio/hi_01921.wav,"नमस्ते आज मौसम बहुत अच्छा है"
/home/data/raw/hindi/audio/hi_01922.wav,"भारत की राजधानी नई दिल्ली है"
/home/data/raw/hindi/audio/hi_01923.wav,"क्या आप मेरी मदद कर सकते हैं"
/home/data/raw/hindi/audio/hi_01924.wav,"यह एक परीक्षण है"
/home/data/raw/hindi/audio/hi_01925.wav,"कृपया धीरे बोलें मुझे समझ नहीं आ रहा है"
/home/data/raw/hindi/audio/hi_01926.wav,"आपका नाम क्या है"
/home/data/raw/hindi/audio/hi_01927.wav,"मैं कल बाजार जाऊँगा"
/home/data/raw/hindi/audio/hi_01928.wav,"हमें सच बोलना चाहिए"
/home/data/raw/hindi/audio/hi_01929.wav,"यह ट्रेन कब रवाना होगी"
/home/data/raw/hindi/audio/hi_01930.wav,"सूर्य पूर्व से उदय होता है"
/home/data/raw/hindi/audio/hi_01931.wav,"आप कैसे हैं"
/home/data/raw/hindi/audio/hi_01932.wav,"वैज्ञानिकों ने एक नई खोज की है"
/home/data/raw/hindi/audio/hi_01933.wav,"मुझे हिंदी बोलना बहुत पसंद है"
/home/data/raw/hindi/audio/hi_01934.wav,"शिक्षा सफलता की कुंजी है"
/home/data/raw/hindi/audio/hi_01935.wav,"आज की ताजा खबर क्या है"
/home/data/raw/hindi/audio/hi_01936.wav,"उन्होंने अपनी पढ़ाई पूरी कर ली है"
/home/data/raw/hindi/audio/hi_01937.wav,"क्या आपके पास कोई सवाल है"
/home/data/raw/hindi/audio/hi_01938.wav,"यह एक बहुत ही खूबसूरत जगह है"
/home/data/raw/hindi/audio/hi_01939.wav,"हम सभी को पर्यावरण की रक्षा करनी चाहिए"
/home/data/raw/hindi/audio/hi_01940.wav,"वह बहुत मेहनती लड़का है"
/home/data/raw/hindi/audio/hi_01941.wav,"मुझे एक गिलास पानी चाहिए"
/home/data/raw/hindi/audio/hi_01942.wav,"डिजिटल इंडिया एक महत्वपूर्ण पहल है"
/home/data/raw/hindi/audio/hi_01943.wav,"खेलना बच्चों के लिए अच्छा है"
/home/data/raw/hindi/audio/hi_01944.wav,"मैं आपकी बात से सहमत हूँ"
/home/data/raw/hindi/audio/hi_01945.wav,"समय बहुत मूल्यवान है"
/home/data/raw/hindi/audio/hi_01946.wav,"भारत एक विविध देश है"
/home/data/raw/hindi/audio/hi_01947.wav,"कृपया यहाँ हस्ताक्षर करें"
/home/data/raw/hindi/audio/hi_01948.wav,"यह मेरी समझ से बाहर है"
/home/data/raw/hindi/audio/hi_01949.wav,"उन्होंने एक नया रिकॉर्ड बनाया"
/home/data/raw/hindi/audio/hi_01950.wav,"शुभकामनाएं"
/home/data/raw/hindi/audio/hi_01951.wav,"नमस्ते आज मौसम बहुत अच्छा है"
/home/data/raw/hindi/audio/hi_01952.wav,"भारत की राजधानी नई दिल्ली है"
/home/data/raw/hindi/audio/hi_01953.wav,"क्या आप मेरी मदद कर सकते हैं"
/home/data/raw/hindi/audio/hi_01954.wav,"यह एक परीक्षण है"
/home/data/raw/hindi/audio/hi_01955.wav,"कृपया धीरे बोलें मुझे समझ नहीं आ रहा है"
/home/data/raw/hindi/audio/hi_01956.wav,"आपका नाम क्या है"
/home/data/raw/hindi/audio/hi_01957.wav,"मैं कल बाजार जाऊँगा"
/home/data/raw/hindi/audio/hi_01958.wav,"हमें सच बोलना चाहिए"
/home/data/raw/hindi/audio/hi_01959.wav,"यह ट्रेन कब रवाना होगी"
/home/data/raw/hindi/audio/hi_01960.wav,"सूर्य पूर्व से उदय होता है"
/home/data/raw/hindi/audio/hi_01961.wav,"आप कैसे हैं"
/home/data/raw/hindi/audio/hi_01962.wav,"वैज्ञानिकों ने एक नई खोज की है"
/home/data/raw/hindi/audio/hi_01963.wav,"मुझे हिंदी बोलना बहुत पसंद है"
/home/data/raw/hindi/audio/hi_01964.wav,"शिक्षा सफलता की कुंजी है"
/home/data/raw/hindi/audio/hi_01965.wav,"आज की ताजा खबर क्या है"
/home/data/raw/hindi/audio/hi_01966.wav,"उन्होंने अपनी पढ़ाई पूरी कर ली है"
/home/data/raw/hindi/audio/hi_01967.wav,"क्या आपके पास कोई सवाल है"
/home/data/raw/hindi/audio/hi_01968.wav,"यह एक बहुत ही खूबसूरत जगह है"
/home/data/raw/hindi/audio/hi_01969.wav,"हम सभी को पर्यावरण की रक्षा करनी चाहिए"
/home/data/raw/hindi/audio/hi_01970.wav,"वह बहुत मेहनती लड़का है"
/home/data/raw/hindi/audio/hi_01971.wav,"मुझे एक गिलास पानी चाहिए"
/home/data/raw/hindi/audio/hi_01972.wav,"डिजिटल इंडिया एक महत्वपूर्ण पहल है"
/home/data/raw/hindi/audio/hi_01973.wav,"खेलना बच्चों के लिए अच्छा है"
/home/data/raw/hindi/audio/hi_01974.wav,"मैं आपकी बात से सहमत हूँ"
/home/data/raw/hindi/audio/hi_01975.wav,"समय बहुत मूल्यवान है"
/home/data/raw/hindi/audio/hi_01976.wav,"भारत एक विविध देश है"
/home/data/raw/hindi/audio/hi_01977.wav,"कृपया यहाँ हस्ताक्षर करें"
/home/data/raw/hindi/audio/hi_01978.wav,"यह मेरी समझ से बाहर है"
/home/data/raw/hindi/audio/hi_01979.wav,"उन्होंने एक नया रिकॉर्ड बनाया"
/home/data/raw/hindi/audio/hi_01980.wav,"शुभकामनाएं"
/home/data/raw/hindi/audio/hi_01981.wav,"नमस्ते आज मौसम बहुत अच्छा है"
/home/data/raw/hindi/audio/hi_01982.wav,"भारत की राजधानी नई दिल्ली है"
/home/data/raw/hindi/audio/hi_01983.wav,"क्या आप मेरी मदद कर सकते हैं"
/home/data/raw/hindi/audio/hi_01984.wav,"यह एक परीक्षण है"
/home/data/raw/hindi/audio/hi_01985.wav,"कृपया धीरे बोलें मुझे समझ नहीं आ रहा है"
/home/data/raw/hindi/audio/hi_01986.wav,"आपका नाम क्या है"
/home/data/raw/hindi/audio/hi_01987.wav,"मैं कल बाजार जाऊँगा"
/home/data/raw/hindi/audio/hi_01988.wav,"हमें सच बोलना चाहिए"
/home/data/raw/hindi/audio/hi_01989.wav,"यह ट्रेन कब रवाना होगी"
/home/data/raw/hindi/audio/hi_01990.wav,"सूर्य पूर्व से उदय होता है"
/home/data/raw/hindi/audio/hi_01991.wav,"आप कैसे हैं"
/home/data/raw/hindi/audio/hi_01992.wav,"वैज्ञानिकों ने एक नई खोज की है"
/home/data/raw/hindi/audio/hi_01993.wav,"मुझे हिंदी बोलना बहुत पसंद है"
/home/data/raw/hindi/audio/hi_01994.wav,"शिक्षा सफलता की कुंजी है"
/home/data/raw/hindi/audio/hi_01995.wav,"आज की ताजा खबर क्या है"
/home/data/raw/hindi/audio/hi_01996.wav,"उन्होंने अपनी पढ़ाई पूरी कर ली है"
/home/data/raw/hindi/audio/hi_01997.wav,"क्या आपके पास कोई सवाल है"
/home/data/raw/hindi/audio/hi_01998.wav,"यह एक बहुत ही खूबसूरत जगह है"
/home/data/raw/hindi/audio/hi_01999.wav,"हम सभी को पर्यावरण की रक्षा करनी चाहिए"
/home/data/raw/hindi/audio/hi_02000.wav,"वह बहुत मेहनती लड़का है"
/home/data/raw/hindi/audio/hi_02001.wav,"मुझे एक गिलास पानी चाहिए"
/home/data/raw/hindi/audio/hi_02002.wav,"डिजिटल इंडिया एक महत्वपूर्ण पहल है"
/home/data/raw/hindi/audio/hi_02003.wav,"खेलना बच्चों के लिए अच्छा है"
/home/data/raw/hindi/audio/hi_02004.wav,"मैं आपकी बात से सहमत हूँ"
/home/data/raw/hindi/audio/hi_02005.wav,"समय बहुत मूल्यवान है"
/home/data/raw/hindi/audio/hi_02006.wav,"भारत एक विविध देश है"
/home/data/raw/hindi/audio/hi_02007.wav,"कृपया यहाँ हस्ताक्षर करें"
/home/data/raw/hindi/audio/hi_02008.wav,"यह मेरी समझ से बाहर है"
/home/data/raw/hindi/audio/hi_02009.wav,"उन्होंने एक नया रिकॉर्ड बनाया"
/home/data/raw/hindi/audio/hi_02010.wav,"शुभकामनाएं"
/home/data/raw/hindi/audio/hi_02011.wav,"नमस्ते आज मौसम बहुत अच्छा है"
/home/data/raw/hindi/audio/hi_02012.wav,"भारत की राजधानी नई दिल्ली है"
/home/data/raw/hindi/audio/hi_02013.wav,"क्या आप मेरी मदद कर सकते हैं"
/home/data/raw/hindi/audio/hi_02014.wav,"यह एक परीक्षण है"
/home/data/raw/hindi/audio/hi_02015.wav,"कृपया धीरे बोलें मुझे समझ नहीं आ रहा है"
/home/data/raw/hindi/audio/hi_02016.wav,"आपका नाम क्या है"
/home/data/raw/hindi/audio/hi_02017.wav,"मैं कल बाजार जाऊँगा"
/home/data/raw/hindi/audio/hi_02018.wav,"हमें सच बोलना चाहिए"
/home/data/raw/hindi/audio/hi_02019.wav,"यह ट्रेन कब रवाना होगी"
/home/data/raw/hindi/audio/hi_02020.wav,"सूर्य पूर्व से उदय होता है"
/home/data/raw/hindi/audio/hi_02021.wav,"आप कैसे हैं"
/home/data/raw/hindi/audio/hi_02022.wav,"वैज्ञानिकों ने एक नई खोज की है"
/home/data/raw/hindi/audio/hi_02023.wav,"मुझे हिंदी बोलना बहुत पसंद है"
/home/data/raw/hindi/audio/hi_02024.wav,"शिक्षा सफलता की कुंजी है"
/home/data/raw/hindi/audio/hi_02025.wav,"आज की ताजा खबर क्या है"
/home/data/raw/hindi/audio/hi_02026.wav,"उन्होंने अपनी पढ़ाई पूरी कर ली है"
/home/data/raw/hindi/audio/hi_02027.wav,"क्या आपके पास कोई सवाल है"
/home/data/raw/hindi/audio/hi_02028.wav,"यह एक बहुत ही खूबसूरत जगह है"
/home/data/raw/hindi/audio/hi_02029.wav,"हम सभी को पर्यावरण की रक्षा करनी चाहिए"
/home/data/raw/hindi/audio/hi_02030.wav,"वह बहुत मेहनती लड़का है"
/home/data/raw/hindi/audio/hi_02031.wav,"मुझे एक गिलास पानी चाहिए"
/home/data/raw/hindi/audio/hi_02032.wav,"डिजिटल इंडिया एक महत्वपूर्ण पहल है"
/home/data/raw/hindi/audio/hi_02033.wav,"खेलना बच्चों के लिए अच्छा है"
/home/data/raw/hindi/audio/hi_02034.wav,"मैं आपकी बात से सहमत हूँ"
/home/data/raw/hindi/audio/hi_02035.wav,"समय बहुत मूल्यवान है"
/home/data/raw/hindi/audio/hi_02036.wav,"भारत एक विविध देश है"
/home/data/raw/hindi/audio/hi_02037.wav,"कृपया यहाँ हस्ताक्षर करें"
/home/data/raw/hindi/audio/hi_02038.wav,"यह मेरी समझ से बाहर है"
/home/data/raw/hindi/audio/hi_02039.wav,"उन्होंने एक नया रिकॉर्ड बनाया"
/home/data/raw/hindi/audio/hi_02040.wav,"शुभकामनाएं"
/home/data/raw/hindi/audio/hi_02041.wav,"नमस्ते आज मौसम बहुत अच्छा है"
/home/data/raw/hindi/audio/hi_02042.wav,"भारत की राजधानी नई दिल्ली है"
/home/data/raw/hindi/audio/hi_02043.wav,"क्या आप मेरी मदद कर सकते हैं"
/home/data/raw/hindi/audio/hi_02044.wav,"यह एक परीक्षण है"
/home/data/raw/hindi/audio/hi_02045.wav,"कृपया धीरे बोलें मुझे समझ नहीं आ रहा है"
/home/data/raw/hindi/audio/hi_02046.wav,"आपका नाम क्या है"
/home/data/raw/hindi/audio/hi_02047.wav,"मैं कल बाजार जाऊँगा"
/home/data/raw/hindi/audio/hi_02048.wav,"हमें सच बोलना चाहिए"
/home/data/raw/hindi/audio/hi_02049.wav,"यह ट्रेन कब रवाना होगी"
/home/data/raw/hindi/audio/hi_02050.wav,"सूर्य पूर्व से उदय होता है"
/home/data/raw/hindi/audio/hi_02051.wav,"आप कैसे हैं"
/home/data/raw/hindi/audio/hi_02052.wav,"वैज्ञानिकों ने एक नई खोज की है"
/home/data/raw/hindi/audio/hi_02053.wav,"मुझे हिंदी बोलना बहुत पसंद है"
/home/data/raw/hindi/audio/hi_02054.wav,"शिक्षा सफलता की कुंजी है"
/home/data/raw/hindi/audio/hi_02055.wav,"आज की ताजा खबर क्या है"
/home/data/raw/hindi/audio/hi_02056.wav,"उन्होंने अपनी पढ़ाई पूरी कर ली है"
/home/data/raw/hindi/audio/hi_02057.wav,"क्या आपके पास कोई सवाल है"
/home/data/raw/hindi/audio/hi_02058.wav,"यह एक बहुत ही खूबसूरत जगह है"
/home/data/raw/hindi/audio/hi_02059.wav,"हम सभी को पर्यावरण की रक्षा करनी चाहिए"
/home/data/raw/hindi/audio/hi_02060.wav,"वह बहुत मेहनती लड़का है"
/home/data/raw/hindi/audio/hi_02061.wav,"मुझे एक गिलास पानी चाहिए"
/home/data/raw/hindi/audio/hi_02062.wav,"डिजिटल इंडिया एक महत्वपूर्ण पहल है"
/home/data/raw/hindi/audio/hi_02063.wav,"खेलना बच्चों के लिए अच्छा है"
/home/data/raw/hindi/audio/hi_02064.wav,"मैं आपकी बात से सहमत हूँ"
/home/data/raw/hindi/audio/hi_02065.wav,"समय बहुत मूल्यवान है"
/home/data/raw/hindi/audio/hi_02066.wav,"भारत एक विविध देश है"
/home/data/raw/hindi/audio/hi_02067.wav,"कृपया यहाँ हस्ताक्षर करें"
/home/data/raw/hindi/audio/hi_02068.wav,"यह मेरी समझ से बाहर है"
/home/data/raw/hindi/audio/hi_02069.wav,"उन्होंने एक नया रिकॉर्ड बनाया"
/home/data/raw/hindi/audio/hi_02070.wav,"शुभकामनाएं"
/home/data/raw/hindi/audio/hi_02071.wav,"नमस्ते आज मौसम बहुत अच्छा है"
/home/data/raw/hindi/audio/hi_02072.wav,"भारत की राजधानी नई दिल्ली है"
/home/data/raw/hindi/audio/hi_02073.wav,"क्या आप मेरी मदद कर सकते हैं"
/home/data/raw/hindi/audio/hi_02074.wav,"यह एक परीक्षण है"
/home/data/raw/hindi/audio/hi_02075.wav,"कृपया धीरे बोलें मुझे समझ नहीं आ रहा है"
/home/data/raw/hindi/audio/hi_02076.wav,"आपका नाम क्या है"
/home/data/raw/hindi/audio/hi_02077.wav,"मैं कल बाजार जाऊँगा"
/home/data/raw/hindi/audio/hi_02078.wav,"हमें सच बोलना चाहिए"
/home/data/raw/hindi/audio/hi_02079.wav,"यह ट्रेन कब रवाना होगी"
/home/data/raw/hindi/audio/hi_02080.wav,"सूर्य पूर्व से उदय होता है"
/home/data/raw/hindi/audio/hi_02081.wav,"आप कैसे हैं"
/home/data/raw/hindi/audio/hi_02082.wav,"वैज्ञानिकों ने एक नई खोज की है"
/home/data/raw/hindi/audio/hi_02083.wav,"मुझे हिंदी बोलना बहुत पसंद है"
/home/data/raw/hindi/audio/hi_02084.wav,"शिक्षा सफलता की कुंजी है"
/home/data/raw/hindi/audio/hi_02085.wav,"आज की ताजा खबर क्या है"
/home/data/raw/hindi/audio/hi_02086.wav,"उन्होंने अपनी पढ़ाई पूरी कर ली है"
/home/data/raw/hindi/audio/hi_02087.wav,"क्या आपके पास कोई सवाल है"
/home/data/raw/hindi/audio/hi_02088.wav,"यह एक बहुत ही खूबसूरत जगह है"
/home/data/raw/hindi/audio/hi_02089.wav,"हम सभी को पर्यावरण की रक्षा करनी चाहिए"
/home/data/raw/hindi/audio/hi_02090.wav,"वह बहुत मेहनती लड़का है"
/home/data/raw/hindi/audio/hi_02091.wav,"मुझे एक गिलास पानी चाहिए"
/home/data/raw/hindi/audio/hi_02092.wav,"डिजिटल इंडिया एक महत्वपूर्ण पहल है"
/home/data/raw/hindi/audio/hi_02093.wav,"खेलना बच्चों के लिए अच्छा है"
/home/data/raw/hindi/audio/hi_02094.wav,"मैं आपकी बात से सहमत हूँ"
/home/data/raw/hindi/audio/hi_02095.wav,"समय बहुत मूल्यवान है"
/home/data/raw/hindi/audio/hi_02096.wav,"भारत एक विविध देश है"
/home/data/raw/hindi/audio/hi_02097.wav,"कृपया यहाँ हस्ताक्षर करें"
/home/data/raw/hindi/audio/hi_02098.wav,"यह मेरी समझ से बाहर है"
/home/data/raw/hindi/audio/hi_02099.wav,"उन्होंने एक नया रिकॉर्ड बनाया"
/home/data/raw/hindi/audio/hi_02100.wav,"शुभकामनाएं"
/home/data/raw/hindi/audio/hi_02101.wav,"नमस्ते आज मौसम बहुत अच्छा है"
/home/data/raw/hindi/audio/hi_02102.wav,"भारत की राजधानी नई दिल्ली है"
/home/data/raw/hindi/audio/hi_02103.wav,"क्या आप मेरी मदद कर सकते हैं"
/home/data/raw/hindi/audio/hi_02104.wav,"यह एक परीक्षण है"
/home/data/raw/hindi/audio/hi_02105.wav,"कृपया धीरे बोलें मुझे समझ नहीं आ रहा है"
/home/data/raw/hindi/audio/hi_02106.wav,"आपका नाम क्या है"
/home/data/raw/hindi/audio/hi_02107.wav,"मैं कल बाजार जाऊँगा"
/home/data/raw/hindi/audio/hi_02108.wav,"हमें सच बोलना चाहिए"
/home/data/raw/hindi/audio/hi_02109.wav,"यह ट्रेन कब रवाना होगी"
/home/data/raw/hindi/audio/hi_02110.wav,"सूर्य पूर्व से उदय होता है"
/home/data/raw/hindi/audio/hi_02111.wav,"आप कैसे हैं"
/home/data/raw/hindi/audio/hi_02112.wav,"वैज्ञानिकों ने एक नई खोज की है"
/home/data/raw/hindi/audio/hi_02113.wav,"मुझे हिंदी बोलना बहुत पसंद है"
/home/data/raw/hindi/audio/hi_02114.wav,"शिक्षा सफलता की कुंजी है"
/home/data/raw/hindi/audio/hi_02115.wav,"आज की ताजा खबर क्या है"
/home/data/raw/hindi/audio/hi_02116.wav,"उन्होंने अपनी पढ़ाई पूरी कर ली है"
/home/data/raw/hindi/audio/hi_02117.wav,"क्या आपके पास कोई सवाल है"
/home/data/raw/hindi/audio/hi_02118.wav,"यह एक बहुत ही खूबसूरत जगह है"
/home/data/raw/hindi/audio/hi_02119.wav,"हम सभी को पर्यावरण की रक्षा करनी चाहिए"
/home/data/raw/hindi/audio/hi_02120.wav,"वह बहुत मेहनती लड़का है"
/home/data/raw/hindi/audio/hi_02121.wav,"मुझे एक गिलास पानी चाहिए"
/home/data/raw/hindi/audio/hi_02122.wav,"डिजिटल इंडिया एक महत्वपूर्ण पहल है"
/home/data/raw/hindi/audio/hi_02123.wav,"खेलना बच्चों के लिए अच्छा है"
/home/data/raw/hindi/audio/hi_02124.wav,"मैं आपकी बात से सहमत हूँ"
/home/data/raw/hindi/audio/hi_02125.wav,"समय बहुत मूल्यवान है"
/home/data/raw/hindi/audio/hi_02126.wav,"भारत एक विविध देश है"
/home/data/raw/hindi/audio/hi_02127.wav,"कृपया यहाँ हस्ताक्षर करें"
/home/data/raw/hindi/audio/hi_02128.wav,"यह मेरी समझ से बाहर है"
/home/data/raw/hindi/audio/hi_02129.wav,"उन्होंने एक नया रिकॉर्ड बनाया"
/home/data/raw/hindi/audio/hi_02130.wav,"शुभकामनाएं"
/home/data/raw/hindi/audio/hi_02131.wav,"नमस्ते आज मौसम बहुत अच्छा है"
/home/data/raw/hindi/audio/hi_02132.wav,"भारत की राजधानी नई दिल्ली है"
/home/data/raw/hindi/audio/hi_02133.wav,"क्या आप मेरी मदद कर सकते हैं"
/home/data/raw/hindi/audio/hi_02134.wav,"यह एक परीक्षण है"
/home/data/raw/hindi/audio/hi_02135.wav,"कृपया धीरे बोलें मुझे समझ नहीं आ रहा है"
/home/data/raw/hindi/audio/hi_02136.wav,"आपका नाम क्या है"
/home/data/raw/hindi/audio/hi_02137.wav,"मैं कल बाजार जाऊँगा"
/home/data/raw/hindi/audio/hi_02138.wav,"हमें सच बोलना चाहिए"
/home/data/raw/hindi/audio/hi_02139.wav,"यह ट्रेन कब रवाना होगी"
/home/data/raw/hindi/audio/hi_02140.wav,"सूर्य पूर्व से उदय होता है"
/home/data/raw/hindi/audio/hi_02141.wav,"आप कैसे हैं"
/home/data/raw/hindi/audio/hi_02142.wav,"वैज्ञानिकों ने एक नई खोज की है"
/home/data/raw/hindi/audio/hi_02143.wav,"मुझे हिंदी बोलना बहुत पसंद है"
/home/data/raw/hindi/audio/hi_02144.wav,"शिक्षा सफलता की कुंजी है"
/home/data/raw/hindi/audio/hi_02145.wav,"आज की ताजा खबर क्या है"
/home/data/raw/hindi/audio/hi_02146.wav,"उन्होंने अपनी पढ़ाई पूरी कर ली है"
/home/data/raw/hindi/audio/hi_02147.wav,"क्या आपके पास कोई सवाल है"
/home/data/raw/hindi/audio/hi_02148.wav,"यह एक बहुत ही खूबसूरत जगह है"
/home/data/raw/hindi/audio/hi_02149.wav,"हम सभी को पर्यावरण की रक्षा करनी चाहिए"
/home/data/raw/hindi/audio/hi_02150.wav,"वह बहुत मेहनती लड़का है"
/home/data/raw/hindi/audio/hi_02151.wav,"मुझे एक गिलास पानी चाहिए"
/home/data/raw/hindi/audio/hi_02152.wav,"डिजिटल इंडिया एक महत्वपूर्ण पहल है"
/home/data/raw/hindi/audio/hi_02153.wav,"खेलना बच्चों के लिए अच्छा है"
/home/data/raw/hindi/audio/hi_02154.wav,"मैं आपकी बात से सहमत हूँ"
/home/data/raw/hindi/audio/hi_02155.wav,"समय बहुत मूल्यवान है"
/home/data/raw/hindi/audio/hi_02156.wav,"भारत एक विविध देश है"
/home/data/raw/hindi/audio/hi_02157.wav,"कृपया यहाँ हस्ताक्षर करें"
/home/data/raw/hindi/audio/hi_02158.wav,"यह मेरी समझ से बाहर है"
/home/data/raw/hindi/audio/hi_02159.wav,"उन्होंने एक नया रिकॉर्ड बनाया"
/home/data/raw/hindi/audio/hi_02160.wav,"शुभकामनाएं"
/home/data/raw/hindi/audio/hi_02161.wav,"नमस्ते आज मौसम बहुत अच्छा है"
/home/data/raw/hindi/audio/hi_02162.wav,"भारत की राजधानी नई दिल्ली है"
/home/data/raw/hindi/audio/hi_02163.wav,"क्या आप मेरी मदद कर सकते हैं"
/home/data/raw/hindi/audio/hi_02164.wav,"यह एक परीक्षण है"
/home/data/raw/hindi/audio/hi_02165.wav,"कृपया धीरे बोलें मुझे समझ नहीं आ रहा है"
/home/data/raw/hindi/audio/hi_02166.wav,"आपका नाम क्या है"
/home/data/raw/hindi/audio/hi_02167.wav,"मैं कल बाजार जाऊँगा"
/home/data/raw/hindi/audio/hi_02168.wav,"हमें सच बोलना चाहिए"
/home/data/raw/hindi/audio/hi_02169.wav,"यह ट्रेन कब रवाना होगी"
/home/data/raw/hindi/audio/hi_02170.wav,"सूर्य पूर्व से उदय होता है"
/home/data/raw/hindi/audio/hi_02171.wav,"आप कैसे हैं"
/home/data/raw/hindi/audio/hi_02172.wav,"वैज्ञानिकों ने एक नई खोज की है"
/home/data/raw/hindi/audio/hi_02173.wav,"मुझे हिंदी बोलना बहुत पसंद है"
/home/data/raw/hindi/audio/hi_02174.wav,"शिक्षा सफलता की कुंजी है"
/home/data/raw/hindi/audio/hi_02175.wav,"आज की ताजा खबर क्या है"
/home/data/raw/hindi/audio/hi_02176.wav,"उन्होंने अपनी पढ़ाई पूरी कर ली है"
/home/data/raw/hindi/audio/hi_02177.wav,"क्या आपके पास कोई सवाल है"
/home/data/raw/hindi/audio/hi_02178.wav,"यह एक बहुत ही खूबसूरत जगह है"
/home/data/raw/hindi/audio/hi_02179.wav,"हम सभी को पर्यावरण की रक्षा करनी चाहिए"
/home/data/raw/hindi/audio/hi_02180.wav,"वह बहुत मेहनती लड़का है"
/home/data/raw/hindi/audio/hi_02181.wav,"मुझे एक गिलास पानी चाहिए"
/home/data/raw/hindi/audio/hi_02182.wav,"डिजिटल इंडिया एक महत्वपूर्ण पहल है"
/home/data/raw/hindi/audio/hi_02183.wav,"खेलना बच्चों के लिए अच्छा है"
/home/data/raw/hindi/audio/hi_02184.wav,"मैं आपकी बात से सहमत हूँ"
/home/data/raw/hindi/audio/hi_02185.wav,"समय बहुत मूल्यवान है"
/home/data/raw/hindi/audio/hi_02186.wav,"भारत एक विविध देश है"
/home/data/raw/hindi/audio/hi_02187.wav,"कृपया यहाँ हस्ताक्षर करें"
/home/data/raw/hindi/audio/hi_02188.wav,"यह मेरी समझ से बाहर है"
/home/data/raw/hindi/audio/hi_02189.wav,"उन्होंने एक नया रिकॉर्ड बनाया"
/home/data/raw/hindi/audio/hi_02190.wav,"शुभकामनाएं"
/home/data/raw/hindi/audio/hi_02191.wav,"नमस्ते आज मौसम बहुत अच्छा है"
/home/data/raw/hindi/audio/hi_02192.wav,"भारत की राजधानी नई दिल्ली है"
/home/data/raw/hindi/audio/hi_02193.wav,"क्या आप मेरी मदद कर सकते हैं"
/home/data/raw/hindi/audio/hi_02194.wav,"यह एक परीक्षण है"
/home/data/raw/hindi/audio/hi_02195.wav,"कृपया धीरे बोलें मुझे समझ नहीं आ रहा है"
/home/data/raw/hindi/audio/hi_02196.wav,"आपका नाम क्या है"
/home/data/raw/hindi/audio/hi_02197.wav,"मैं कल बाजार जाऊँगा"
/home/data/raw/hindi/audio/hi_02198.wav,"हमें सच बोलना चाहिए"
/home/data/raw/hindi/audio/hi_02199.wav,"यह ट्रेन कब रवाना होगी"
/home/data/raw/hindi/audio/hi_02200.wav,"सूर्य पूर्व से उदय होता है"
/home/data/raw/hindi/audio/hi_02201.wav,"आप कैसे हैं"
/home/data/raw/hindi/audio/hi_02202.wav,"वैज्ञानिकों ने एक नई खोज की है"
/home/data/raw/hindi/audio/hi_02203.wav,"मुझे हिंदी बोलना बहुत पसंद है"
/home/data/raw/hindi/audio/hi_02204.wav,"शिक्षा सफलता की कुंजी है"
/home/data/raw/hindi/audio/hi_02205.wav,"आज की ताजा खबर क्या है"
/home/data/raw/hindi/audio/hi_02206.wav,"उन्होंने अपनी पढ़ाई पूरी कर ली है"
/home/data/raw/hindi/audio/hi_02207.wav,"क्या आपके पास कोई सवाल है"
/home/data/raw/hindi/audio/hi_02208.wav,"यह एक बहुत ही खूबसूरत जगह है"
/home/data/raw/hindi/audio/hi_02209.wav,"हम सभी को पर्यावरण की रक्षा करनी चाहिए"
/home/data/raw/hindi/audio/hi_02210.wav,"वह बहुत मेहनती लड़का है"
/home/data/raw/hindi/audio/hi_02211.wav,"मुझे एक गिलास पानी चाहिए"
/home/data/raw/hindi/audio/hi_02212.wav,"डिजिटल इंडिया एक महत्वपूर्ण पहल है"
/home/data/raw/hindi/audio/hi_02213.wav,"खेलना बच्चों के लिए अच्छा है"
/home/data/raw/hindi/audio/hi_02214.wav,"मैं आपकी बात से सहमत हूँ"
/home/data/raw/hindi/audio/hi_02215.wav,"समय बहुत मूल्यवान है"
/home/data/raw/hindi/audio/hi_02216.wav,"भारत एक विविध देश है"
/home/data/raw/hindi/audio/hi_02217.wav,"कृपया यहाँ हस्ताक्षर करें"
/home/data/raw/hindi/audio/hi_02218.wav,"यह मेरी समझ से बाहर है"
/home/data/raw/hindi/audio/hi_02219.wav,"उन्होंने एक नया रिकॉर्ड बनाया"
/home/data/raw/hindi/audio/hi_02220.wav,"शुभकामनाएं"
/home/data/raw/hindi/audio/hi_02221.wav,"नमस्ते आज मौसम बहुत अच्छा है"
/home/data/raw/hindi/audio/hi_02222.wav,"भारत की राजधानी नई दिल्ली है"
/home/data/raw/hindi/audio/hi_02223.wav,"क्या आप मेरी मदद कर सकते हैं"
/home/data/raw/hindi/audio/hi_02224.wav,"यह एक परीक्षण है"
/home/data/raw/hindi/audio/hi_02225.wav,"कृपया धीरे बोलें मुझे समझ नहीं आ रहा है"
/home/data/raw/hindi/audio/hi_02226.wav,"आपका नाम क्या है"
/home/data/raw/hindi/audio/hi_02227.wav,"मैं कल बाजार जाऊँगा"
/home/data/raw/hindi/audio/hi_02228.wav,"हमें सच बोलना चाहिए"
/home/data/raw/hindi/audio/hi_02229.wav,"यह ट्रेन कब रवाना होगी"
/home/data/raw/hindi/audio/hi_02230.wav,"सूर्य पूर्व से उदय होता है"
/home/data/raw/hindi/audio/hi_02231.wav,"आप कैसे हैं"
/home/data/raw/hindi/audio/hi_02232.wav,"वैज्ञानिकों ने एक नई खोज की है"
/home/data/raw/hindi/audio/hi_02233.wav,"मुझे हिंदी बोलना बहुत पसंद है"
/home/data/raw/hindi/audio/hi_02234.wav,"शिक्षा सफलता की कुंजी है"
/home/data/raw/hindi/audio/hi_02235.wav,"आज की ताजा खबर क्या है"
/home/data/raw/hindi/audio/hi_02236.wav,"उन्होंने अपनी पढ़ाई पूरी कर ली है"
/home/data/raw/hindi/audio/hi_02237.wav,"क्या आपके पास कोई सवाल है"
/home/data/raw/hindi/audio/hi_02238.wav,"यह एक बहुत ही खूबसूरत जगह है"
/home/data/raw/hindi/audio/hi_02239.wav,"हम सभी को पर्यावरण की रक्षा करनी चाहिए"
/home/data/raw/hindi/audio/hi_02240.wav,"वह बहुत मेहनती लड़का है"
/home/data/raw/hindi/audio/hi_02241.wav,"मुझे एक गिलास पानी चाहिए"
/home/data/raw/hindi/audio/hi_02242.wav,"डिजिटल इंडिया एक महत्वपूर्ण पहल है"
/home/data/raw/hindi/audio/hi_02243.wav,"खेलना बच्चों के लिए अच्छा है"
/home/data/raw/hindi/audio/hi_02244.wav,"मैं आपकी बात से सहमत हूँ"
/home/data/raw/hindi/audio/hi_02245.wav,"समय बहुत मूल्यवान है"
/home/data/raw/hindi/audio/hi_02246.wav,"भारत एक विविध देश है"
/home/data/raw/hindi/audio/hi_02247.wav,"कृपया यहाँ हस्ताक्षर करें"
/home/data/raw/hindi/audio/hi_02248.wav,"यह मेरी समझ से बाहर है"
/home/data/raw/hindi/audio/hi_02249.wav,"उन्होंने एक नया रिकॉर्ड बनाया"
/home/data/raw/hindi/audio/hi_02250.wav,"शुभकामनाएं"
/home/data/raw/hindi/audio/hi_02251.wav,"नमस्ते आज मौसम बहुत अच्छा है"
/home/data/raw/hindi/audio/hi_02252.wav,"भारत की राजधानी नई दिल्ली है"
/home/data/raw/hindi/audio/hi_02253.wav,"क्या आप मेरी मदद कर सकते हैं"
/home/data/raw/hindi/audio/hi_02254.wav,"यह एक परीक्षण है"
/home/data/raw/hindi/audio/hi_02255.wav,"कृपया धीरे बोलें मुझे समझ नहीं आ रहा है"
/home/data/raw/hindi/audio/hi_02256.wav,"आपका नाम क्या है"
/home/data/raw/hindi/audio/hi_02257.wav,"मैं कल बाजार जाऊँगा"
/home/data/raw/hindi/audio/hi_02258.wav,"हमें सच बोलना चाहिए"
/home/data/raw/hindi/audio/hi_02259.wav,"यह ट्रेन कब रवाना होगी"
/home/data/raw/hindi/audio/hi_02260.wav,"सूर्य पूर्व से उदय होता है"
/home/data/raw/hindi/audio/hi_02261.wav,"आप कैसे हैं"
/home/data/raw/hindi/audio/hi_02262.wav,"वैज्ञानिकों ने एक नई खोज की है"
/home/data/raw/hindi/audio/hi_02263.wav,"मुझे हिंदी बोलना बहुत पसंद है"
/home/data/raw/hindi/audio/hi_02264.wav,"शिक्षा सफलता की कुंजी है"
/home/data/raw/hindi/audio/hi_02265.wav,"आज की ताजा खबर क्या है"
/home/data/raw/hindi/audio/hi_02266.wav,"उन्होंने अपनी पढ़ाई पूरी कर ली है"
/home/data/raw/hindi/audio/hi_02267.wav,"क्या आपके पास कोई सवाल है"
/home/data/raw/hindi/audio/hi_02268.wav,"यह एक बहुत ही खूबसूरत जगह है"
/home/data/raw/hindi/audio/hi_02269.wav,"हम सभी को पर्यावरण की रक्षा करनी चाहिए"
/home/data/raw/hindi/audio/hi_02270.wav,"वह बहुत मेहनती लड़का है"
/home/data/raw/hindi/audio/hi_02271.wav,"मुझे एक गिलास पानी चाहिए"
/home/data/raw/hindi/audio/hi_02272.wav,"डिजिटल इंडिया एक महत्वपूर्ण पहल है"
/home/data/raw/hindi/audio/hi_02273.wav,"खेलना बच्चों के लिए अच्छा है"
/home/data/raw/hindi/audio/hi_02274.wav,"मैं आपकी बात से सहमत हूँ"
/home/data/raw/hindi/audio/hi_02275.wav,"समय बहुत मूल्यवान है"
/home/data/raw/hindi/audio/hi_02276.wav,"भारत एक विविध देश है"
/home/data/raw/hindi/audio/hi_02277.wav,"कृपया यहाँ हस्ताक्षर करें"
/home/data/raw/hindi/audio/hi_02278.wav,"यह मेरी समझ से बाहर है"
/home/data/raw/hindi/audio/hi_02279.wav,"उन्होंने एक नया रिकॉर्ड बनाया"
/home/data/raw/hindi/audio/hi_02280.wav,"शुभकामनाएं"
/home/data/raw/hindi/audio/hi_02281.wav,"नमस्ते आज मौसम बहुत अच्छा है"
/home/data/raw/hindi/audio/hi_02282.wav,"भारत की राजधानी नई दिल्ली है"
/home/data/raw/hindi/audio/hi_02283.wav,"क्या आप मेरी मदद कर सकते हैं"
/home/data/raw/hindi/audio/hi_02284.wav,"यह एक परीक्षण है"
/home/data/raw/hindi/audio/hi_02285.wav,"कृपया धीरे बोलें मुझे समझ नहीं आ रहा है"
/home/data/raw/hindi/audio/hi_02286.wav,"आपका नाम क्या है"
/home/data/raw/hindi/audio/hi_02287.wav,"मैं कल बाजार जाऊँगा"
/home/data/raw/hindi/audio/hi_02288.wav,"हमें सच बोलना चाहिए"
/home/data/raw/hindi/audio/hi_02289.wav,"यह ट्रेन कब रवाना होगी"
/home/data/raw/hindi/audio/hi_02290.wav,"सूर्य पूर्व से उदय होता है"
/home/data/raw/hindi/audio/hi_02291.wav,"आप कैसे हैं"
/home/data/raw/hindi/audio/hi_02292.wav,"वैज्ञानिकों ने एक नई खोज की है"
/home/data/raw/hindi/audio/hi_02293.wav,"मुझे हिंदी बोलना बहुत पसंद है"
/home/data/raw/hindi/audio/hi_02294.wav,"शिक्षा सफलता की कुंजी है"
/home/data/raw/hindi/audio/hi_02295.wav,"आज की ताजा खबर क्या है"
/home/data/raw/hindi/audio/hi_02296.wav,"उन्होंने अपनी पढ़ाई पूरी कर ली है"
/home/data/raw/hindi/audio/hi_02297.wav,"क्या आपके पास कोई सवाल है"
/home/data/raw/hindi/audio/hi_02298.wav,"यह एक बहुत ही खूबसूरत जगह है"
/home/data/raw/hindi/audio/hi_02299.wav,"हम सभी को पर्यावरण की रक्षा करनी चाहिए"
/home/data/raw/hindi/audio/hi_02300.wav,"वह बहुत मेहनती लड़का है"
/home/data/raw/hindi/audio/hi_02301.wav,"मुझे एक गिलास पानी चाहिए"
/home/data/raw/hindi/audio/hi_02302.wav,"डिजिटल इंडिया एक महत्वपूर्ण पहल है"
/home/data/raw/hindi/audio/hi_02303.wav,"खेलना बच्चों के लिए अच्छा है"
/home/data/raw/hindi/audio/hi_02304.wav,"मैं आपकी बात से सहमत हूँ"
/home/data/raw/hindi/audio/hi_02305.wav,"समय बहुत मूल्यवान है"
/home/data/raw/hindi/audio/hi_02306.wav,"भारत एक विविध देश है"
/home/data/raw/hindi/audio/hi_02307.wav,"कृपया यहाँ हस्ताक्षर करें"
/home/data/raw/hindi/audio/hi_02308.wav,"यह मेरी समझ से बाहर है"
/home/data/raw/hindi/audio/hi_02309.wav,"उन्होंने एक नया रिकॉर्ड बनाया"
/home/data/raw/hindi/audio/hi_02310.wav,"शुभकामनाएं"
/home/data/raw/hindi/audio/hi_02311.wav,"नमस्ते आज मौसम बहुत अच्छा है"
/home/data/raw/hindi/audio/hi_02312.wav,"भारत की राजधानी नई दिल्ली है"
/home/data/raw/hindi/audio/hi_02313.wav,"क्या आप मेरी मदद कर सकते हैं"
/home/data/raw/hindi/audio/hi_02314.wav,"यह एक परीक्षण है"
/home/data/raw/hindi/audio/hi_02315.wav,"कृपया धीरे बोलें मुझे समझ नहीं आ रहा है"
/home/data/raw/hindi/audio/hi_02316.wav,"आपका नाम क्या है"
/home/data/raw/hindi/audio/hi_02317.wav,"मैं कल बाजार जाऊँगा"
/home/data/raw/hindi/audio/hi_02318.wav,"हमें सच बोलना चाहिए"
/home/data/raw/hindi/audio/hi_02319.wav,"यह ट्रेन कब रवाना होगी"
/home/data/raw/hindi/audio/hi_02320.wav,"सूर्य पूर्व से उदय होता है"
/home/data/raw/hindi/audio/hi_02321.wav,"आप कैसे हैं"
/home/data/raw/hindi/audio/hi_02322.wav,"वैज्ञानिकों ने एक नई खोज की है"
/home/data/raw/hindi/audio/hi_02323.wav,"मुझे हिंदी बोलना बहुत पसंद है"
/home/data/raw/hindi/audio/hi_02324.wav,"शिक्षा सफलता की कुंजी है"
/home/data/raw/hindi/audio/hi_02325.wav,"आज की ताजा खबर क्या है"
/home/data/raw/hindi/audio/hi_02326.wav,"उन्होंने अपनी पढ़ाई पूरी कर ली है"
/home/data/raw/hindi/audio/hi_02327.wav,"क्या आपके पास कोई सवाल है"
/home/data/raw/hindi/audio/hi_02328.wav,"यह एक बहुत ही खूबसूरत जगह है"
/home/data/raw/hindi/audio/hi_02329.wav,"हम सभी को पर्यावरण की रक्षा करनी चाहिए"
/home/data/raw/hindi/audio/hi_02330.wav,"वह बहुत मेहनती लड़का है"
/home/data/raw/hindi/audio/hi_02331.wav,"मुझे एक गिलास पानी चाहिए"
/home/data/raw/hindi/audio/hi_02332.wav,"डिजिटल इंडिया एक महत्वपूर्ण पहल है"
/home/data/raw/hindi/audio/hi_02333.wav,"खेलना बच्चों के लिए अच्छा है"
/home/data/raw/hindi/audio/hi_02334.wav,"मैं आपकी बात से सहमत हूँ"
/home/data/raw/hindi/audio/hi_02335.wav,"समय बहुत मूल्यवान है"
/home/data/raw/hindi/audio/hi_02336.wav,"भारत एक विविध देश है"
/home/data/raw/hindi/audio/hi_02337.wav,"कृपया यहाँ हस्ताक्षर करें"
/home/data/raw/hindi/audio/hi_02338.wav,"यह मेरी समझ से बाहर है"
/home/data/raw/hindi/audio/hi_02339.wav,"उन्होंने एक नया रिकॉर्ड बनाया"
/home/data/raw/hindi/audio/hi_02340.wav,"शुभकामनाएं"
/home/data/raw/hindi/audio/hi_02341.wav,"नमस्ते आज मौसम बहुत अच्छा है"
/home/data/raw/hindi/audio/hi_02342.wav,"भारत की राजधानी नई दिल्ली है"
/home/data/raw/hindi/audio/hi_02343.wav,"क्या आप मेरी मदद कर सकते हैं"
/home/data/raw/hindi/audio/hi_02344.wav,"यह एक परीक्षण है"
/home/data/raw/hindi/audio/hi_02345.wav,"कृपया धीरे बोलें मुझे समझ नहीं आ रहा है"
/home/data/raw/hindi/audio/hi_02346.wav,"आपका नाम क्या है"
/home/data/raw/hindi/audio/hi_02347.wav,"मैं कल बाजार जाऊँगा"
/home/data/raw/hindi/audio/hi_02348.wav,"हमें सच बोलना चाहिए"
/home/data/raw/hindi/audio/hi_02349.wav,"यह ट्रेन कब रवाना होगी"
/home/data/raw/hindi/audio/hi_02350.wav,"सूर्य पूर्व से उदय होता है"
/home/data/raw/hindi/audio/hi_02351.wav,"आप कैसे हैं"
/home/data/raw/hindi/audio/hi_02352.wav,"वैज्ञानिकों ने एक नई खोज की है"
/home/data/raw/hindi/audio/hi_02353.wav,"मुझे हिंदी बोलना बहुत पसंद है"
/home/data/raw/hindi/audio/hi_02354.wav,"शिक्षा सफलता की कुंजी है"
/home/data/raw/hindi/audio/hi_02355.wav,"आज की ताजा खबर क्या है"
/home/data/raw/hindi/audio/hi_02356.wav,"उन्होंने अपनी पढ़ाई पूरी कर ली है"
/home/data/raw/hindi/audio/hi_02357.wav,"क्या आपके पास कोई सवाल है"
/home/data/raw/hindi/audio/hi_02358.wav,"यह एक बहुत ही खूबसूरत जगह है"
/home/data/raw/hindi/audio/hi_02359.wav,"हम सभी को पर्यावरण की रक्षा करनी चाहिए"
/home/data/raw/hindi/audio/hi_02360.wav,"वह बहुत मेहनती लड़का है"
/home/data/raw/hindi/audio/hi_02361.wav,"मुझे एक गिलास पानी चाहिए"
/home/data/raw/hindi/audio/hi_02362.wav,"डिजिटल इंडिया एक महत्वपूर्ण पहल है"
/home/data/raw/hindi/audio/hi_02363.wav,"खेलना बच्चों के लिए अच्छा है"
/home/data/raw/hindi/audio/hi_02364.wav,"मैं आपकी बात से सहमत हूँ"
/home/data/raw/hindi/audio/hi_02365.wav,"समय बहुत मूल्यवान है"
/home/data/raw/hindi/audio/hi_02366.wav,"भारत एक विविध देश है"
/home/data/raw/hindi/audio/hi_02367.wav,"कृपया यहाँ हस्ताक्षर करें"
/home/data/raw/hindi/audio/hi_02368.wav,"यह मेरी समझ से बाहर है"
/home/data/raw/hindi/audio/hi_02369.wav,"उन्होंने एक नया रिकॉर्ड बनाया"
/home/data/raw/hindi/audio/hi_02370.wav,"शुभकामनाएं"
/home/data/raw/hindi/audio/hi_02371.wav,"नमस्ते आज मौसम बहुत अच्छा है"
/home/data/raw/hindi/audio/hi_02372.wav,"भारत की राजधानी नई दिल्ली है"
/home/data/raw/hindi/audio/hi_02373.wav,"क्या आप मेरी मदद कर सकते हैं"
/home/data/raw/hindi/audio/hi_02374.wav,"यह एक परीक्षण है"
/home/data/raw/hindi/audio/hi_02375.wav,"कृपया धीरे बोलें मुझे समझ नहीं आ रहा है"
/home/data/raw/hindi/audio/hi_02376.wav,"आपका नाम क्या है"
/home/data/raw/hindi/audio/hi_02377.wav,"मैं कल बाजार जाऊँगा"
/home/data/raw/hindi/audio/hi_02378.wav,"हमें सच बोलना चाहिए"
/home/data/raw/hindi/audio/hi_02379.wav,"यह ट्रेन कब रवाना होगी"
/home/data/raw/hindi/audio/hi_02380.wav,"सूर्य पूर्व से उदय होता है"
/home/data/raw/hindi/audio/hi_02381.wav,"आप कैसे हैं"
/home/data/raw/hindi/audio/hi_02382.wav,"वैज्ञानिकों ने एक नई खोज की है"
/home/data/raw/hindi/audio/hi_02383.wav,"मुझे हिंदी बोलना बहुत पसंद है"
/home/data/raw/hindi/audio/hi_02384.wav,"शिक्षा सफलता की कुंजी है"
/home/data/raw/hindi/audio/hi_02385.wav,"आज की ताजा खबर क्या है"
/home/data/raw/hindi/audio/hi_02386.wav,"उन्होंने अपनी पढ़ाई पूरी कर ली है"
/home/data/raw/hindi/audio/hi_02387.wav,"क्या आपके पास कोई सवाल है"
/home/data/raw/hindi/audio/hi_02388.wav,"यह एक बहुत ही खूबसूरत जगह है"
/home/data/raw/hindi/audio/hi_02389.wav,"हम सभी को पर्यावरण की रक्षा करनी चाहिए"
/home/data/raw/hindi/audio/hi_02390.wav,"वह बहुत मेहनती लड़का है"
/home/data/raw/hindi/audio/hi_02391.wav,"मुझे एक गिलास पानी चाहिए"
/home/data/raw/hindi/audio/hi_02392.wav,"डिजिटल इंडिया एक महत्वपूर्ण पहल है"
/home/data/raw/hindi/audio/hi_02393.wav,"खेलना बच्चों के लिए अच्छा है"
/home/data/raw/hindi/audio/hi_02394.wav,"मैं आपकी बात से सहमत हूँ"
/home/data/raw/hindi/audio/hi_02395.wav,"समय बहुत मूल्यवान है"
/home/data/raw/hindi/audio/hi_02396.wav,"भारत एक विविध देश है"
/home/data/raw/hindi/audio/hi_02397.wav,"कृपया यहाँ हस्ताक्षर करें"
/home/data/raw/hindi/audio/hi_02398.wav,"यह मेरी समझ से बाहर है"
/home/data/raw/hindi/audio/hi_02399.wav,"उन्होंने एक नया रिकॉर्ड बनाया"
/home/data/raw/hindi/audio/hi_02400.wav,"शुभकामनाएं"
/home/data/raw/hindi/audio/hi_02401.wav,"नमस्ते आज मौसम बहुत अच्छा है"
/home/data/raw/hindi/audio/hi_02402.wav,"भारत की राजधानी नई दिल्ली है"
/home/data/raw/hindi/audio/hi_02403.wav,"क्या आप मेरी मदद कर सकते हैं"
/home/data/raw/hindi/audio/hi_02404.wav,"यह एक परीक्षण है"
/home/data/raw/hindi/audio/hi_02405.wav,"कृपया धीरे बोलें मुझे समझ नहीं आ रहा है"
/home/data/raw/hindi/audio/hi_02406.wav,"आपका नाम क्या है"
/home/data/raw/hindi/audio/hi_02407.wav,"मैं कल बाजार जाऊँगा"
/home/data/raw/hindi/audio/hi_02408.wav,"हमें सच बोलना चाहिए"
/home/data/raw/hindi/audio/hi_02409.wav,"यह ट्रेन कब रवाना होगी"
/home/data/raw/hindi/audio/hi_02410.wav,"सूर्य पूर्व से उदय होता है"
/home/data/raw/hindi/audio/hi_02411.wav,"आप कैसे हैं"
/home/data/raw/hindi/audio/hi_02412.wav,"वैज्ञानिकों ने एक नई खोज की है"
/home/data/raw/hindi/audio/hi_02413.wav,"मुझे हिंदी बोलना बहुत पसंद है"
/home/data/raw/hindi/audio/hi_02414.wav,"शिक्षा सफलता की कुंजी है"
/home/data/raw/hindi/audio/hi_02415.wav,"आज की ताजा खबर क्या है"
/home/data/raw/hindi/audio/hi_02416.wav,"उन्होंने अपनी पढ़ाई पूरी कर ली है"
/home/data/raw/hindi/audio/hi_02417.wav,"क्या आपके पास कोई सवाल है"
/home/data/raw/hindi/audio/hi_02418.wav,"यह एक बहुत ही खूबसूरत जगह है"
/home/data/raw/hindi/audio/hi_02419.wav,"हम सभी को पर्यावरण की रक्षा करनी चाहिए"
/home/data/raw/hindi/audio/hi_02420.wav,"वह बहुत मेहनती लड़का है"
/home/data/raw/hindi/audio/hi_02421.wav,"मुझे एक गिलास पानी चाहिए"
/home/data/raw/hindi/audio/hi_02422.wav,"डिजिटल इंडिया एक महत्वपूर्ण पहल है"
/home/data/raw/hindi/audio/hi_02423.wav,"खेलना बच्चों के लिए अच्छा है"
/home/data/raw/hindi/audio/hi_02424.wav,"मैं आपकी बात से सहमत हूँ"
/home/data/raw/hindi/audio/hi_02425.wav,"समय बहुत मूल्यवान है"
/home/data/raw/hindi/audio/hi_02426.wav,"भारत एक विविध देश है"
/home/data/raw/hindi/audio/hi_02427.wav,"कृपया यहाँ हस्ताक्षर करें"
/home/data/raw/hindi/audio/hi_02428.wav,"यह मेरी समझ से बाहर है"
/home/data/raw/hindi/audio/hi_02429.wav,"उन्होंने एक नया रिकॉर्ड बनाया"
/home/data/raw/hindi/audio/hi_02430.wav,"शुभकामनाएं"
/home/data/raw/hindi/audio/hi_02431.wav,"नमस्ते आज मौसम बहुत अच्छा है"
/home/data/raw/hindi/audio/hi_02432.wav,"भारत की राजधानी नई दिल्ली है"
/home/data/raw/hindi/audio/hi_02433.wav,"क्या आप मेरी मदद कर सकते हैं"
/home/data/raw/hindi/audio/hi_02434.wav,"यह एक परीक्षण है"
/home/data/raw/hindi/audio/hi_02435.wav,"कृपया धीरे बोलें मुझे समझ नहीं आ रहा है"
/home/data/raw/hindi/audio/hi_02436.wav,"आपका नाम क्या है"
/home/data/raw/hindi/audio/hi_02437.wav,"मैं कल बाजार जाऊँगा"
/home/data/raw/hindi/audio/hi_02438.wav,"हमें सच बोलना चाहिए"
/home/data/raw/hindi/audio/hi_02439.wav,"यह ट्रेन कब रवाना होगी"
/home/data/raw/hindi/audio/hi_02440.wav,"सूर्य पूर्व से उदय होता है"
/home/data/raw/hindi/audio/hi_02441.wav,"आप कैसे हैं"
/home/data/raw/hindi/audio/hi_02442.wav,"वैज्ञानिकों ने एक नई खोज की है"
/home/data/raw/hindi/audio/hi_02443.wav,"मुझे हिंदी बोलना बहुत पसंद है"
/home/data/raw/hindi/audio/hi_02444.wav,"शिक्षा सफलता की कुंजी है"
/home/data/raw/hindi/audio/hi_02445.wav,"आज की ताजा खबर क्या है"
/home/data/raw/hindi/audio/hi_02446.wav,"उन्होंने अपनी पढ़ाई पूरी कर ली है"
/home/data/raw/hindi/audio/hi_02447.wav,"क्या आपके पास कोई सवाल है"
/home/data/raw/hindi/audio/hi_02448.wav,"यह एक बहुत ही खूबसूरत जगह है"
/home/data/raw/hindi/audio/hi_02449.wav,"हम सभी को पर्यावरण की रक्षा करनी चाहिए"
/home/data/raw/hindi/audio/hi_02450.wav,"वह बहुत मेहनती लड़का है"
/home/data/raw/hindi/audio/hi_02451.wav,"मुझे एक गिलास पानी चाहिए"
/home/data/raw/hindi/audio/hi_02452.wav,"डिजिटल इंडिया एक महत्वपूर्ण पहल है"
/home/data/raw/hindi/audio/hi_02453.wav,"खेलना बच्चों के लिए अच्छा है"
/home/data/raw/hindi/audio/hi_02454.wav,"मैं आपकी बात से सहमत हूँ"
/home/data/raw/hindi/audio/hi_02455.wav,"समय बहुत मूल्यवान है"
/home/data/raw/hindi/audio/hi_02456.wav,"भारत एक विविध देश है"
/home/data/raw/hindi/audio/hi_02457.wav,"कृपया यहाँ हस्ताक्षर करें"
/home/data/raw/hindi/audio/hi_02458.wav,"यह मेरी समझ से बाहर है"
/home/data/raw/hindi/audio/hi_02459.wav,"उन्होंने एक नया रिकॉर्ड बनाया"
/home/data/raw/hindi/audio/hi_02460.wav,"शुभकामनाएं"
/home/data/raw/hindi/audio/hi_02461.wav,"नमस्ते आज मौसम बहुत अच्छा है"
/home/data/raw/hindi/audio/hi_02462.wav,"भारत की राजधानी नई दिल्ली है"
/home/data/raw/hindi/audio/hi_02463.wav,"क्या आप मेरी मदद कर सकते हैं"
/home/data/raw/hindi/audio/hi_02464.wav,"यह एक परीक्षण है"
/home/data/raw/hindi/audio/hi_02465.wav,"कृपया धीरे बोलें मुझे समझ नहीं आ रहा है"
/home/data/raw/hindi/audio/hi_02466.wav,"आपका नाम क्या है"
/home/data/raw/hindi/audio/hi_02467.wav,"मैं कल बाजार जाऊँगा"
/home/data/raw/hindi/audio/hi_02468.wav,"हमें सच बोलना चाहिए"
/home/data/raw/hindi/audio/hi_02469.wav,"यह ट्रेन कब रवाना होगी"
/home/data/raw/hindi/audio/hi_02470.wav,"सूर्य पूर्व से उदय होता है"
/home/data/raw/hindi/audio/hi_02471.wav,"आप कैसे हैं"
/home/data/raw/hindi/audio/hi_02472.wav,"वैज्ञानिकों ने एक नई खोज की है"
/home/data/raw/hindi/audio/hi_02473.wav,"मुझे हिंदी बोलना बहुत पसंद है"
/home/data/raw/hindi/audio/hi_02474.wav,"शिक्षा सफलता की कुंजी है"
/home/data/raw/hindi/audio/hi_02475.wav,"आज की ताजा खबर क्या है"
/home/data/raw/hindi/audio/hi_02476.wav,"उन्होंने अपनी पढ़ाई पूरी कर ली है"
/home/data/raw/hindi/audio/hi_02477.wav,"क्या आपके पास कोई सवाल है"
/home/data/raw/hindi/audio/hi_02478.wav,"यह एक बहुत ही खूबसूरत जगह है"
/home/data/raw/hindi/audio/hi_02479.wav,"हम सभी को पर्यावरण की रक्षा करनी चाहिए"
/home/data/raw/hindi/audio/hi_02480.wav,"वह बहुत मेहनती लड़का है"
/home/data/raw/hindi/audio/hi_02481.wav,"मुझे एक गिलास पानी चाहिए"
/home/data/raw/hindi/audio/hi_02482.wav,"डिजिटल इंडिया एक महत्वपूर्ण पहल है"
/home/data/raw/hindi/audio/hi_02483.wav,"खेलना बच्चों के लिए अच्छा है"
/home/data/raw/hindi/audio/hi_02484.wav,"मैं आपकी बात से सहमत हूँ"
/home/data/raw/hindi/audio/hi_02485.wav,"समय बहुत मूल्यवान है"
/home/data/raw/hindi/audio/hi_02486.wav,"भारत एक विविध देश है"
/home/data/raw/hindi/audio/hi_02487.wav,"कृपया यहाँ हस्ताक्षर करें"
/home/data/raw/hindi/audio/hi_02488.wav,"यह मेरी समझ से बाहर है"
/home/data/raw/hindi/audio/hi_02489.wav,"उन्होंने एक नया रिकॉर्ड बनाया"
/home/data/raw/hindi/audio/hi_02490.wav,"शुभकामनाएं"
/home/data/raw/hindi/audio/hi_02491.wav,"नमस्ते आज मौसम बहुत अच्छा है"
/home/data/raw/hindi/audio/hi_02492.wav,"भारत की राजधानी नई दिल्ली है"
/home/data/raw/hindi/audio/hi_02493.wav,"क्या आप मेरी मदद कर सकते हैं"
/home/data/raw/hindi/audio/hi_02494.wav,"यह एक परीक्षण है"
/home/data/raw/hindi/audio/hi_02495.wav,"कृपया धीरे बोलें मुझे समझ नहीं आ रहा है"
/home/data/raw/hindi/audio/hi_02496.wav,"आपका नाम क्या है"
/home/data/raw/hindi/audio/hi_02497.wav,"मैं कल बाजार जाऊँगा"
/home/data/raw/hindi/audio/hi_02498.wav,"हमें सच बोलना चाहिए"
/home/data/raw/hindi/audio/hi_02499.wav,"यह ट्रेन कब रवाना होगी"
/home/data/raw/hindi/audio/hi_02500.wav,"सूर्य पूर्व से उदय होता है"
/home/data/raw/hindi/audio/hi_02501.wav,"आप कैसे हैं"
/home/data/raw/hindi/audio/hi_02502.wav,"वैज्ञानिकों ने एक नई खोज की है"
/home/data/raw/hindi/audio/hi_02503.wav,"मुझे हिंदी बोलना बहुत पसंद है"
/home/data/raw/hindi/audio/hi_02504.wav,"शिक्षा सफलता की कुंजी है"
/home/data/raw/hindi/audio/hi_02505.wav,"आज की ताजा खबर क्या है"
/home/data/raw/hindi/audio/hi_02506.wav,"उन्होंने अपनी पढ़ाई पूरी कर ली है"
/home/data/raw/hindi/audio/hi_02507.wav,"क्या आपके पास कोई सवाल है"
/home/data/raw/hindi/audio/hi_02508.wav,"यह एक बहुत ही खूबसूरत जगह है"
/home/data/raw/hindi/audio/hi_02509.wav,"हम सभी को पर्यावरण की रक्षा करनी चाहिए"
/home/data/raw/hindi/audio/hi_02510.wav,"वह बहुत मेहनती लड़का है"
/home/data/raw/hindi/audio/hi_02511.wav,"मुझे एक गिलास पानी चाहिए"
/home/data/raw/hindi/audio/hi_02512.wav,"डिजिटल इंडिया एक महत्वपूर्ण पहल है"
/home/data/raw/hindi/audio/hi_02513.wav,"खेलना बच्चों के लिए अच्छा है"
/home/data/raw/hindi/audio/hi_02514.wav,"मैं आपकी बात से सहमत हूँ"
/home/data/raw/hindi/audio/hi_02515.wav,"समय बहुत मूल्यवान है"
/home/data/raw/hindi/audio/hi_02516.wav,"भारत एक विविध देश है"
/home/data/raw/hindi/audio/hi_02517.wav,"कृपया यहाँ हस्ताक्षर करें"
/home/data/raw/hindi/audio/hi_02518.wav,"यह मेरी समझ से बाहर है"
/home/data/raw/hindi/audio/hi_02519.wav,"उन्होंने एक नया रिकॉर्ड बनाया"
/home/data/raw/hindi/audio/hi_02520.wav,"शुभकामनाएं"
/home/data/raw/hindi/audio/hi_02521.wav,"नमस्ते आज मौसम बहुत अच्छा है"
/home/data/raw/hindi/audio/hi_02522.wav,"भारत की राजधानी नई दिल्ली है"
/home/data/raw/hindi/audio/hi_02523.wav,"क्या आप मेरी मदद कर सकते हैं"
/home/data/raw/hindi/audio/hi_02524.wav,"यह एक परीक्षण है"
/home/data/raw/hindi/audio/hi_02525.wav,"कृपया धीरे बोलें मुझे समझ नहीं आ रहा है"
/home/data/raw/hindi/audio/hi_02526.wav,"आपका नाम क्या है"
/home/data/raw/hindi/audio/hi_02527.wav,"मैं कल बाजार जाऊँगा"
/home/data/raw/hindi/audio/hi_02528.wav,"हमें सच बोलना चाहिए"
/home/data/raw/hindi/audio/hi_02529.wav,"यह ट्रेन कब रवाना होगी"
/home/data/raw/hindi/audio/hi_02530.wav,"सूर्य पूर्व से उदय होता है"
/home/data/raw/hindi/audio/hi_02531.wav,"आप कैसे हैं"
/home/data/raw/hindi/audio/hi_02532.wav,"वैज्ञानिकों ने एक नई खोज की है"
/home/data/raw/hindi/audio/hi_02533.wav,"मुझे हिंदी बोलना बहुत पसंद है"
/home/data/raw/hindi/audio/hi_02534.wav,"शिक्षा सफलता की कुंजी है"
/home/data/raw/hindi/audio/hi_02535.wav,"आज की ताजा खबर क्या है"
/home/data/raw/hindi/audio/hi_02536.wav,"उन्होंने अपनी पढ़ाई पूरी कर ली है"
/home/data/raw/hindi/audio/hi_02537.wav,"क्या आपके पास कोई सवाल है"
/home/data/raw/hindi/audio/hi_02538.wav,"यह एक बहुत ही खूबसूरत जगह है"
/home/data/raw/hindi/audio/hi_02539.wav,"हम सभी को पर्यावरण की रक्षा करनी चाहिए"
/home/data/raw/hindi/audio/hi_02540.wav,"वह बहुत मेहनती लड़का है"
/home/data/raw/hindi/audio/hi_02541.wav,"मुझे एक गिलास पानी चाहिए"
/home/data/raw/hindi/audio/hi_02542.wav,"डिजिटल इंडिया एक महत्वपूर्ण पहल है"
/home/data/raw/hindi/audio/hi_02543.wav,"खेलना बच्चों के लिए अच्छा है"
/home/data/raw/hindi/audio/hi_02544.wav,"मैं आपकी बात से सहमत हूँ"
/home/data/raw/hindi/audio/hi_02545.wav,"समय बहुत मूल्यवान है"
/home/data/raw/hindi/audio/hi_02546.wav,"भारत एक विविध देश है"
/home/data/raw/hindi/audio/hi_02547.wav,"कृपया यहाँ हस्ताक्षर करें"
/home/data/raw/hindi/audio/hi_02548.wav,"यह मेरी समझ से बाहर है"
/home/data/raw/hindi/audio/hi_02549.wav,"उन्होंने एक नया रिकॉर्ड बनाया"
/home/data/raw/hindi/audio/hi_02550.wav,"शुभकामनाएं"
/home/data/raw/hindi/audio/hi_02551.wav,"नमस्ते आज मौसम बहुत अच्छा है"
/home/data/raw/hindi/audio/hi_02552.wav,"भारत की राजधानी नई दिल्ली है"
/home/data/raw/hindi/audio/hi_02553.wav,"क्या आप मेरी मदद कर सकते हैं"
/home/data/raw/hindi/audio/hi_02554.wav,"यह एक परीक्षण है"
/home/data/raw/hindi/audio/hi_02555.wav,"कृपया धीरे बोलें मुझे समझ नहीं आ रहा है"
/home/data/raw/hindi/audio/hi_02556.wav,"आपका नाम क्या है"
/home/data/raw/hindi/audio/hi_02557.wav,"मैं कल बाजार जाऊँगा"
/home/data/raw/hindi/audio/hi_02558.wav,"हमें सच बोलना चाहिए"
/home/data/raw/hindi/audio/hi_02559.wav,"यह ट्रेन कब रवाना होगी"
/home/data/raw/hindi/audio/hi_02560.wav,"सूर्य पूर्व से उदय होता है"
/home/data/raw/hindi/audio/hi_02561.wav,"आप कैसे हैं"
/home/data/raw/hindi/audio/hi_02562.wav,"वैज्ञानिकों ने एक नई खोज की है"
/home/data/raw/hindi/audio/hi_02563.wav,"मुझे हिंदी बोलना बहुत पसंद है"
/home/data/raw/hindi/audio/hi_02564.wav,"शिक्षा सफलता की कुंजी है"
/home/data/raw/hindi/audio/hi_02565.wav,"आज की ताजा खबर क्या है"
/home/data/raw/hindi/audio/hi_02566.wav,"उन्होंने अपनी पढ़ाई पूरी कर ली है"
/home/data/raw/hindi/audio/hi_02567.wav,"क्या आपके पास कोई सवाल है"
/home/data/raw/hindi/audio/hi_02568.wav,"यह एक बहुत ही खूबसूरत जगह है"
/home/data/raw/hindi/audio/hi_02569.wav,"हम सभी को पर्यावरण की रक्षा करनी चाहिए"
/home/data/raw/hindi/audio/hi_02570.wav,"वह बहुत मेहनती लड़का है"
/home/data/raw/hindi/audio/hi_02571.wav,"मुझे एक गिलास पानी चाहिए"
/home/data/raw/hindi/audio/hi_02572.wav,"डिजिटल इंडिया एक महत्वपूर्ण पहल है"
/home/data/raw/hindi/audio/hi_02573.wav,"खेलना बच्चों के लिए अच्छा है"
/home/data/raw/hindi/audio/hi_02574.wav,"मैं आपकी बात से सहमत हूँ"
/home/data/raw/hindi/audio/hi_02575.wav,"समय बहुत मूल्यवान है"
/home/data/raw/hindi/audio/hi_02576.wav,"भारत एक विविध देश है"
/home/data/raw/hindi/audio/hi_02577.wav,"कृपया यहाँ हस्ताक्षर करें"
/home/data/raw/hindi/audio/hi_02578.wav,"यह मेरी समझ से बाहर है"
/home/data/raw/hindi/audio/hi_02579.wav,"उन्होंने एक नया रिकॉर्ड बनाया"
/home/data/raw/hindi/audio/hi_02580.wav,"शुभकामनाएं"
/home/data/raw/hindi/audio/hi_02581.wav,"नमस्ते आज मौसम बहुत अच्छा है"
/home/data/raw/hindi/audio/hi_02582.wav,"भारत की राजधानी नई दिल्ली है"
/home/data/raw/hindi/audio/hi_02583.wav,"क्या आप मेरी मदद कर सकते हैं"
/home/data/raw/hindi/audio/hi_02584.wav,"यह एक परीक्षण है"
/home/data/raw/hindi/audio/hi_02585.wav,"कृपया धीरे बोलें मुझे समझ नहीं आ रहा है"
/home/data/raw/hindi/audio/hi_02586.wav,"आपका नाम क्या है"
/home/data/raw/hindi/audio/hi_02587.wav,"मैं कल बाजार जाऊँगा"
/home/data/raw/hindi/audio/hi_02588.wav,"हमें सच बोलना चाहिए"
/home/data/raw/hindi/audio/hi_02589.wav,"यह ट्रेन कब रवाना होगी"
/home/data/raw/hindi/audio/hi_02590.wav,"सूर्य पूर्व से उदय होता है"
/home/data/raw/hindi/audio/hi_02591.wav,"आप कैसे हैं"
/home/data/raw/hindi/audio/hi_02592.wav,"वैज्ञानिकों ने एक नई खोज की है"
/home/data/raw/hindi/audio/hi_02593.wav,"मुझे हिंदी बोलना बहुत पसंद है"
/home/data/raw/hindi/audio/hi_02594.wav,"शिक्षा सफलता की कुंजी है"
/home/data/raw/hindi/audio/hi_02595.wav,"आज की ताजा खबर क्या है"
/home/data/raw/hindi/audio/hi_02596.wav,"उन्होंने अपनी पढ़ाई पूरी कर ली है"
/home/data/raw/hindi/audio/hi_02597.wav,"क्या आपके पास कोई सवाल है"
/home/data/raw/hindi/audio/hi_02598.wav,"यह एक बहुत ही खूबसूरत जगह है"
/home/data/raw/hindi/audio/hi_02599.wav,"हम सभी को पर्यावरण की रक्षा करनी चाहिए"
/home/data/raw/hindi/audio/hi_02600.wav,"वह बहुत मेहनती लड़का है"
/home/data/raw/hindi/audio/hi_02601.wav,"मुझे एक गिलास पानी चाहिए"
/home/data/raw/hindi/audio/hi_02602.wav,"डिजिटल इंडिया एक महत्वपूर्ण पहल है"
/home/data/raw/hindi/audio/hi_02603.wav,"खेलना बच्चों के लिए अच्छा है"
/home/data/raw/hindi/audio/hi_02604.wav,"मैं आपकी बात से सहमत हूँ"
/home/data/raw/hindi/audio/hi_02605.wav,"समय बहुत मूल्यवान है"
/home/data/raw/hindi/audio/hi_02606.wav,"भारत एक विविध देश है"
/home/data/raw/hindi/audio/hi_02607.wav,"कृपया यहाँ हस्ताक्षर करें"
/home/data/raw/hindi/audio/hi_02608.wav,"यह मेरी समझ से बाहर है"
/home/data/raw/hindi/audio/hi_02609.wav,"उन्होंने एक नया रिकॉर्ड बनाया"
/home/data/raw/hindi/audio/hi_02610.wav,"शुभकामनाएं"
/home/data/raw/hindi/audio/hi_02611.wav,"नमस्ते आज मौसम बहुत अच्छा है"
/home/data/raw/hindi/audio/hi_02612.wav,"भारत की राजधानी नई दिल्ली है"
/home/data/raw/hindi/audio/hi_02613.wav,"क्या आप मेरी मदद कर सकते हैं"
/home/data/raw/hindi/audio/hi_02614.wav,"यह एक परीक्षण है"
/home/data/raw/hindi/audio/hi_02615.wav,"कृपया धीरे बोलें मुझे समझ नहीं आ रहा है"
/home/data/raw/hindi/audio/hi_02616.wav,"आपका नाम क्या है"
/home/data/raw/hindi/audio/hi_02617.wav,"मैं कल बाजार जाऊँगा"
/home/data/raw/hindi/audio/hi_02618.wav,"हमें सच बोलना चाहिए"
/home/data/raw/hindi/audio/hi_02619.wav,"यह ट्रेन कब रवाना होगी"
/home/data/raw/hindi/audio/hi_02620.wav,"सूर्य पूर्व से उदय होता है"
/home/data/raw/hindi/audio/hi_02621.wav,"आप कैसे हैं"
/home/data/raw/hindi/audio/hi_02622.wav,"वैज्ञानिकों ने एक नई खोज की है"
/home/data/raw/hindi/audio/hi_02623.wav,"मुझे हिंदी बोलना बहुत पसंद है"
/home/data/raw/hindi/audio/hi_02624.wav,"शिक्षा सफलता की कुंजी है"
/home/data/raw/hindi/audio/hi_02625.wav,"आज की ताजा खबर क्या है"
/home/data/raw/hindi/audio/hi_02626.wav,"उन्होंने अपनी पढ़ाई पूरी कर ली है"
/home/data/raw/hindi/audio/hi_02627.wav,"क्या आपके पास कोई सवाल है"
/home/data/raw/hindi/audio/hi_02628.wav,"यह एक बहुत ही खूबसूरत जगह है"
/home/data/raw/hindi/audio/hi_02629.wav,"हम सभी को पर्यावरण की रक्षा करनी चाहिए"
/home/data/raw/hindi/audio/hi_02630.wav,"वह बहुत मेहनती लड़का है"
/home/data/raw/hindi/audio/hi_02631.wav,"मुझे एक गिलास पानी चाहिए"
/home/data/raw/hindi/audio/hi_02632.wav,"डिजिटल इंडिया एक महत्वपूर्ण पहल है"
/home/data/raw/hindi/audio/hi_02633.wav,"खेलना बच्चों के लिए अच्छा है"
/home/data/raw/hindi/audio/hi_02634.wav,"मैं आपकी बात से सहमत हूँ"
/home/data/raw/hindi/audio/hi_02635.wav,"समय बहुत मूल्यवान है"
/home/data/raw/hindi/audio/hi_02636.wav,"भारत एक विविध देश है"
/home/data/raw/hindi/audio/hi_02637.wav,"कृपया यहाँ हस्ताक्षर करें"
/home/data/raw/hindi/audio/hi_02638.wav,"यह मेरी समझ से बाहर है"
/home/data/raw/hindi/audio/hi_02639.wav,"उन्होंने एक नया रिकॉर्ड बनाया"
/home/data/raw/hindi/audio/hi_02640.wav,"शुभकामनाएं"
/home/data/raw/hindi/audio/hi_02641.wav,"नमस्ते आज मौसम बहुत अच्छा है"
/home/data/raw/hindi/audio/hi_02642.wav,"भारत की राजधानी नई दिल्ली है"
/home/data/raw/hindi/audio/hi_02643.wav,"क्या आप मेरी मदद कर सकते हैं"
/home/data/raw/hindi/audio/hi_02644.wav,"यह एक परीक्षण है"
/home/data/raw/hindi/audio/hi_02645.wav,"कृपया धीरे बोलें मुझे समझ नहीं आ रहा है"
/home/data/raw/hindi/audio/hi_02646.wav,"आपका नाम क्या है"
/home/data/raw/hindi/audio/hi_02647.wav,"मैं कल बाजार जाऊँगा"
/home/data/raw/hindi/audio/hi_02648.wav,"हमें सच बोलना चाहिए"
/home/data/raw/hindi/audio/hi_02649.wav,"यह ट्रेन कब रवाना होगी"
/home/data/raw/hindi/audio/hi_02650.wav,"सूर्य पूर्व से उदय होता है"
/home/data/raw/hindi/audio/hi_02651.wav,"आप कैसे हैं"
/home/data/raw/hindi/audio/hi_02652.wav,"वैज्ञानिकों ने एक नई खोज की है"
/home/data/raw/hindi/audio/hi_02653.wav,"मुझे हिंदी बोलना बहुत पसंद है"
/home/data/raw/hindi/audio/hi_02654.wav,"शिक्षा सफलता की कुंजी है"
/home/data/raw/hindi/audio/hi_02655.wav,"आज की ताजा खबर क्या है"
/home/data/raw/hindi/audio/hi_02656.wav,"उन्होंने अपनी पढ़ाई पूरी कर ली है"
/home/data/raw/hindi/audio/hi_02657.wav,"क्या आपके पास कोई सवाल है"
/home/data/raw/hindi/audio/hi_02658.wav,"यह एक बहुत ही खूबसूरत जगह है"
/home/data/raw/hindi/audio/hi_02659.wav,"हम सभी को पर्यावरण की रक्षा करनी चाहिए"
/home/data/raw/hindi/audio/hi_02660.wav,"वह बहुत मेहनती लड़का है"
/home/data/raw/hindi/audio/hi_02661.wav,"मुझे एक गिलास पानी चाहिए"
/home/data/raw/hindi/audio/hi_02662.wav,"डिजिटल इंडिया एक महत्वपूर्ण पहल है"
/home/data/raw/hindi/audio/hi_02663.wav,"खेलना बच्चों के लिए अच्छा है"
/home/data/raw/hindi/audio/hi_02664.wav,"मैं आपकी बात से सहमत हूँ"
/home/data/raw/hindi/audio/hi_02665.wav,"समय बहुत मूल्यवान है"
/home/data/raw/hindi/audio/hi_02666.wav,"भारत एक विविध देश है"
/home/data/raw/hindi/audio/hi_02667.wav,"कृपया यहाँ हस्ताक्षर करें"
/home/data/raw/hindi/audio/hi_02668.wav,"यह मेरी समझ से बाहर है"
/home/data/raw/hindi/audio/hi_02669.wav,"उन्होंने एक नया रिकॉर्ड बनाया"
/home/data/raw/hindi/audio/hi_02670.wav,"शुभकामनाएं"
/home/data/raw/hindi/audio/hi_02671.wav,"नमस्ते आज मौसम बहुत अच्छा है"
/home/data/raw/hindi/audio/hi_02672.wav,"भारत की राजधानी नई दिल्ली है"
/home/data/raw/hindi/audio/hi_02673.wav,"क्या आप मेरी मदद कर सकते हैं"
/home/data/raw/hindi/audio/hi_02674.wav,"यह एक परीक्षण है"
/home/data/raw/hindi/audio/hi_02675.wav,"कृपया धीरे बोलें मुझे समझ नहीं आ रहा है"
/home/data/raw/hindi/audio/hi_02676.wav,"आपका नाम क्या है"
/home/data/raw/hindi/audio/hi_02677.wav,"मैं कल बाजार जाऊँगा"
/home/data/raw/hindi/audio/hi_02678.wav,"हमें सच बोलना चाहिए"
/home/data/raw/hindi/audio/hi_02679.wav,"यह ट्रेन कब रवाना होगी"
/home/data/raw/hindi/audio/hi_02680.wav,"सूर्य पूर्व से उदय होता है"
/home/data/raw/hindi/audio/hi_02681.wav,"आप कैसे हैं"
/home/data/raw/hindi/audio/hi_02682.wav,"वैज्ञानिकों ने एक नई खोज की है"
/home/data/raw/hindi/audio/hi_02683.wav,"मुझे हिंदी बोलना बहुत पसंद है"
/home/data/raw/hindi/audio/hi_02684.wav,"शिक्षा सफलता की कुंजी है"
/home/data/raw/hindi/audio/hi_02685.wav,"आज की ताजा खबर क्या है"
/home/data/raw/hindi/audio/hi_02686.wav,"उन्होंने अपनी पढ़ाई पूरी कर ली है"
/home/data/raw/hindi/audio/hi_02687.wav,"क्या आपके पास कोई सवाल है"
/home/data/raw/hindi/audio/hi_02688.wav,"यह एक बहुत ही खूबसूरत जगह है"
/home/data/raw/hindi/audio/hi_02689.wav,"हम सभी को पर्यावरण की रक्षा करनी चाहिए"
/home/data/raw/hindi/audio/hi_02690.wav,"वह बहुत मेहनती लड़का है"
/home/data/raw/hindi/audio/hi_02691.wav,"मुझे एक गिलास पानी चाहिए"
/home/data/raw/hindi/audio/hi_02692.wav,"डिजिटल इंडिया एक महत्वपूर्ण पहल है"
/home/data/raw/hindi/audio/hi_02693.wav,"खेलना बच्चों के लिए अच्छा है"
/home/data/raw/hindi/audio/hi_02694.wav,"मैं आपकी बात से सहमत हूँ"
/home/data/raw/hindi/audio/hi_02695.wav,"समय बहुत मूल्यवान है"
/home/data/raw/hindi/audio/hi_02696.wav,"भारत एक विविध देश है"
/home/data/raw/hindi/audio/hi_02697.wav,"कृपया यहाँ हस्ताक्षर करें"
/home/data/raw/hindi/audio/hi_02698.wav,"यह मेरी समझ से बाहर है"
/home/data/raw/hindi/audio/hi_02699.wav,"उन्होंने एक नया रिकॉर्ड बनाया"
/home/data/raw/hindi/audio/hi_02700.wav,"शुभकामनाएं"
/home/data/raw/hindi/audio/hi_02701.wav,"नमस्ते आज मौसम बहुत अच्छा है"
/home/data/raw/hindi/audio/hi_02702.wav,"भारत की राजधानी नई दिल्ली है"
/home/data/raw/hindi/audio/hi_02703.wav,"क्या आप मेरी मदद कर सकते हैं"
/home/data/raw/hindi/audio/hi_02704.wav,"यह एक परीक्षण है"
/home/data/raw/hindi/audio/hi_02705.wav,"कृपया धीरे बोलें मुझे समझ नहीं आ रहा है"
/home/data/raw/hindi/audio/hi_02706.wav,"आपका नाम क्या है"
/home/data/raw/hindi/audio/hi_02707.wav,"मैं कल बाजार जाऊँगा"
/home/data/raw/hindi/audio/hi_02708.wav,"हमें सच बोलना चाहिए"
/home/data/raw/hindi/audio/hi_02709.wav,"यह ट्रेन कब रवाना होगी"
/home/data/raw/hindi/audio/hi_02710.wav,"सूर्य पूर्व से उदय होता है"
/home/data/raw/hindi/audio/hi_02711.wav,"आप कैसे हैं"
/home/data/raw/hindi/audio/hi_02712.wav,"वैज्ञानिकों ने एक नई खोज की है"
/home/data/raw/hindi/audio/hi_02713.wav,"मुझे हिंदी बोलना बहुत पसंद है"
/home/data/raw/hindi/audio/hi_02714.wav,"शिक्षा सफलता की कुंजी है"
/home/data/raw/hindi/audio/hi_02715.wav,"आज की ताजा खबर क्या है"
/home/data/raw/hindi/audio/hi_02716.wav,"उन्होंने अपनी पढ़ाई पूरी कर ली है"
/home/data/raw/hindi/audio/hi_02717.wav,"क्या आपके पास कोई सवाल है"
/home/data/raw/hindi/audio/hi_02718.wav,"यह एक बहुत ही खूबसूरत जगह है"
/home/data/raw/hindi/audio/hi_02719.wav,"हम सभी को पर्यावरण की रक्षा करनी चाहिए"
/home/data/raw/hindi/audio/hi_02720.wav,"वह बहुत मेहनती लड़का है"
/home/data/raw/hindi/audio/hi_02721.wav,"मुझे एक गिलास पानी चाहिए"
/home/data/raw/hindi/audio/hi_02722.wav,"डिजिटल इंडिया एक महत्वपूर्ण पहल है"
/home/data/raw/hindi/audio/hi_02723.wav,"खेलना बच्चों के लिए अच्छा है"
/home/data/raw/hindi/audio/hi_02724.wav,"मैं आपकी बात से सहमत हूँ"
/home/data/raw/hindi/audio/hi_02725.wav,"समय बहुत मूल्यवान है"
/home/data/raw/hindi/audio/hi_02726.wav,"भारत एक विविध देश है"
/home/data/raw/hindi/audio/hi_02727.wav,"कृपया यहाँ हस्ताक्षर करें"
/home/data/raw/hindi/audio/hi_02728.wav,"यह मेरी समझ से बाहर है"
/home/data/raw/hindi/audio/hi_02729.wav,"उन्होंने एक नया रिकॉर्ड बनाया"
/home/data/raw/hindi/audio/hi_02730.wav,"शुभकामनाएं"
/home/data/raw/hindi/audio/hi_02731.wav,"नमस्ते आज मौसम बहुत अच्छा है"
/home/data/raw/hindi/audio/hi_02732.wav,"भारत की राजधानी नई दिल्ली है"
/home/data/raw/hindi/audio/hi_02733.wav,"क्या आप मेरी मदद कर सकते हैं"
/home/data/raw/hindi/audio/hi_02734.wav,"यह एक परीक्षण है"
/home/data/raw/hindi/audio/hi_02735.wav,"कृपया धीरे बोलें मुझे समझ नहीं आ रहा है"
/home/data/raw/hindi/audio/hi_02736.wav,"आपका नाम क्या है"
/home/data/raw/hindi/audio/hi_02737.wav,"मैं कल बाजार जाऊँगा"
/home/data/raw/hindi/audio/hi_02738.wav,"हमें सच बोलना चाहिए"
/home/data/raw/hindi/audio/hi_02739.wav,"यह ट्रेन कब रवाना होगी"
/home/data/raw/hindi/audio/hi_02740.wav,"सूर्य पूर्व से उदय होता है"
/home/data/raw/hindi/audio/hi_02741.wav,"आप कैसे हैं"
/home/data/raw/hindi/audio/hi_02742.wav,"वैज्ञानिकों ने एक नई खोज की है"
/home/data/raw/hindi/audio/hi_02743.wav,"मुझे हिंदी बोलना बहुत पसंद है"
/home/data/raw/hindi/audio/hi_02744.wav,"शिक्षा सफलता की कुंजी है"
/home/data/raw/hindi/audio/hi_02745.wav,"आज की ताजा खबर क्या है"
/home/data/raw/hindi/audio/hi_02746.wav,"उन्होंने अपनी पढ़ाई पूरी कर ली है"
/home/data/raw/hindi/audio/hi_02747.wav,"क्या आपके पास कोई सवाल है"
/home/data/raw/hindi/audio/hi_02748.wav,"यह एक बहुत ही खूबसूरत जगह है"
/home/data/raw/hindi/audio/hi_02749.wav,"हम सभी को पर्यावरण की रक्षा करनी चाहिए"
/home/data/raw/hindi/audio/hi_02750.wav,"वह बहुत मेहनती लड़का है"
/home/data/raw/hindi/audio/hi_02751.wav,"मुझे एक गिलास पानी चाहिए"
/home/data/raw/hindi/audio/hi_02752.wav,"डिजिटल इंडिया एक महत्वपूर्ण पहल है"
/home/data/raw/hindi/audio/hi_02753.wav,"खेलना बच्चों के लिए अच्छा है"
/home/data/raw/hindi/audio/hi_02754.wav,"मैं आपकी बात से सहमत हूँ"
/home/data/raw/hindi/audio/hi_02755.wav,"समय बहुत मूल्यवान है"
/home/data/raw/hindi/audio/hi_02756.wav,"भारत एक विविध देश है"
/home/data/raw/hindi/audio/hi_02757.wav,"कृपया यहाँ हस्ताक्षर करें"
/home/data/raw/hindi/audio/hi_02758.wav,"यह मेरी समझ से बाहर है"
/home/data/raw/hindi/audio/hi_02759.wav,"उन्होंने एक नया रिकॉर्ड बनाया"
/home/data/raw/hindi/audio/hi_02760.wav,"शुभकामनाएं"
/home/data/raw/hindi/audio/hi_02761.wav,"नमस्ते आज मौसम बहुत अच्छा है"
/home/data/raw/hindi/audio/hi_02762.wav,"भारत की राजधानी नई दिल्ली है"
/home/data/raw/hindi/audio/hi_02763.wav,"क्या आप मेरी मदद कर सकते हैं"
/home/data/raw/hindi/audio/hi_02764.wav,"यह एक परीक्षण है"
/home/data/raw/hindi/audio/hi_02765.wav,"कृपया धीरे बोलें मुझे समझ नहीं आ रहा है"
/home/data/raw/hindi/audio/hi_02766.wav,"आपका नाम क्या है"
/home/data/raw/hindi/audio/hi_02767.wav,"मैं कल बाजार जाऊँगा"
/home/data/raw/hindi/audio/hi_02768.wav,"हमें सच बोलना चाहिए"
/home/data/raw/hindi/audio/hi_02769.wav,"यह ट्रेन कब रवाना होगी"
/home/data/raw/hindi/audio/hi_02770.wav,"सूर्य पूर्व से उदय होता है"
/home/data/raw/hindi/audio/hi_02771.wav,"आप कैसे हैं"
/home/data/raw/hindi/audio/hi_02772.wav,"वैज्ञानिकों ने एक नई खोज की है"
/home/data/raw/hindi/audio/hi_02773.wav,"मुझे हिंदी बोलना बहुत पसंद है"
/home/data/raw/hindi/audio/hi_02774.wav,"शिक्षा सफलता की कुंजी है"
/home/data/raw/hindi/audio/hi_02775.wav,"आज की ताजा खबर क्या है"
/home/data/raw/hindi/audio/hi_02776.wav,"उन्होंने अपनी पढ़ाई पूरी कर ली है"
/home/data/raw/hindi/audio/hi_02777.wav,"क्या आपके पास कोई सवाल है"
/home/data/raw/hindi/audio/hi_02778.wav,"यह एक बहुत ही खूबसूरत जगह है"
/home/data/raw/hindi/audio/hi_02779.wav,"हम सभी को पर्यावरण की रक्षा करनी चाहिए"
/home/data/raw/hindi/audio/hi_02780.wav,"वह बहुत मेहनती लड़का है"
/home/data/raw/hindi/audio/hi_02781.wav,"मुझे एक गिलास पानी चाहिए"
/home/data/raw/hindi/audio/hi_02782.wav,"डिजिटल इंडिया एक महत्वपूर्ण पहल है"
/home/data/raw/hindi/audio/hi_02783.wav,"खेलना बच्चों के लिए अच्छा है"
/home/data/raw/hindi/audio/hi_02784.wav,"मैं आपकी बात से सहमत हूँ"
/home/data/raw/hindi/audio/hi_02785.wav,"समय बहुत मूल्यवान है"
/home/data/raw/hindi/audio/hi_02786.wav,"भारत एक विविध देश है"
/home/data/raw/hindi/audio/hi_02787.wav,"कृपया यहाँ हस्ताक्षर करें"
/home/data/raw/hindi/audio/hi_02788.wav,"यह मेरी समझ से बाहर है"
/home/data/raw/hindi/audio/hi_02789.wav,"उन्होंने एक नया रिकॉर्ड बनाया"
/home/data/raw/hindi/audio/hi_02790.wav,"शुभकामनाएं"
/home/data/raw/hindi/audio/hi_02791.wav,"नमस्ते आज मौसम बहुत अच्छा है"
/home/data/raw/hindi/audio/hi_02792.wav,"भारत की राजधानी नई दिल्ली है"
/home/data/raw/hindi/audio/hi_02793.wav,"क्या आप मेरी मदद कर सकते हैं"
/home/data/raw/hindi/audio/hi_02794.wav,"यह एक परीक्षण है"
/home/data/raw/hindi/audio/hi_02795.wav,"कृपया धीरे बोलें मुझे समझ नहीं आ रहा है"
/home/data/raw/hindi/audio/hi_02796.wav,"आपका नाम क्या है"
/home/data/raw/hindi/audio/hi_02797.wav,"मैं कल बाजार जाऊँगा"
/home/data/raw/hindi/audio/hi_02798.wav,"हमें सच बोलना चाहिए"
/home/data/raw/hindi/audio/hi_02799.wav,"यह ट्रेन कब रवाना होगी"
/home/data/raw/hindi/audio/hi_02800.wav,"सूर्य पूर्व से उदय होता है"
/home/data/raw/hindi/audio/hi_02801.wav,"आप कैसे हैं"
/home/data/raw/hindi/audio/hi_02802.wav,"वैज्ञानिकों ने एक नई खोज की है"
/home/data/raw/hindi/audio/hi_02803.wav,"मुझे हिंदी बोलना बहुत पसंद है"
/home/data/raw/hindi/audio/hi_02804.wav,"शिक्षा सफलता की कुंजी है"
/home/data/raw/hindi/audio/hi_02805.wav,"आज की ताजा खबर क्या है"
/home/data/raw/hindi/audio/hi_02806.wav,"उन्होंने अपनी पढ़ाई पूरी कर ली है"
/home/data/raw/hindi/audio/hi_02807.wav,"क्या आपके पास कोई सवाल है"
/home/data/raw/hindi/audio/hi_02808.wav,"यह एक बहुत ही खूबसूरत जगह है"
/home/data/raw/hindi/audio/hi_02809.wav,"हम सभी को पर्यावरण की रक्षा करनी चाहिए"
/home/data/raw/hindi/audio/hi_02810.wav,"वह बहुत मेहनती लड़का है"
/home/data/raw/hindi/audio/hi_02811.wav,"मुझे एक गिलास पानी चाहिए"
/home/data/raw/hindi/audio/hi_02812.wav,"डिजिटल इंडिया एक महत्वपूर्ण पहल है"
/home/data/raw/hindi/audio/hi_02813.wav,"खेलना बच्चों के लिए अच्छा है"
/home/data/raw/hindi/audio/hi_02814.wav,"मैं आपकी बात से सहमत हूँ"
/home/data/raw/hindi/audio/hi_02815.wav,"समय बहुत मूल्यवान है"
/home/data/raw/hindi/audio/hi_02816.wav,"भारत एक विविध देश है"
/home/data/raw/hindi/audio/hi_02817.wav,"कृपया यहाँ हस्ताक्षर करें"
/home/data/raw/hindi/audio/hi_02818.wav,"यह मेरी समझ से बाहर है"
/home/data/raw/hindi/audio/hi_02819.wav,"उन्होंने एक नया रिकॉर्ड बनाया"
/home/data/raw/hindi/audio/hi_02820.wav,"शुभकामनाएं"
/home/data/raw/hindi/audio/hi_02821.wav,"नमस्ते आज मौसम बहुत अच्छा है"
/home/data/raw/hindi/audio/hi_02822.wav,"भारत की राजधानी नई दिल्ली है"
/home/data/raw/hindi/audio/hi_02823.wav,"क्या आप मेरी मदद कर सकते हैं"
/home/data/raw/hindi/audio/hi_02824.wav,"यह एक परीक्षण है"
/home/data/raw/hindi/audio/hi_02825.wav,"कृपया धीरे बोलें मुझे समझ नहीं आ रहा है"
/home/data/raw/hindi/audio/hi_02826.wav,"आपका नाम क्या है"
/home/data/raw/hindi/audio/hi_02827.wav,"मैं कल बाजार जाऊँगा"
/home/data/raw/hindi/audio/hi_02828.wav,"हमें सच बोलना चाहिए"
/home/data/raw/hindi/audio/hi_02829.wav,"यह ट्रेन कब रवाना होगी"
/home/data/raw/hindi/audio/hi_02830.wav,"सूर्य पूर्व से उदय होता है"
/home/data/raw/hindi/audio/hi_02831.wav,"आप कैसे हैं"
/home/data/raw/hindi/audio/hi_02832.wav,"वैज्ञानिकों ने एक नई खोज की है"
/home/data/raw/hindi/audio/hi_02833.wav,"मुझे हिंदी बोलना बहुत पसंद है"
/home/data/raw/hindi/audio/hi_02834.wav,"शिक्षा सफलता की कुंजी है"
/home/data/raw/hindi/audio/hi_02835.wav,"आज की ताजा खबर क्या है"
/home/data/raw/hindi/audio/hi_02836.wav,"उन्होंने अपनी पढ़ाई पूरी कर ली है"
/home/data/raw/hindi/audio/hi_02837.wav,"क्या आपके पास कोई सवाल है"
/home/data/raw/hindi/audio/hi_02838.wav,"यह एक बहुत ही खूबसूरत जगह है"
/home/data/raw/hindi/audio/hi_02839.wav,"हम सभी को पर्यावरण की रक्षा करनी चाहिए"
/home/data/raw/hindi/audio/hi_02840.wav,"वह बहुत मेहनती लड़का है"
/home/data/raw/hindi/audio/hi_02841.wav,"मुझे एक गिलास पानी चाहिए"
/home/data/raw/hindi/audio/hi_02842.wav,"डिजिटल इंडिया एक महत्वपूर्ण पहल है"
/home/data/raw/hindi/audio/hi_02843.wav,"खेलना बच्चों के लिए अच्छा है"
/home/data/raw/hindi/audio/hi_02844.wav,"मैं आपकी बात से सहमत हूँ"
/home/data/raw/hindi/audio/hi_02845.wav,"समय बहुत मूल्यवान है"
/home/data/raw/hindi/audio/hi_02846.wav,"भारत एक विविध देश है"
/home/data/raw/hindi/audio/hi_02847.wav,"कृपया यहाँ हस्ताक्षर करें"
/home/data/raw/hindi/audio/hi_02848.wav,"यह मेरी समझ से बाहर है"
/home/data/raw/hindi/audio/hi_02849.wav,"उन्होंने एक नया रिकॉर्ड बनाया"
/home/data/raw/hindi/audio/hi_02850.wav,"शुभकामनाएं"
/home/data/raw/hindi/audio/hi_02851.wav,"नमस्ते आज मौसम बहुत अच्छा है"
/home/data/raw/hindi/audio/hi_02852.wav,"भारत की राजधानी नई दिल्ली है"
/home/data/raw/hindi/audio/hi_02853.wav,"क्या आप मेरी मदद कर सकते हैं"
/home/data/raw/hindi/audio/hi_02854.wav,"यह एक परीक्षण है"
/home/data/raw/hindi/audio/hi_02855.wav,"कृपया धीरे बोलें मुझे समझ नहीं आ रहा है"
/home/data/raw/hindi/audio/hi_02856.wav,"आपका नाम क्या है"
/home/data/raw/hindi/audio/hi_02857.wav,"मैं कल बाजार जाऊँगा"
/home/data/raw/hindi/audio/hi_02858.wav,"हमें सच बोलना चाहिए"
/home/data/raw/hindi/audio/hi_02859.wav,"यह ट्रेन कब रवाना होगी"
/home/data/raw/hindi/audio/hi_02860.wav,"सूर्य पूर्व से उदय होता है"
/home/data/raw/hindi/audio/hi_02861.wav,"आप कैसे हैं"
/home/data/raw/hindi/audio/hi_02862.wav,"वैज्ञानिकों ने एक नई खोज की है"
/home/data/raw/hindi/audio/hi_02863.wav,"मुझे हिंदी बोलना बहुत पसंद है"
/home/data/raw/hindi/audio/hi_02864.wav,"शिक्षा सफलता की कुंजी है"
/home/data/raw/hindi/audio/hi_02865.wav,"आज की ताजा खबर क्या है"
/home/data/raw/hindi/audio/hi_02866.wav,"उन्होंने अपनी पढ़ाई पूरी कर ली है"
/home/data/raw/hindi/audio/hi_02867.wav,"क्या आपके पास कोई सवाल है"
/home/data/raw/hindi/audio/hi_02868.wav,"यह एक बहुत ही खूबसूरत जगह है"
/home/data/raw/hindi/audio/hi_02869.wav,"हम सभी को पर्यावरण की रक्षा करनी चाहिए"
/home/data/raw/hindi/audio/hi_02870.wav,"वह बहुत मेहनती लड़का है"
/home/data/raw/hindi/audio/hi_02871.wav,"मुझे एक गिलास पानी चाहिए"
/home/data/raw/hindi/audio/hi_02872.wav,"डिजिटल इंडिया एक महत्वपूर्ण पहल है"
/home/data/raw/hindi/audio/hi_02873.wav,"खेलना बच्चों के लिए अच्छा है"
/home/data/raw/hindi/audio/hi_02874.wav,"मैं आपकी बात से सहमत हूँ"
/home/data/raw/hindi/audio/hi_02875.wav,"समय बहुत मूल्यवान है"
/home/data/raw/hindi/audio/hi_02876.wav,"भारत एक विविध देश है"
/home/data/raw/hindi/audio/hi_02877.wav,"कृपया यहाँ हस्ताक्षर करें"
/home/data/raw/hindi/audio/hi_02878.wav,"यह मेरी समझ से बाहर है"
/home/data/raw/hindi/audio/hi_02879.wav,"उन्होंने एक नया रिकॉर्ड बनाया"
/home/data/raw/hindi/audio/hi_02880.wav,"शुभकामनाएं"
/home/data/raw/hindi/audio/hi_02881.wav,"नमस्ते आज मौसम बहुत अच्छा है"
/home/data/raw/hindi/audio/hi_02882.wav,"भारत की राजधानी नई दिल्ली है"
/home/data/raw/hindi/audio/hi_02883.wav,"क्या आप मेरी मदद कर सकते हैं"
/home/data/raw/hindi/audio/hi_02884.wav,"यह एक परीक्षण है"
/home/data/raw/hindi/audio/hi_02885.wav,"कृपया धीरे बोलें मुझे समझ नहीं आ रहा है"
/home/data/raw/hindi/audio/hi_02886.wav,"आपका नाम क्या है"
/home/data/raw/hindi/audio/hi_02887.wav,"मैं कल बाजार जाऊँगा"
/home/data/raw/hindi/audio/hi_02888.wav,"हमें सच बोलना चाहिए"
/home/data/raw/hindi/audio/hi_02889.wav,"यह ट्रेन कब रवाना होगी"
/home/data/raw/hindi/audio/hi_02890.wav,"सूर्य पूर्व से उदय होता है"
/home/data/raw/hindi/audio/hi_02891.wav,"आप कैसे हैं"
/home/data/raw/hindi/audio/hi_02892.wav,"वैज्ञानिकों ने एक नई खोज की है"
/home/data/raw/hindi/audio/hi_02893.wav,"मुझे हिंदी बोलना बहुत पसंद है"
/home/data/raw/hindi/audio/hi_02894.wav,"शिक्षा सफलता की कुंजी है"
/home/data/raw/hindi/audio/hi_02895.wav,"आज की ताजा खबर क्या है"
/home/data/raw/hindi/audio/hi_02896.wav,"उन्होंने अपनी पढ़ाई पूरी कर ली है"
/home/data/raw/hindi/audio/hi_02897.wav,"क्या आपके पास कोई सवाल है"
/home/data/raw/hindi/audio/hi_02898.wav,"यह एक बहुत ही खूबसूरत जगह है"
/home/data/raw/hindi/audio/hi_02899.wav,"हम सभी को पर्यावरण की रक्षा करनी चाहिए"
/home/data/raw/hindi/audio/hi_02900.wav,"वह बहुत मेहनती लड़का है"
/home/data/raw/hindi/audio/hi_02901.wav,"मुझे एक गिलास पानी चाहिए"
/home/data/raw/hindi/audio/hi_02902.wav,"डिजिटल इंडिया एक महत्वपूर्ण पहल है"
/home/data/raw/hindi/audio/hi_02903.wav,"खेलना बच्चों के लिए अच्छा है"
/home/data/raw/hindi/audio/hi_02904.wav,"मैं आपकी बात से सहमत हूँ"
/home/data/raw/hindi/audio/hi_02905.wav,"समय बहुत मूल्यवान है"
/home/data/raw/hindi/audio/hi_02906.wav,"भारत एक विविध देश है"
/home/data/raw/hindi/audio/hi_02907.wav,"कृपया यहाँ हस्ताक्षर करें"
/home/data/raw/hindi/audio/hi_02908.wav,"यह मेरी समझ से बाहर है"
/home/data/raw/hindi/audio/hi_02909.wav,"उन्होंने एक नया रिकॉर्ड बनाया"
/home/data/raw/hindi/audio/hi_02910.wav,"शुभकामनाएं"
/home/data/raw/hindi/audio/hi_02911.wav,"नमस्ते आज मौसम बहुत अच्छा है"
/home/data/raw/hindi/audio/hi_02912.wav,"भारत की राजधानी नई दिल्ली है"
/home/data/raw/hindi/audio/hi_02913.wav,"क्या आप मेरी मदद कर सकते हैं"
/home/data/raw/hindi/audio/hi_02914.wav,"यह एक परीक्षण है"
/home/data/raw/hindi/audio/hi_02915.wav,"कृपया धीरे बोलें मुझे समझ नहीं आ रहा है"
/home/data/raw/hindi/audio/hi_02916.wav,"आपका नाम क्या है"
/home/data/raw/hindi/audio/hi_02917.wav,"मैं कल बाजार जाऊँगा"
/home/data/raw/hindi/audio/hi_02918.wav,"हमें सच बोलना चाहिए"
/home/data/raw/hindi/audio/hi_02919.wav,"यह ट्रेन कब रवाना होगी"
/home/data/raw/hindi/audio/hi_02920.wav,"सूर्य पूर्व से उदय होता है"
/home/data/raw/hindi/audio/hi_02921.wav,"आप कैसे हैं"
/home/data/raw/hindi/audio/hi_02922.wav,"वैज्ञानिकों ने एक नई खोज की है"
/home/data/raw/hindi/audio/hi_02923.wav,"मुझे हिंदी बोलना बहुत पसंद है"
/home/data/raw/hindi/audio/hi_02924.wav,"शिक्षा सफलता की कुंजी है"
/home/data/raw/hindi/audio/hi_02925.wav,"आज की ताजा खबर क्या है"
/home/data/raw/hindi/audio/hi_02926.wav,"उन्होंने अपनी पढ़ाई पूरी कर ली है"
/home/data/raw/hindi/audio/hi_02927.wav,"क्या आपके पास कोई सवाल है"
/home/data/raw/hindi/audio/hi_02928.wav,"यह एक बहुत ही खूबसूरत जगह है"
/home/data/raw/hindi/audio/hi_02929.wav,"हम सभी को पर्यावरण की रक्षा करनी चाहिए"
/home/data/raw/hindi/audio/hi_02930.wav,"वह बहुत मेहनती लड़का है"
/home/data/raw/hindi/audio/hi_02931.wav,"मुझे एक गिलास पानी चाहिए"
/home/data/raw/hindi/audio/hi_02932.wav,"डिजिटल इंडिया एक महत्वपूर्ण पहल है"
/home/data/raw/hindi/audio/hi_02933.wav,"खेलना बच्चों के लिए अच्छा है"
/home/data/raw/hindi/audio/hi_02934.wav,"मैं आपकी बात से सहमत हूँ"
/home/data/raw/hindi/audio/hi_02935.wav,"समय बहुत मूल्यवान है"
/home/data/raw/hindi/audio/hi_02936.wav,"भारत एक विविध देश है"
/home/data/raw/hindi/audio/hi_02937.wav,"कृपया यहाँ हस्ताक्षर करें"
/home/data/raw/hindi/audio/hi_02938.wav,"यह मेरी समझ से बाहर है"
/home/data/raw/hindi/audio/hi_02939.wav,"उन्होंने एक नया रिकॉर्ड बनाया"
/home/data/raw/hindi/audio/hi_02940.wav,"शुभकामनाएं"
/home/data/raw/hindi/audio/hi_02941.wav,"नमस्ते आज मौसम बहुत अच्छा है"
/home/data/raw/hindi/audio/hi_02942.wav,"भारत की राजधानी नई दिल्ली है"
/home/data/raw/hindi/audio/hi_02943.wav,"क्या आप मेरी मदद कर सकते हैं"
/home/data/raw/hindi/audio/hi_02944.wav,"यह एक परीक्षण है"
/home/data/raw/hindi/audio/hi_02945.wav,"कृपया धीरे बोलें मुझे समझ नहीं आ रहा है"
/home/data/raw/hindi/audio/hi_02946.wav,"आपका नाम क्या है"
/home/data/raw/hindi/audio/hi_02947.wav,"मैं कल बाजार जाऊँगा"
/home/data/raw/hindi/audio/hi_02948.wav,"हमें सच बोलना चाहिए"
/home/data/raw/hindi/audio/hi_02949.wav,"यह ट्रेन कब रवाना होगी"
/home/data/raw/hindi/audio/hi_02950.wav,"सूर्य पूर्व से उदय होता है"
/home/data/raw/hindi/audio/hi_02951.wav,"आप कैसे हैं"
/home/data/raw/hindi/audio/hi_02952.wav,"वैज्ञानिकों ने एक नई खोज की है"
/home/data/raw/hindi/audio/hi_02953.wav,"मुझे हिंदी बोलना बहुत पसंद है"
/home/data/raw/hindi/audio/hi_02954.wav,"शिक्षा सफलता की कुंजी है"
/home/data/raw/hindi/audio/hi_02955.wav,"आज की ताजा खबर क्या है"
/home/data/raw/hindi/audio/hi_02956.wav,"उन्होंने अपनी पढ़ाई पूरी कर ली है"
/home/data/raw/hindi/audio/hi_02957.wav,"क्या आपके पास कोई सवाल है"
/home/data/raw/hindi/audio/hi_02958.wav,"यह एक बहुत ही खूबसूरत जगह है"
/home/data/raw/hindi/audio/hi_02959.wav,"हम सभी को पर्यावरण की रक्षा करनी चाहिए"
/home/data/raw/hindi/audio/hi_02960.wav,"वह बहुत मेहनती लड़का है"
/home/data/raw/hindi/audio/hi_02961.wav,"मुझे एक गिलास पानी चाहिए"
/home/data/raw/hindi/audio/hi_02962.wav,"डिजिटल इंडिया एक महत्वपूर्ण पहल है"
/home/data/raw/hindi/audio/hi_02963.wav,"खेलना बच्चों के लिए अच्छा है"
/home/data/raw/hindi/audio/hi_02964.wav,"मैं आपकी बात से सहमत हूँ"
/home/data/raw/hindi/audio/hi_02965.wav,"समय बहुत मूल्यवान है"
/home/data/raw/hindi/audio/hi_02966.wav,"भारत एक विविध देश है"
/home/data/raw/hindi/audio/hi_02967.wav,"कृपया यहाँ हस्ताक्षर करें"
/home/data/raw/hindi/audio/hi_02968.wav,"यह मेरी समझ से बाहर है"
/home/data/raw/hindi/audio/hi_02969.wav,"उन्होंने एक नया रिकॉर्ड बनाया"
/home/data/raw/hindi/audio/hi_02970.wav,"शुभकामनाएं"
/home/data/raw/hindi/audio/hi_02971.wav,"नमस्ते आज मौसम बहुत अच्छा है"
/home/data/raw/hindi/audio/hi_02972.wav,"भारत की राजधानी नई दिल्ली है"
/home/data/raw/hindi/audio/hi_02973.wav,"क्या आप मेरी मदद कर सकते हैं"
/home/data/raw/hindi/audio/hi_02974.wav,"यह एक परीक्षण है"
/home/data/raw/hindi/audio/hi_02975.wav,"कृपया धीरे बोलें मुझे समझ नहीं आ रहा है"
/home/data/raw/hindi/audio/hi_02976.wav,"आपका नाम क्या है"
/home/data/raw/hindi/audio/hi_02977.wav,"मैं कल बाजार जाऊँगा"
/home/data/raw/hindi/audio/hi_02978.wav,"हमें सच बोलना चाहिए"
/home/data/raw/hindi/audio/hi_02979.wav,"यह ट्रेन कब रवाना होगी"
/home/data/raw/hindi/audio/hi_02980.wav,"सूर्य पूर्व से उदय होता है"
/home/data/raw/hindi/audio/hi_02981.wav,"आप कैसे हैं"
/home/data/raw/hindi/audio/hi_02982.wav,"वैज्ञानिकों ने एक नई खोज की है"
/home/data/raw/hindi/audio/hi_02983.wav,"मुझे हिंदी बोलना बहुत पसंद है"
/home/data/raw/hindi/audio/hi_02984.wav,"शिक्षा सफलता की कुंजी है"
/home/data/raw/hindi/audio/hi_02985.wav,"आज की ताजा खबर क्या है"
/home/data/raw/hindi/audio/hi_02986.wav,"उन्होंने अपनी पढ़ाई पूरी कर ली है"
/home/data/raw/hindi/audio/hi_02987.wav,"क्या आपके पास कोई सवाल है"
/home/data/raw/hindi/audio/hi_02988.wav,"यह एक बहुत ही खूबसूरत जगह है"
/home/data/raw/hindi/audio/hi_02989.wav,"हम सभी को पर्यावरण की रक्षा करनी चाहिए"
/home/data/raw/hindi/audio/hi_02990.wav,"वह बहुत मेहनती लड़का है"
/home/data/raw/hindi/audio/hi_02991.wav,"मुझे एक गिलास पानी चाहिए"
/home/data/raw/hindi/audio/hi_02992.wav,"डिजिटल इंडिया एक महत्वपूर्ण पहल है"
/home/data/raw/hindi/audio/hi_02993.wav,"खेलना बच्चों के लिए अच्छा है"
/home/data/raw/hindi/audio/hi_02994.wav,"मैं आपकी बात से सहमत हूँ"
/home/data/raw/hindi/audio/hi_02995.wav,"समय बहुत मूल्यवान है"
/home/data/raw/hindi/audio/hi_02996.wav,"भारत एक विविध देश है"
/home/data/raw/hindi/audio/hi_02997.wav,"कृपया यहाँ हस्ताक्षर करें"
/home/data/raw/hindi/audio/hi_02998.wav,"यह मेरी समझ से बाहर है"
/home/data/raw/hindi/audio/hi_02999.wav,"उन्होंने एक नया रिकॉर्ड बनाया"
/home/data/raw/hindi/audio/hi_03000.wav,"शुभकामनाएं"
/home/data/raw/hindi/audio/hi_03001.wav,"नमस्ते आज मौसम बहुत अच्छा है"
/home/data/raw/hindi/audio/hi_03002.wav,"भारत की राजधानी नई दिल्ली है"
/home/data/raw/hindi/audio/hi_03003.wav,"क्या आप मेरी मदद कर सकते हैं"
/home/data/raw/hindi/audio/hi_03004.wav,"यह एक परीक्षण है"
/home/data/raw/hindi/audio/hi_03005.wav,"कृपया धीरे बोलें मुझे समझ नहीं आ रहा है"
/home/data/raw/hindi/audio/hi_03006.wav,"आपका नाम क्या है"
/home/data/raw/hindi/audio/hi_03007.wav,"मैं कल बाजार जाऊँगा"
/home/data/raw/hindi/audio/hi_03008.wav,"हमें सच बोलना चाहिए"
/home/data/raw/hindi/audio/hi_03009.wav,"यह ट्रेन कब रवाना होगी"
/home/data/raw/hindi/audio/hi_03010.wav,"सूर्य पूर्व से उदय होता है"
/home/data/raw/hindi/audio/hi_03011.wav,"आप कैसे हैं"
/home/data/raw/hindi/audio/hi_03012.wav,"वैज्ञानिकों ने एक नई खोज की है"
/home/data/raw/hindi/audio/hi_03013.wav,"मुझे हिंदी बोलना बहुत पसंद है"
/home/data/raw/hindi/audio/hi_03014.wav,"शिक्षा सफलता की कुंजी है"
/home/data/raw/hindi/audio/hi_03015.wav,"आज की ताजा खबर क्या है"
/home/data/raw/hindi/audio/hi_03016.wav,"उन्होंने अपनी पढ़ाई पूरी कर ली है"
/home/data/raw/hindi/audio/hi_03017.wav,"क्या आपके पास कोई सवाल है"
/home/data/raw/hindi/audio/hi_03018.wav,"यह एक बहुत ही खूबसूरत जगह है"
/home/data/raw/hindi/audio/hi_03019.wav,"हम सभी को पर्यावरण की रक्षा करनी चाहिए"
/home/data/raw/hindi/audio/hi_03020.wav,"वह बहुत मेहनती लड़का है"
/home/data/raw/hindi/audio/hi_03021.wav,"मुझे एक गिलास पानी चाहिए"
/home/data/raw/hindi/audio/hi_03022.wav,"डिजिटल इंडिया एक महत्वपूर्ण पहल है"
/home/data/raw/hindi/audio/hi_03023.wav,"खेलना बच्चों के लिए अच्छा है"
/home/data/raw/hindi/audio/hi_03024.wav,"मैं आपकी बात से सहमत हूँ"
/home/data/raw/hindi/audio/hi_03025.wav,"समय बहुत मूल्यवान है"
/home/data/raw/hindi/audio/hi_03026.wav,"भारत एक विविध देश है"
/home/data/raw/hindi/audio/hi_03027.wav,"कृपया यहाँ हस्ताक्षर करें"
/home/data/raw/hindi/audio/hi_03028.wav,"यह मेरी समझ से बाहर है"
/home/data/raw/hindi/audio/hi_03029.wav,"उन्होंने एक नया रिकॉर्ड बनाया"
/home/data/raw/hindi/audio/hi_03030.wav,"शुभकामनाएं"
/home/data/raw/hindi/audio/hi_03031.wav,"नमस्ते आज मौसम बहुत अच्छा है"
/home/data/raw/hindi/audio/hi_03032.wav,"भारत की राजधानी नई दिल्ली है"
/home/data/raw/hindi/audio/hi_03033.wav,"क्या आप मेरी मदद कर सकते हैं"
/home/data/raw/hindi/audio/hi_03034.wav,"यह एक परीक्षण है"
/home/data/raw/hindi/audio/hi_03035.wav,"कृपया धीरे बोलें मुझे समझ नहीं आ रहा है"
/home/data/raw/hindi/audio/hi_03036.wav,"आपका नाम क्या है"
/home/data/raw/hindi/audio/hi_03037.wav,"मैं कल बाजार जाऊँगा"
/home/data/raw/hindi/audio/hi_03038.wav,"हमें सच बोलना चाहिए"
/home/data/raw/hindi/audio/hi_03039.wav,"यह ट्रेन कब रवाना होगी"
/home/data/raw/hindi/audio/hi_03040.wav,"सूर्य पूर्व से उदय होता है"
/home/data/raw/hindi/audio/hi_03041.wav,"आप कैसे हैं"
/home/data/raw/hindi/audio/hi_03042.wav,"वैज्ञानिकों ने एक नई खोज की है"
/home/data/raw/hindi/audio/hi_03043.wav,"मुझे हिंदी बोलना बहुत पसंद है"
/home/data/raw/hindi/audio/hi_03044.wav,"शिक्षा सफलता की कुंजी है"
/home/data/raw/hindi/audio/hi_03045.wav,"आज की ताजा खबर क्या है"
/home/data/raw/hindi/audio/hi_03046.wav,"उन्होंने अपनी पढ़ाई पूरी कर ली है"
/home/data/raw/hindi/audio/hi_03047.wav,"क्या आपके पास कोई सवाल है"
/home/data/raw/hindi/audio/hi_03048.wav,"यह एक बहुत ही खूबसूरत जगह है"
/home/data/raw/hindi/audio/hi_03049.wav,"हम सभी को पर्यावरण की रक्षा करनी चाहिए"
/home/data/raw/hindi/audio/hi_03050.wav,"वह बहुत मेहनती लड़का है"
/home/data/raw/hindi/audio/hi_03051.wav,"मुझे एक गिलास पानी चाहिए"
/home/data/raw/hindi/audio/hi_03052.wav,"डिजिटल इंडिया एक महत्वपूर्ण पहल है"
/home/data/raw/hindi/audio/hi_03053.wav,"खेलना बच्चों के लिए अच्छा है"
/home/data/raw/hindi/audio/hi_03054.wav,"मैं आपकी बात से सहमत हूँ"
/home/data/raw/hindi/audio/hi_03055.wav,"समय बहुत मूल्यवान है"
/home/data/raw/hindi/audio/hi_03056.wav,"भारत एक विविध देश है"
/home/data/raw/hindi/audio/hi_03057.wav,"कृपया यहाँ हस्ताक्षर करें"
/home/data/raw/hindi/audio/hi_03058.wav,"यह मेरी समझ से बाहर है"
/home/data/raw/hindi/audio/hi_03059.wav,"उन्होंने एक नया रिकॉर्ड बनाया"
/home/data/raw/hindi/audio/hi_03060.wav,"शुभकामनाएं"
/home/data/raw/hindi/audio/hi_03061.wav,"नमस्ते आज मौसम बहुत अच्छा है"
/home/data/raw/hindi/audio/hi_03062.wav,"भारत की राजधानी नई दिल्ली है"
/home/data/raw/hindi/audio/hi_03063.wav,"क्या आप मेरी मदद कर सकते हैं"
/home/data/raw/hindi/audio/hi_03064.wav,"यह एक परीक्षण है"
/home/data/raw/hindi/audio/hi_03065.wav,"कृपया धीरे बोलें मुझे समझ नहीं आ रहा है"
/home/data/raw/hindi/audio/hi_03066.wav,"आपका नाम क्या है"
/home/data/raw/hindi/audio/hi_03067.wav,"मैं कल बाजार जाऊँगा"
/home/data/raw/hindi/audio/hi_03068.wav,"हमें सच बोलना चाहिए"
/home/data/raw/hindi/audio/hi_03069.wav,"यह ट्रेन कब रवाना होगी"
/home/data/raw/hindi/audio/hi_03070.wav,"सूर्य पूर्व से उदय होता है"
/home/data/raw/hindi/audio/hi_03071.wav,"आप कैसे हैं"
/home/data/raw/hindi/audio/hi_03072.wav,"वैज्ञानिकों ने एक नई खोज की है"
/home/data/raw/hindi/audio/hi_03073.wav,"मुझे हिंदी बोलना बहुत पसंद है"
/home/data/raw/hindi/audio/hi_03074.wav,"शिक्षा सफलता की कुंजी है"
/home/data/raw/hindi/audio/hi_03075.wav,"आज की ताजा खबर क्या है"
/home/data/raw/hindi/audio/hi_03076.wav,"उन्होंने अपनी पढ़ाई पूरी कर ली है"
/home/data/raw/hindi/audio/hi_03077.wav,"क्या आपके पास कोई सवाल है"
/home/data/raw/hindi/audio/hi_03078.wav,"यह एक बहुत ही खूबसूरत जगह है"
/home/data/raw/hindi/audio/hi_03079.wav,"हम सभी को पर्यावरण की रक्षा करनी चाहिए"
/home/data/raw/hindi/audio/hi_03080.wav,"वह बहुत मेहनती लड़का है"
/home/data/raw/hindi/audio/hi_03081.wav,"मुझे एक गिलास पानी चाहिए"
/home/data/raw/hindi/audio/hi_03082.wav,"डिजिटल इंडिया एक महत्वपूर्ण पहल है"
/home/data/raw/hindi/audio/hi_03083.wav,"खेलना बच्चों के लिए अच्छा है"
/home/data/raw/hindi/audio/hi_03084.wav,"मैं आपकी बात से सहमत हूँ"
/home/data/raw/hindi/audio/hi_03085.wav,"समय बहुत मूल्यवान है"
/home/data/raw/hindi/audio/hi_03086.wav,"भारत एक विविध देश है"
/home/data/raw/hindi/audio/hi_03087.wav,"कृपया यहाँ हस्ताक्षर करें"
/home/data/raw/hindi/audio/hi_03088.wav,"यह मेरी समझ से बाहर है"
/home/data/raw/hindi/audio/hi_03089.wav,"उन्होंने एक नया रिकॉर्ड बनाया"
/home/data/raw/hindi/audio/hi_03090.wav,"शुभकामनाएं"
/home/data/raw/hindi/audio/hi_03091.wav,"नमस्ते आज मौसम बहुत अच्छा है"
/home/data/raw/hindi/audio/hi_03092.wav,"भारत की राजधानी नई दिल्ली है"
/home/data/raw/hindi/audio/hi_03093.wav,"क्या आप मेरी मदद कर सकते हैं"
/home/data/raw/hindi/audio/hi_03094.wav,"यह एक परीक्षण है"
/home/data/raw/hindi/audio/hi_03095.wav,"कृपया धीरे बोलें मुझे समझ नहीं आ रहा है"
/home/data/raw/hindi/audio/hi_03096.wav,"आपका नाम क्या है"
/home/data/raw/hindi/audio/hi_03097.wav,"मैं कल बाजार जाऊँगा"
/home/data/raw/hindi/audio/hi_03098.wav,"हमें सच बोलना चाहिए"
/home/data/raw/hindi/audio/hi_03099.wav,"यह ट्रेन कब रवाना होगी"
/home/data/raw/hindi/audio/hi_03100.wav,"सूर्य पूर्व से उदय होता है"
/home/data/raw/hindi/audio/hi_03101.wav,"आप कैसे हैं"
/home/data/raw/hindi/audio/hi_03102.wav,"वैज्ञानिकों ने एक नई खोज की है"
/home/data/raw/hindi/audio/hi_03103.wav,"मुझे हिंदी बोलना बहुत पसंद है"
/home/data/raw/hindi/audio/hi_03104.wav,"शिक्षा सफलता की कुंजी है"
/home/data/raw/hindi/audio/hi_03105.wav,"आज की ताजा खबर क्या है"
/home/data/raw/hindi/audio/hi_03106.wav,"उन्होंने अपनी पढ़ाई पूरी कर ली है"
/home/data/raw/hindi/audio/hi_03107.wav,"क्या आपके पास कोई सवाल है"
/home/data/raw/hindi/audio/hi_03108.wav,"यह एक बहुत ही खूबसूरत जगह है"
/home/data/raw/hindi/audio/hi_03109.wav,"हम सभी को पर्यावरण की रक्षा करनी चाहिए"
/home/data/raw/hindi/audio/hi_03110.wav,"वह बहुत मेहनती लड़का है"
/home/data/raw/hindi/audio/hi_03111.wav,"मुझे एक गिलास पानी चाहिए"
/home/data/raw/hindi/audio/hi_03112.wav,"डिजिटल इंडिया एक महत्वपूर्ण पहल है"
/home/data/raw/hindi/audio/hi_03113.wav,"खेलना बच्चों के लिए अच्छा है"
/home/data/raw/hindi/audio/hi_03114.wav,"मैं आपकी बात से सहमत हूँ"
/home/data/raw/hindi/audio/hi_03115.wav,"समय बहुत मूल्यवान है"
/home/data/raw/hindi/audio/hi_03116.wav,"भारत एक विविध देश है"
/home/data/raw/hindi/audio/hi_03117.wav,"कृपया यहाँ हस्ताक्षर करें"
/home/data/raw/hindi/audio/hi_03118.wav,"यह मेरी समझ से बाहर है"
/home/data/raw/hindi/audio/hi_03119.wav,"उन्होंने एक नया रिकॉर्ड बनाया"
/home/data/raw/hindi/audio/hi_03120.wav,"शुभकामनाएं"
/home/data/raw/hindi/audio/hi_03121.wav,"नमस्ते आज मौसम बहुत अच्छा है"
/home/data/raw/hindi/audio/hi_03122.wav,"भारत की राजधानी नई दिल्ली है"
/home/data/raw/hindi/audio/hi_03123.wav,"क्या आप मेरी मदद कर सकते हैं"
/home/data/raw/hindi/audio/hi_03124.wav,"यह एक परीक्षण है"
/home/data/raw/hindi/audio/hi_03125.wav,"कृपया धीरे बोलें मुझे समझ नहीं आ रहा है"
/home/data/raw/hindi/audio/hi_03126.wav,"आपका नाम क्या है"
/home/data/raw/hindi/audio/hi_03127.wav,"मैं कल बाजार जाऊँगा"
/home/data/raw/hindi/audio/hi_03128.wav,"हमें सच बोलना चाहिए"
/home/data/raw/hindi/audio/hi_03129.wav,"यह ट्रेन कब रवाना होगी"
/home/data/raw/hindi/audio/hi_03130.wav,"सूर्य पूर्व से उदय होता है"
/home/data/raw/hindi/audio/hi_03131.wav,"आप कैसे हैं"
/home/data/raw/hindi/audio/hi_03132.wav,"वैज्ञानिकों ने एक नई खोज की है"
/home/data/raw/hindi/audio/hi_03133.wav,"मुझे हिंदी बोलना बहुत पसंद है"
/home/data/raw/hindi/audio/hi_03134.wav,"शिक्षा सफलता की कुंजी है"
/home/data/raw/hindi/audio/hi_03135.wav,"आज की ताजा खबर क्या है"
/home/data/raw/hindi/audio/hi_03136.wav,"उन्होंने अपनी पढ़ाई पूरी कर ली है"
/home/data/raw/hindi/audio/hi_03137.wav,"क्या आपके पास कोई सवाल है"
/home/data/raw/hindi/audio/hi_03138.wav,"यह एक बहुत ही खूबसूरत जगह है"
/home/data/raw/hindi/audio/hi_03139.wav,"हम सभी को पर्यावरण की रक्षा करनी चाहिए"
/home/data/raw/hindi/audio/hi_03140.wav,"वह बहुत मेहनती लड़का है"
/home/data/raw/hindi/audio/hi_03141.wav,"मुझे एक गिलास पानी चाहिए"
/home/data/raw/hindi/audio/hi_03142.wav,"डिजिटल इंडिया एक महत्वपूर्ण पहल है"
/home/data/raw/hindi/audio/hi_03143.wav,"खेलना बच्चों के लिए अच्छा है"
/home/data/raw/hindi/audio/hi_03144.wav,"मैं आपकी बात से सहमत हूँ"
/home/data/raw/hindi/audio/hi_03145.wav,"समय बहुत मूल्यवान है"
/home/data/raw/hindi/audio/hi_03146.wav,"भारत एक विविध देश है"
/home/data/raw/hindi/audio/hi_03147.wav,"कृपया यहाँ हस्ताक्षर करें"
/home/data/raw/hindi/audio/hi_03148.wav,"यह मेरी समझ से बाहर है"
/home/data/raw/hindi/audio/hi_03149.wav,"उन्होंने एक नया रिकॉर्ड बनाया"
/home/data/raw/hindi/audio/hi_03150.wav,"शुभकामनाएं"
/home/data/raw/hindi/audio/hi_03151.wav,"नमस्ते आज मौसम बहुत अच्छा है"
/home/data/raw/hindi/audio/hi_03152.wav,"भारत की राजधानी नई दिल्ली है"
/home/data/raw/hindi/audio/hi_03153.wav,"क्या आप मेरी मदद कर सकते हैं"
/home/data/raw/hindi/audio/hi_03154.wav,"यह एक परीक्षण है"
/home/data/raw/hindi/audio/hi_03155.wav,"कृपया धीरे बोलें मुझे समझ नहीं आ रहा है"
/home/data/raw/hindi/audio/hi_03156.wav,"आपका नाम क्या है"
/home/data/raw/hindi/audio/hi_03157.wav,"मैं कल बाजार जाऊँगा"
/home/data/raw/hindi/audio/hi_03158.wav,"हमें सच बोलना चाहिए"
/home/data/raw/hindi/audio/hi_03159.wav,"यह ट्रेन कब रवाना होगी"
/home/data/raw/hindi/audio/hi_03160.wav,"सूर्य पूर्व से उदय होता है"
/home/data/raw/hindi/audio/hi_03161.wav,"आप कैसे हैं"
/home/data/raw/hindi/audio/hi_03162.wav,"वैज्ञानिकों ने एक नई खोज की है"
/home/data/raw/hindi/audio/hi_03163.wav,"मुझे हिंदी बोलना बहुत पसंद है"
/home/data/raw/hindi/audio/hi_03164.wav,"शिक्षा सफलता की कुंजी है"
/home/data/raw/hindi/audio/hi_03165.wav,"आज की ताजा खबर क्या है"
/home/data/raw/hindi/audio/hi_03166.wav,"उन्होंने अपनी पढ़ाई पूरी कर ली है"
/home/data/raw/hindi/audio/hi_03167.wav,"क्या आपके पास कोई सवाल है"
/home/data/raw/hindi/audio/hi_03168.wav,"यह एक बहुत ही खूबसूरत जगह है"
/home/data/raw/hindi/audio/hi_03169.wav,"हम सभी को पर्यावरण की रक्षा करनी चाहिए"
/home/data/raw/hindi/audio/hi_03170.wav,"वह बहुत मेहनती लड़का है"
/home/data/raw/hindi/audio/hi_03171.wav,"मुझे एक गिलास पानी चाहिए"
/home/data/raw/hindi/audio/hi_03172.wav,"डिजिटल इंडिया एक महत्वपूर्ण पहल है"
/home/data/raw/hindi/audio/hi_03173.wav,"खेलना बच्चों के लिए अच्छा है"
/home/data/raw/hindi/audio/hi_03174.wav,"मैं आपकी बात से सहमत हूँ"
/home/data/raw/hindi/audio/hi_03175.wav,"समय बहुत मूल्यवान है"
/home/data/raw/hindi/audio/hi_03176.wav,"भारत एक विविध देश है"
/home/data/raw/hindi/audio/hi_03177.wav,"कृपया यहाँ हस्ताक्षर करें"
/home/data/raw/hindi/audio/hi_03178.wav,"यह मेरी समझ से बाहर है"
/home/data/raw/hindi/audio/hi_03179.wav,"उन्होंने एक नया रिकॉर्ड बनाया"
/home/data/raw/hindi/audio/hi_03180.wav,"शुभकामनाएं"
/home/data/raw/hindi/audio/hi_03181.wav,"नमस्ते आज मौसम बहुत अच्छा है"
/home/data/raw/hindi/audio/hi_03182.wav,"भारत की राजधानी नई दिल्ली है"
/home/data/raw/hindi/audio/hi_03183.wav,"क्या आप मेरी मदद कर सकते हैं"
/home/data/raw/hindi/audio/hi_03184.wav,"यह एक परीक्षण है"
/home/data/raw/hindi/audio/hi_03185.wav,"कृपया धीरे बोलें मुझे समझ नहीं आ रहा है"
/home/data/raw/hindi/audio/hi_03186.wav,"आपका नाम क्या है"
/home/data/raw/hindi/audio/hi_03187.wav,"मैं कल बाजार जाऊँगा"
/home/data/raw/hindi/audio/hi_03188.wav,"हमें सच बोलना चाहिए"
/home/data/raw/hindi/audio/hi_03189.wav,"यह ट्रेन कब रवाना होगी"
/home/data/raw/hindi/audio/hi_03190.wav,"सूर्य पूर्व से उदय होता है"
/home/data/raw/hindi/audio/hi_03191.wav,"आप कैसे हैं"
/home/data/raw/hindi/audio/hi_03192.wav,"वैज्ञानिकों ने एक नई खोज की है"
/home/data/raw/hindi/audio/hi_03193.wav,"मुझे हिंदी बोलना बहुत पसंद है"
/home/data/raw/hindi/audio/hi_03194.wav,"शिक्षा सफलता की कुंजी है"
/home/data/raw/hindi/audio/hi_03195.wav,"आज की ताजा खबर क्या है"
/home/data/raw/hindi/audio/hi_03196.wav,"उन्होंने अपनी पढ़ाई पूरी कर ली है"
/home/data/raw/hindi/audio/hi_03197.wav,"क्या आपके पास कोई सवाल है"
/home/data/raw/hindi/audio/hi_03198.wav,"यह एक बहुत ही खूबसूरत जगह है"
/home/data/raw/hindi/audio/hi_03199.wav,"हम सभी को पर्यावरण की रक्षा करनी चाहिए"
/home/data/raw/hindi/audio/hi_03200.wav,"वह बहुत मेहनती लड़का है"
/home/data/raw/hindi/audio/hi_03201.wav,"मुझे एक गिलास पानी चाहिए"
/home/data/raw/hindi/audio/hi_03202.wav,"डिजिटल इंडिया एक महत्वपूर्ण पहल है"
/home/data/raw/hindi/audio/hi_03203.wav,"खेलना बच्चों के लिए अच्छा है"
/home/data/raw/hindi/audio/hi_03204.wav,"मैं आपकी बात से सहमत हूँ"
/home/data/raw/hindi/audio/hi_03205.wav,"समय बहुत मूल्यवान है"
/home/data/raw/hindi/audio/hi_03206.wav,"भारत एक विविध देश है"
/home/data/raw/hindi/audio/hi_03207.wav,"कृपया यहाँ हस्ताक्षर करें"
/home/data/raw/hindi/audio/hi_03208.wav,"यह मेरी समझ से बाहर है"
/home/data/raw/hindi/audio/hi_03209.wav,"उन्होंने एक नया रिकॉर्ड बनाया"
/home/data/raw/hindi/audio/hi_03210.wav,"शुभकामनाएं"
/home/data/raw/hindi/audio/hi_03211.wav,"नमस्ते आज मौसम बहुत अच्छा है"
/home/data/raw/hindi/audio/hi_03212.wav,"भारत की राजधानी नई दिल्ली है"
/home/data/raw/hindi/audio/hi_03213.wav,"क्या आप मेरी मदद कर सकते हैं"
/home/data/raw/hindi/audio/hi_03214.wav,"यह एक परीक्षण है"
/home/data/raw/hindi/audio/hi_03215.wav,"कृपया धीरे बोलें मुझे समझ नहीं आ रहा है"
/home/data/raw/hindi/audio/hi_03216.wav,"आपका नाम क्या है"
/home/data/raw/hindi/audio/hi_03217.wav,"मैं कल बाजार जाऊँगा"
/home/data/raw/hindi/audio/hi_03218.wav,"हमें सच बोलना चाहिए"
/home/data/raw/hindi/audio/hi_03219.wav,"यह ट्रेन कब रवाना होगी"
/home/data/raw/hindi/audio/hi_03220.wav,"सूर्य पूर्व से उदय होता है"
/home/data/raw/hindi/audio/hi_03221.wav,"आप कैसे हैं"
/home/data/raw/hindi/audio/hi_03222.wav,"वैज्ञानिकों ने एक नई खोज की है"
/home/data/raw/hindi/audio/hi_03223.wav,"मुझे हिंदी बोलना बहुत पसंद है"
/home/data/raw/hindi/audio/hi_03224.wav,"शिक्षा सफलता की कुंजी है"
/home/data/raw/hindi/audio/hi_03225.wav,"आज की ताजा खबर क्या है"
/home/data/raw/hindi/audio/hi_03226.wav,"उन्होंने अपनी पढ़ाई पूरी कर ली है"
/home/data/raw/hindi/audio/hi_03227.wav,"क्या आपके पास कोई सवाल है"
/home/data/raw/hindi/audio/hi_03228.wav,"यह एक बहुत ही खूबसूरत जगह है"
/home/data/raw/hindi/audio/hi_03229.wav,"हम सभी को पर्यावरण की रक्षा करनी चाहिए"
/home/data/raw/hindi/audio/hi_03230.wav,"वह बहुत मेहनती लड़का है"
/home/data/raw/hindi/audio/hi_03231.wav,"मुझे एक गिलास पानी चाहिए"
/home/data/raw/hindi/audio/hi_03232.wav,"डिजिटल इंडिया एक महत्वपूर्ण पहल है"
/home/data/raw/hindi/audio/hi_03233.wav,"खेलना बच्चों के लिए अच्छा है"
/home/data/raw/hindi/audio/hi_03234.wav,"मैं आपकी बात से सहमत हूँ"
/home/data/raw/hindi/audio/hi_03235.wav,"समय बहुत मूल्यवान है"
/home/data/raw/hindi/audio/hi_03236.wav,"भारत एक विविध देश है"
/home/data/raw/hindi/audio/hi_03237.wav,"कृपया यहाँ हस्ताक्षर करें"
/home/data/raw/hindi/audio/hi_03238.wav,"यह मेरी समझ से बाहर है"
/home/data/raw/hindi/audio/hi_03239.wav,"उन्होंने एक नया रिकॉर्ड बनाया"
/home/data/raw/hindi/audio/hi_03240.wav,"शुभकामनाएं"
/home/data/raw/hindi/audio/hi_03241.wav,"नमस्ते आज मौसम बहुत अच्छा है"
/home/data/raw/hindi/audio/hi_03242.wav,"भारत की राजधानी नई दिल्ली है"
/home/data/raw/hindi/audio/hi_03243.wav,"क्या आप मेरी मदद कर सकते हैं"
/home/data/raw/hindi/audio/hi_03244.wav,"यह एक परीक्षण है"
/home/data/raw/hindi/audio/hi_03245.wav,"कृपया धीरे बोलें मुझे समझ नहीं आ रहा है"
/home/data/raw/hindi/audio/hi_03246.wav,"आपका नाम क्या है"
/home/data/raw/hindi/audio/hi_03247.wav,"मैं कल बाजार जाऊँगा"
/home/data/raw/hindi/audio/hi_03248.wav,"हमें सच बोलना चाहिए"
/home/data/raw/hindi/audio/hi_03249.wav,"यह ट्रेन कब रवाना होगी"
/home/data/raw/hindi/audio/hi_03250.wav,"सूर्य पूर्व से उदय होता है"
/home/data/raw/hindi/audio/hi_03251.wav,"आप कैसे हैं"
/home/data/raw/hindi/audio/hi_03252.wav,"वैज्ञानिकों ने एक नई खोज की है"
/home/data/raw/hindi/audio/hi_03253.wav,"मुझे हिंदी बोलना बहुत पसंद है"
/home/data/raw/hindi/audio/hi_03254.wav,"शिक्षा सफलता की कुंजी है"
/home/data/raw/hindi/audio/hi_03255.wav,"आज की ताजा खबर क्या है"
/home/data/raw/hindi/audio/hi_03256.wav,"उन्होंने अपनी पढ़ाई पूरी कर ली है"
/home/data/raw/hindi/audio/hi_03257.wav,"क्या आपके पास कोई सवाल है"
/home/data/raw/hindi/audio/hi_03258.wav,"यह एक बहुत ही खूबसूरत जगह है"
/home/data/raw/hindi/audio/hi_03259.wav,"हम सभी को पर्यावरण की रक्षा करनी चाहिए"
/home/data/raw/hindi/audio/hi_03260.wav,"वह बहुत मेहनती लड़का है"
/home/data/raw/hindi/audio/hi_03261.wav,"मुझे एक गिलास पानी चाहिए"
/home/data/raw/hindi/audio/hi_03262.wav,"डिजिटल इंडिया एक महत्वपूर्ण पहल है"
/home/data/raw/hindi/audio/hi_03263.wav,"खेलना बच्चों के लिए अच्छा है"
/home/data/raw/hindi/audio/hi_03264.wav,"मैं आपकी बात से सहमत हूँ"
/home/data/raw/hindi/audio/hi_03265.wav,"समय बहुत मूल्यवान है"
/home/data/raw/hindi/audio/hi_03266.wav,"भारत एक विविध देश है"
/home/data/raw/hindi/audio/hi_03267.wav,"कृपया यहाँ हस्ताक्षर करें"
/home/data/raw/hindi/audio/hi_03268.wav,"यह मेरी समझ से बाहर है"
/home/data/raw/hindi/audio/hi_03269.wav,"उन्होंने एक नया रिकॉर्ड बनाया"
/home/data/raw/hindi/audio/hi_03270.wav,"शुभकामनाएं"
/home/data/raw/hindi/audio/hi_03271.wav,"नमस्ते आज मौसम बहुत अच्छा है"
/home/data/raw/hindi/audio/hi_03272.wav,"भारत की राजधानी नई दिल्ली है"
/home/data/raw/hindi/audio/hi_03273.wav,"क्या आप मेरी मदद कर सकते हैं"
/home/data/raw/hindi/audio/hi_03274.wav,"यह एक परीक्षण है"
/home/data/raw/hindi/audio/hi_03275.wav,"कृपया धीरे बोलें मुझे समझ नहीं आ रहा है"
/home/data/raw/hindi/audio/hi_03276.wav,"आपका नाम क्या है"
/home/data/raw/hindi/audio/hi_03277.wav,"मैं कल बाजार जाऊँगा"
/home/data/raw/hindi/audio/hi_03278.wav,"हमें सच बोलना चाहिए"
/home/data/raw/hindi/audio/hi_03279.wav,"यह ट्रेन कब रवाना होगी"
/home/data/raw/hindi/audio/hi_03280.wav,"सूर्य पूर्व से उदय होता है"
/home/data/raw/hindi/audio/hi_03281.wav,"आप कैसे हैं"
/home/data/raw/hindi/audio/hi_03282.wav,"वैज्ञानिकों ने एक नई खोज की है"
/home/data/raw/hindi/audio/hi_03283.wav,"मुझे हिंदी बोलना बहुत पसंद है"
/home/data/raw/hindi/audio/hi_03284.wav,"शिक्षा सफलता की कुंजी है"
/home/data/raw/hindi/audio/hi_03285.wav,"आज की ताजा खबर क्या है"
/home/data/raw/hindi/audio/hi_03286.wav,"उन्होंने अपनी पढ़ाई पूरी कर ली है"
/home/data/raw/hindi/audio/hi_03287.wav,"क्या आपके पास कोई सवाल है"
/home/data/raw/hindi/audio/hi_03288.wav,"यह एक बहुत ही खूबसूरत जगह है"
/home/data/raw/hindi/audio/hi_03289.wav,"हम सभी को पर्यावरण की रक्षा करनी चाहिए"
/home/data/raw/hindi/audio/hi_03290.wav,"वह बहुत मेहनती लड़का है"
/home/data/raw/hindi/audio/hi_03291.wav,"मुझे एक गिलास पानी चाहिए"
/home/data/raw/hindi/audio/hi_03292.wav,"डिजिटल इंडिया एक महत्वपूर्ण पहल है"
/home/data/raw/hindi/audio/hi_03293.wav,"खेलना बच्चों के लिए अच्छा है"
/home/data/raw/hindi/audio/hi_03294.wav,"मैं आपकी बात से सहमत हूँ"
/home/data/raw/hindi/audio/hi_03295.wav,"समय बहुत मूल्यवान है"
/home/data/raw/hindi/audio/hi_03296.wav,"भारत एक विविध देश है"
/home/data/raw/hindi/audio/hi_03297.wav,"कृपया यहाँ हस्ताक्षर करें"
/home/data/raw/hindi/audio/hi_03298.wav,"यह मेरी समझ से बाहर है"
/home/data/raw/hindi/audio/hi_03299.wav,"उन्होंने एक नया रिकॉर्ड बनाया"
/home/data/raw/hindi/audio/hi_03300.wav,"शुभकामनाएं"
/home/data/raw/hindi/audio/hi_03301.wav,"नमस्ते आज मौसम बहुत अच्छा है"
/home/data/raw/hindi/audio/hi_03302.wav,"भारत की राजधानी नई दिल्ली है"
/home/data/raw/hindi/audio/hi_03303.wav,"क्या आप मेरी मदद कर सकते हैं"
/home/data/raw/hindi/audio/hi_03304.wav,"यह एक परीक्षण है"
/home/data/raw/hindi/audio/hi_03305.wav,"कृपया धीरे बोलें मुझे समझ नहीं आ रहा है"
/home/data/raw/hindi/audio/hi_03306.wav,"आपका नाम क्या है"
/home/data/raw/hindi/audio/hi_03307.wav,"मैं कल बाजार जाऊँगा"
/home/data/raw/hindi/audio/hi_03308.wav,"हमें सच बोलना चाहिए"
/home/data/raw/hindi/audio/hi_03309.wav,"यह ट्रेन कब रवाना होगी"
/home/data/raw/hindi/audio/hi_03310.wav,"सूर्य पूर्व से उदय होता है"
/home/data/raw/hindi/audio/hi_03311.wav,"आप कैसे हैं"
/home/data/raw/hindi/audio/hi_03312.wav,"वैज्ञानिकों ने एक नई खोज की है"
/home/data/raw/hindi/audio/hi_03313.wav,"मुझे हिंदी बोलना बहुत पसंद है"
/home/data/raw/hindi/audio/hi_03314.wav,"शिक्षा सफलता की कुंजी है"
/home/data/raw/hindi/audio/hi_03315.wav,"आज की ताजा खबर क्या है"
/home/data/raw/hindi/audio/hi_03316.wav,"उन्होंने अपनी पढ़ाई पूरी कर ली है"
/home/data/raw/hindi/audio/hi_03317.wav,"क्या आपके पास कोई सवाल है"
/home/data/raw/hindi/audio/hi_03318.wav,"यह एक बहुत ही खूबसूरत जगह है"
/home/data/raw/hindi/audio/hi_03319.wav,"हम सभी को पर्यावरण की रक्षा करनी चाहिए"
/home/data/raw/hindi/audio/hi_03320.wav,"वह बहुत मेहनती लड़का है"
/home/data/raw/hindi/audio/hi_03321.wav,"मुझे एक गिलास पानी चाहिए"
/home/data/raw/hindi/audio/hi_03322.wav,"डिजिटल इंडिया एक महत्वपूर्ण पहल है"
/home/data/raw/hindi/audio/hi_03323.wav,"खेलना बच्चों के लिए अच्छा है"
/home/data/raw/hindi/audio/hi_03324.wav,"मैं आपकी बात से सहमत हूँ"
/home/data/raw/hindi/audio/hi_03325.wav,"समय बहुत मूल्यवान है"
/home/data/raw/hindi/audio/hi_03326.wav,"भारत एक विविध देश है"
/home/data/raw/hindi/audio/hi_03327.wav,"कृपया यहाँ हस्ताक्षर करें"
/home/data/raw/hindi/audio/hi_03328.wav,"यह मेरी समझ से बाहर है"
/home/data/raw/hindi/audio/hi_03329.wav,"उन्होंने एक नया रिकॉर्ड बनाया"
/home/data/raw/hindi/audio/hi_03330.wav,"शुभकामनाएं"
/home/data/raw/hindi/audio/hi_03331.wav,"नमस्ते आज मौसम बहुत अच्छा है"
/home/data/raw/hindi/audio/hi_03332.wav,"भारत की राजधानी नई दिल्ली है"
/home/data/raw/hindi/audio/hi_03333.wav,"क्या आप मेरी मदद कर सकते हैं"
/home/data/raw/hindi/audio/hi_03334.wav,"यह एक परीक्षण है"
/home/data/raw/hindi/audio/hi_03335.wav,"कृपया धीरे बोलें मुझे समझ नहीं आ रहा है"
/home/data/raw/hindi/audio/hi_03336.wav,"आपका नाम क्या है"
/home/data/raw/hindi/audio/hi_03337.wav,"मैं कल बाजार जाऊँगा"
/home/data/raw/hindi/audio/hi_03338.wav,"हमें सच बोलना चाहिए"
/home/data/raw/hindi/audio/hi_03339.wav,"यह ट्रेन कब रवाना होगी"
/home/data/raw/hindi/audio/hi_03340.wav,"सूर्य पूर्व से उदय होता है"
/home/data/raw/hindi/audio/hi_03341.wav,"आप कैसे हैं"
/home/data/raw/hindi/audio/hi_03342.wav,"वैज्ञानिकों ने एक नई खोज की है"
/home/data/raw/hindi/audio/hi_03343.wav,"मुझे हिंदी बोलना बहुत पसंद है"
/home/data/raw/hindi/audio/hi_03344.wav,"शिक्षा सफलता की कुंजी है"
/home/data/raw/hindi/audio/hi_03345.wav,"आज की ताजा खबर क्या है"
/home/data/raw/hindi/audio/hi_03346.wav,"उन्होंने अपनी पढ़ाई पूरी कर ली है"
/home/data/raw/hindi/audio/hi_03347.wav,"क्या आपके पास कोई सवाल है"
/home/data/raw/hindi/audio/hi_03348.wav,"यह एक बहुत ही खूबसूरत जगह है"
/home/data/raw/hindi/audio/hi_03349.wav,"हम सभी को पर्यावरण की रक्षा करनी चाहिए"
/home/data/raw/hindi/audio/hi_03350.wav,"वह बहुत मेहनती लड़का है"
/home/data/raw/hindi/audio/hi_03351.wav,"मुझे एक गिलास पानी चाहिए"
/home/data/raw/hindi/audio/hi_03352.wav,"डिजिटल इंडिया एक महत्वपूर्ण पहल है"
/home/data/raw/hindi/audio/hi_03353.wav,"खेलना बच्चों के लिए अच्छा है"
/home/data/raw/hindi/audio/hi_03354.wav,"मैं आपकी बात से सहमत हूँ"
/home/data/raw/hindi/audio/hi_03355.wav,"समय बहुत मूल्यवान है"
/home/data/raw/hindi/audio/hi_03356.wav,"भारत एक विविध देश है"
/home/data/raw/hindi/audio/hi_03357.wav,"कृपया यहाँ हस्ताक्षर करें"
/home/data/raw/hindi/audio/hi_03358.wav,"यह मेरी समझ से बाहर है"
/home/data/raw/hindi/audio/hi_03359.wav,"उन्होंने एक नया रिकॉर्ड बनाया"
/home/data/raw/hindi/audio/hi_03360.wav,"शुभकामनाएं"
/home/data/raw/hindi/audio/hi_03361.wav,"नमस्ते आज मौसम बहुत अच्छा है"
/home/data/raw/hindi/audio/hi_03362.wav,"भारत की राजधानी नई दिल्ली है"
/home/data/raw/hindi/audio/hi_03363.wav,"क्या आप मेरी मदद कर सकते हैं"
/home/data/raw/hindi/audio/hi_03364.wav,"यह एक परीक्षण है"
/home/data/raw/hindi/audio/hi_03365.wav,"कृपया धीरे बोलें मुझे समझ नहीं आ रहा है"
/home/data/raw/hindi/audio/hi_03366.wav,"आपका नाम क्या है"
/home/data/raw/hindi/audio/hi_03367.wav,"मैं कल बाजार जाऊँगा"
/home/data/raw/hindi/audio/hi_03368.wav,"हमें सच बोलना चाहिए"
/home/data/raw/hindi/audio/hi_03369.wav,"यह ट्रेन कब रवाना होगी"
/home/data/raw/hindi/audio/hi_03370.wav,"सूर्य पूर्व से उदय होता है"
/home/data/raw/hindi/audio/hi_03371.wav,"आप कैसे हैं"
/home/data/raw/hindi/audio/hi_03372.wav,"वैज्ञानिकों ने एक नई खोज की है"
/home/data/raw/hindi/audio/hi_03373.wav,"मुझे हिंदी बोलना बहुत पसंद है"
/home/data/raw/hindi/audio/hi_03374.wav,"शिक्षा सफलता की कुंजी है"
/home/data/raw/hindi/audio/hi_03375.wav,"आज की ताजा खबर क्या है"
/home/data/raw/hindi/audio/hi_03376.wav,"उन्होंने अपनी पढ़ाई पूरी कर ली है"
/home/data/raw/hindi/audio/hi_03377.wav,"क्या आपके पास कोई सवाल है"
/home/data/raw/hindi/audio/hi_03378.wav,"यह एक बहुत ही खूबसूरत जगह है"
/home/data/raw/hindi/audio/hi_03379.wav,"हम सभी को पर्यावरण की रक्षा करनी चाहिए"
/home/data/raw/hindi/audio/hi_03380.wav,"वह बहुत मेहनती लड़का है"
/home/data/raw/hindi/audio/hi_03381.wav,"मुझे एक गिलास पानी चाहिए"
/home/data/raw/hindi/audio/hi_03382.wav,"डिजिटल इंडिया एक महत्वपूर्ण पहल है"
/home/data/raw/hindi/audio/hi_03383.wav,"खेलना बच्चों के लिए अच्छा है"
/home/data/raw/hindi/audio/hi_03384.wav,"मैं आपकी बात से सहमत हूँ"
/home/data/raw/hindi/audio/hi_03385.wav,"समय बहुत मूल्यवान है"
/home/data/raw/hindi/audio/hi_03386.wav,"भारत एक विविध देश है"
/home/data/raw/hindi/audio/hi_03387.wav,"कृपया यहाँ हस्ताक्षर करें"
/home/data/raw/hindi/audio/hi_03388.wav,"यह मेरी समझ से बाहर है"
/home/data/raw/hindi/audio/hi_03389.wav,"उन्होंने एक नया रिकॉर्ड बनाया"
/home/data/raw/hindi/audio/hi_03390.wav,"शुभकामनाएं"
/home/data/raw/hindi/audio/hi_03391.wav,"नमस्ते आज मौसम बहुत अच्छा है"
/home/data/raw/hindi/audio/hi_03392.wav,"भारत की राजधानी नई दिल्ली है"
/home/data/raw/hindi/audio/hi_03393.wav,"क्या आप मेरी मदद कर सकते हैं"
/home/data/raw/hindi/audio/hi_03394.wav,"यह एक परीक्षण है"
/home/data/raw/hindi/audio/hi_03395.wav,"कृपया धीरे बोलें मुझे समझ नहीं आ रहा है"
/home/data/raw/hindi/audio/hi_03396.wav,"आपका नाम क्या है"
/home/data/raw/hindi/audio/hi_03397.wav,"मैं कल बाजार जाऊँगा"
/home/data/raw/hindi/audio/hi_03398.wav,"हमें सच बोलना चाहिए"
/home/data/raw/hindi/audio/hi_03399.wav,"यह ट्रेन कब रवाना होगी"
/home/data/raw/hindi/audio/hi_03400.wav,"सूर्य पूर्व से उदय होता है"
/home/data/raw/hindi/audio/hi_03401.wav,"आप कैसे हैं"
/home/data/raw/hindi/audio/hi_03402.wav,"वैज्ञानिकों ने एक नई खोज की है"
/home/data/raw/hindi/audio/hi_03403.wav,"मुझे हिंदी बोलना बहुत पसंद है"
/home/data/raw/hindi/audio/hi_03404.wav,"शिक्षा सफलता की कुंजी है"
/home/data/raw/hindi/audio/hi_03405.wav,"आज की ताजा खबर क्या है"
/home/data/raw/hindi/audio/hi_03406.wav,"उन्होंने अपनी पढ़ाई पूरी कर ली है"
/home/data/raw/hindi/audio/hi_03407.wav,"क्या आपके पास कोई सवाल है"
/home/data/raw/hindi/audio/hi_03408.wav,"यह एक बहुत ही खूबसूरत जगह है"
/home/data/raw/hindi/audio/hi_03409.wav,"हम सभी को पर्यावरण की रक्षा करनी चाहिए"
/home/data/raw/hindi/audio/hi_03410.wav,"वह बहुत मेहनती लड़का है"
/home/data/raw/hindi/audio/hi_03411.wav,"मुझे एक गिलास पानी चाहिए"
/home/data/raw/hindi/audio/hi_03412.wav,"डिजिटल इंडिया एक महत्वपूर्ण पहल है"
/home/data/raw/hindi/audio/hi_03413.wav,"खेलना बच्चों के लिए अच्छा है"
/home/data/raw/hindi/audio/hi_03414.wav,"मैं आपकी बात से सहमत हूँ"
/home/data/raw/hindi/audio/hi_03415.wav,"समय बहुत मूल्यवान है"
/home/data/raw/hindi/audio/hi_03416.wav,"भारत एक विविध देश है"
/home/data/raw/hindi/audio/hi_03417.wav,"कृपया यहाँ हस्ताक्षर करें"
/home/data/raw/hindi/audio/hi_03418.wav,"यह मेरी समझ से बाहर है"
/home/data/raw/hindi/audio/hi_03419.wav,"उन्होंने एक नया रिकॉर्ड बनाया"
/home/data/raw/hindi/audio/hi_03420.wav,"शुभकामनाएं"
/home/data/raw/hindi/audio/hi_03421.wav,"नमस्ते आज मौसम बहुत अच्छा है"
/home/data/raw/hindi/audio/hi_03422.wav,"भारत की राजधानी नई दिल्ली है"
/home/data/raw/hindi/audio/hi_03423.wav,"क्या आप मेरी मदद कर सकते हैं"
/home/data/raw/hindi/audio/hi_03424.wav,"यह एक परीक्षण है"
/home/data/raw/hindi/audio/hi_03425.wav,"कृपया धीरे बोलें मुझे समझ नहीं आ रहा है"
/home/data/raw/hindi/audio/hi_03426.wav,"आपका नाम क्या है"
/home/data/raw/hindi/audio/hi_03427.wav,"मैं कल बाजार जाऊँगा"
/home/data/raw/hindi/audio/hi_03428.wav,"हमें सच बोलना चाहिए"
/home/data/raw/hindi/audio/hi_03429.wav,"यह ट्रेन कब रवाना होगी"
/home/data/raw/hindi/audio/hi_03430.wav,"सूर्य पूर्व से उदय होता है"
/home/data/raw/hindi/audio/hi_03431.wav,"आप कैसे हैं"
/home/data/raw/hindi/audio/hi_03432.wav,"वैज्ञानिकों ने एक नई खोज की है"
/home/data/raw/hindi/audio/hi_03433.wav,"मुझे हिंदी बोलना बहुत पसंद है"
/home/data/raw/hindi/audio/hi_03434.wav,"शिक्षा सफलता की कुंजी है"
/home/data/raw/hindi/audio/hi_03435.wav,"आज की ताजा खबर क्या है"
/home/data/raw/hindi/audio/hi_03436.wav,"उन्होंने अपनी पढ़ाई पूरी कर ली है"
/home/data/raw/hindi/audio/hi_03437.wav,"क्या आपके पास कोई सवाल है"
/home/data/raw/hindi/audio/hi_03438.wav,"यह एक बहुत ही खूबसूरत जगह है"
/home/data/raw/hindi/audio/hi_03439.wav,"हम सभी को पर्यावरण की रक्षा करनी चाहिए"
/home/data/raw/hindi/audio/hi_03440.wav,"वह बहुत मेहनती लड़का है"
/home/data/raw/hindi/audio/hi_03441.wav,"मुझे एक गिलास पानी चाहिए"
/home/data/raw/hindi/audio/hi_03442.wav,"डिजिटल इंडिया एक महत्वपूर्ण पहल है"
/home/data/raw/hindi/audio/hi_03443.wav,"खेलना बच्चों के लिए अच्छा है"
/home/data/raw/hindi/audio/hi_03444.wav,"मैं आपकी बात से सहमत हूँ"
/home/data/raw/hindi/audio/hi_03445.wav,"समय बहुत मूल्यवान है"
/home/data/raw/hindi/audio/hi_03446.wav,"भारत एक विविध देश है"
/home/data/raw/hindi/audio/hi_03447.wav,"कृपया यहाँ हस्ताक्षर करें"
/home/data/raw/hindi/audio/hi_03448.wav,"यह मेरी समझ से बाहर है"
/home/data/raw/hindi/audio/hi_03449.wav,"उन्होंने एक नया रिकॉर्ड बनाया"
/home/data/raw/hindi/audio/hi_03450.wav,"शुभकामनाएं"
/home/data/raw/hindi/audio/hi_03451.wav,"नमस्ते आज मौसम बहुत अच्छा है"
/home/data/raw/hindi/audio/hi_03452.wav,"भारत की राजधानी नई दिल्ली है"
/home/data/raw/hindi/audio/hi_03453.wav,"क्या आप मेरी मदद कर सकते हैं"
/home/data/raw/hindi/audio/hi_03454.wav,"यह एक परीक्षण है"
/home/data/raw/hindi/audio/hi_03455.wav,"कृपया धीरे बोलें मुझे समझ नहीं आ रहा है"
/home/data/raw/hindi/audio/hi_03456.wav,"आपका नाम क्या है"
/home/data/raw/hindi/audio/hi_03457.wav,"मैं कल बाजार जाऊँगा"
/home/data/raw/hindi/audio/hi_03458.wav,"हमें सच बोलना चाहिए"
/home/data/raw/hindi/audio/hi_03459.wav,"यह ट्रेन कब रवाना होगी"
/home/data/raw/hindi/audio/hi_03460.wav,"सूर्य पूर्व से उदय होता है"
/home/data/raw/hindi/audio/hi_03461.wav,"आप कैसे हैं"
/home/data/raw/hindi/audio/hi_03462.wav,"वैज्ञानिकों ने एक नई खोज की है"
/home/data/raw/hindi/audio/hi_03463.wav,"मुझे हिंदी बोलना बहुत पसंद है"
/home/data/raw/hindi/audio/hi_03464.wav,"शिक्षा सफलता की कुंजी है"
/home/data/raw/hindi/audio/hi_03465.wav,"आज की ताजा खबर क्या है"
/home/data/raw/hindi/audio/hi_03466.wav,"उन्होंने अपनी पढ़ाई पूरी कर ली है"
/home/data/raw/hindi/audio/hi_03467.wav,"क्या आपके पास कोई सवाल है"
/home/data/raw/hindi/audio/hi_03468.wav,"यह एक बहुत ही खूबसूरत जगह है"
/home/data/raw/hindi/audio/hi_03469.wav,"हम सभी को पर्यावरण की रक्षा करनी चाहिए"
/home/data/raw/hindi/audio/hi_03470.wav,"वह बहुत मेहनती लड़का है"
/home/data/raw/hindi/audio/hi_03471.wav,"मुझे एक गिलास पानी चाहिए"
/home/data/raw/hindi/audio/hi_03472.wav,"डिजिटल इंडिया एक महत्वपूर्ण पहल है"
/home/data/raw/hindi/audio/hi_03473.wav,"खेलना बच्चों के लिए अच्छा है"
/home/data/raw/hindi/audio/hi_03474.wav,"मैं आपकी बात से सहमत हूँ"
/home/data/raw/hindi/audio/hi_03475.wav,"समय बहुत मूल्यवान है"
/home/data/raw/hindi/audio/hi_03476.wav,"भारत एक विविध देश है"
/home/data/raw/hindi/audio/hi_03477.wav,"कृपया यहाँ हस्ताक्षर करें"
/home/data/raw/hindi/audio/hi_03478.wav,"यह मेरी समझ से बाहर है"
/home/data/raw/hindi/audio/hi_03479.wav,"उन्होंने एक नया रिकॉर्ड बनाया"
/home/data/raw/hindi/audio/hi_03480.wav,"शुभकामनाएं"
/home/data/raw/hindi/audio/hi_03481.wav,"नमस्ते आज मौसम बहुत अच्छा है"
/home/data/raw/hindi/audio/hi_03482.wav,"भारत की राजधानी नई दिल्ली है"
/home/data/raw/hindi/audio/hi_03483.wav,"क्या आप मेरी मदद कर सकते हैं"
/home/data/raw/hindi/audio/hi_03484.wav,"यह एक परीक्षण है"
/home/data/raw/hindi/audio/hi_03485.wav,"कृपया धीरे बोलें मुझे समझ नहीं आ रहा है"
/home/data/raw/hindi/audio/hi_03486.wav,"आपका नाम क्या है"
/home/data/raw/hindi/audio/hi_03487.wav,"मैं कल बाजार जाऊँगा"
/home/data/raw/hindi/audio/hi_03488.wav,"हमें सच बोलना चाहिए"
/home/data/raw/hindi/audio/hi_03489.wav,"यह ट्रेन कब रवाना होगी"
/home/data/raw/hindi/audio/hi_03490.wav,"सूर्य पूर्व से उदय होता है"
/home/data/raw/hindi/audio/hi_03491.wav,"आप कैसे हैं"
/home/data/raw/hindi/audio/hi_03492.wav,"वैज्ञानिकों ने एक नई खोज की है"
/home/data/raw/hindi/audio/hi_03493.wav,"मुझे हिंदी बोलना बहुत पसंद है"
/home/data/raw/hindi/audio/hi_03494.wav,"शिक्षा सफलता की कुंजी है"
/home/data/raw/hindi/audio/hi_03495.wav,"आज की ताजा खबर क्या है"
/home/data/raw/hindi/audio/hi_03496.wav,"उन्होंने अपनी पढ़ाई पूरी कर ली है"
/home/data/raw/hindi/audio/hi_03497.wav,"क्या आपके पास कोई सवाल है"
/home/data/raw/hindi/audio/hi_03498.wav,"यह एक बहुत ही खूबसूरत जगह है"
/home/data/raw/hindi/audio/hi_03499.wav,"हम सभी को पर्यावरण की रक्षा करनी चाहिए"
/home/data/raw/hindi/audio/hi_03500.wav,"वह बहुत मेहनती लड़का है"
/home/data/raw/hindi/audio/hi_03501.wav,"मुझे एक गिलास पानी चाहिए"
/home/data/raw/hindi/audio/hi_03502.wav,"डिजिटल इंडिया एक महत्वपूर्ण पहल है"
/home/data/raw/hindi/audio/hi_03503.wav,"खेलना बच्चों के लिए अच्छा है"
/home/data/raw/hindi/audio/hi_03504.wav,"मैं आपकी बात से सहमत हूँ"
/home/data/raw/hindi/audio/hi_03505.wav,"समय बहुत मूल्यवान है"
/home/data/raw/hindi/audio/hi_03506.wav,"भारत एक विविध देश है"
/home/data/raw/hindi/audio/hi_03507.wav,"कृपया यहाँ हस्ताक्षर करें"
/home/data/raw/hindi/audio/hi_03508.wav,"यह मेरी समझ से बाहर है"
/home/data/raw/hindi/audio/hi_03509.wav,"उन्होंने एक नया रिकॉर्ड बनाया"
/home/data/raw/hindi/audio/hi_03510.wav,"शुभकामनाएं"
/home/data/raw/hindi/audio/hi_03511.wav,"नमस्ते आज मौसम बहुत अच्छा है"
/home/data/raw/hindi/audio/hi_03512.wav,"भारत की राजधानी नई दिल्ली है"
/home/data/raw/hindi/audio/hi_03513.wav,"क्या आप मेरी मदद कर सकते हैं"
/home/data/raw/hindi/audio/hi_03514.wav,"यह एक परीक्षण है"
/home/data/raw/hindi/audio/hi_03515.wav,"कृपया धीरे बोलें मुझे समझ नहीं आ रहा है"
/home/data/raw/hindi/audio/hi_03516.wav,"आपका नाम क्या है"
/home/data/raw/hindi/audio/hi_03517.wav,"मैं कल बाजार जाऊँगा"
/home/data/raw/hindi/audio/hi_03518.wav,"हमें सच बोलना चाहिए"
/home/data/raw/hindi/audio/hi_03519.wav,"यह ट्रेन कब रवाना होगी"
/home/data/raw/hindi/audio/hi_03520.wav,"सूर्य पूर्व से उदय होता है"
/home/data/raw/hindi/audio/hi_03521.wav,"आप कैसे हैं"
/home/data/raw/hindi/audio/hi_03522.wav,"वैज्ञानिकों ने एक नई खोज की है"
/home/data/raw/hindi/audio/hi_03523.wav,"मुझे हिंदी बोलना बहुत पसंद है"
/home/data/raw/hindi/audio/hi_03524.wav,"शिक्षा सफलता की कुंजी है"
/home/data/raw/hindi/audio/hi_03525.wav,"आज की ताजा खबर क्या है"
/home/data/raw/hindi/audio/hi_03526.wav,"उन्होंने अपनी पढ़ाई पूरी कर ली है"
/home/data/raw/hindi/audio/hi_03527.wav,"क्या आपके पास कोई सवाल है"
/home/data/raw/hindi/audio/hi_03528.wav,"यह एक बहुत ही खूबसूरत जगह है"
/home/data/raw/hindi/audio/hi_03529.wav,"हम सभी को पर्यावरण की रक्षा करनी चाहिए"
/home/data/raw/hindi/audio/hi_03530.wav,"वह बहुत मेहनती लड़का है"
/home/data/raw/hindi/audio/hi_03531.wav,"मुझे एक गिलास पानी चाहिए"
/home/data/raw/hindi/audio/hi_03532.wav,"डिजिटल इंडिया एक महत्वपूर्ण पहल है"
/home/data/raw/hindi/audio/hi_03533.wav,"खेलना बच्चों के लिए अच्छा है"
/home/data/raw/hindi/audio/hi_03534.wav,"मैं आपकी बात से सहमत हूँ"
/home/data/raw/hindi/audio/hi_03535.wav,"समय बहुत मूल्यवान है"
/home/data/raw/hindi/audio/hi_03536.wav,"भारत एक विविध देश है"
/home/data/raw/hindi/audio/hi_03537.wav,"कृपया यहाँ हस्ताक्षर करें"
/home/data/raw/hindi/audio/hi_03538.wav,"यह मेरी समझ से बाहर है"
/home/data/raw/hindi/audio/hi_03539.wav,"उन्होंने एक नया रिकॉर्ड बनाया"
/home/data/raw/hindi/audio/hi_03540.wav,"शुभकामनाएं"
/home/data/raw/hindi/audio/hi_03541.wav,"नमस्ते आज मौसम बहुत अच्छा है"
/home/data/raw/hindi/audio/hi_03542.wav,"भारत की राजधानी नई दिल्ली है"
/home/data/raw/hindi/audio/hi_03543.wav,"क्या आप मेरी मदद कर सकते हैं"
/home/data/raw/hindi/audio/hi_03544.wav,"यह एक परीक्षण है"
/home/data/raw/hindi/audio/hi_03545.wav,"कृपया धीरे बोलें मुझे समझ नहीं आ रहा है"
/home/data/raw/hindi/audio/hi_03546.wav,"आपका नाम क्या है"
/home/data/raw/hindi/audio/hi_03547.wav,"मैं कल बाजार जाऊँगा"
/home/data/raw/hindi/audio/hi_03548.wav,"हमें सच बोलना चाहिए"
/home/data/raw/hindi/audio/hi_03549.wav,"यह ट्रेन कब रवाना होगी"
/home/data/raw/hindi/audio/hi_03550.wav,"सूर्य पूर्व से उदय होता है"
/home/data/raw/hindi/audio/hi_03551.wav,"आप कैसे हैं"
/home/data/raw/hindi/audio/hi_03552.wav,"वैज्ञानिकों ने एक नई खोज की है"
/home/data/raw/hindi/audio/hi_03553.wav,"मुझे हिंदी बोलना बहुत पसंद है"
/home/data/raw/hindi/audio/hi_03554.wav,"शिक्षा सफलता की कुंजी है"
/home/data/raw/hindi/audio/hi_03555.wav,"आज की ताजा खबर क्या है"
/home/data/raw/hindi/audio/hi_03556.wav,"उन्होंने अपनी पढ़ाई पूरी कर ली है"
/home/data/raw/hindi/audio/hi_03557.wav,"क्या आपके पास कोई सवाल है"
/home/data/raw/hindi/audio/hi_03558.wav,"यह एक बहुत ही खूबसूरत जगह है"
/home/data/raw/hindi/audio/hi_03559.wav,"हम सभी को पर्यावरण की रक्षा करनी चाहिए"
/home/data/raw/hindi/audio/hi_03560.wav,"वह बहुत मेहनती लड़का है"
/home/data/raw/hindi/audio/hi_03561.wav,"मुझे एक गिलास पानी चाहिए"
/home/data/raw/hindi/audio/hi_03562.wav,"डिजिटल इंडिया एक महत्वपूर्ण पहल है"
/home/data/raw/hindi/audio/hi_03563.wav,"खेलना बच्चों के लिए अच्छा है"
/home/data/raw/hindi/audio/hi_03564.wav,"मैं आपकी बात से सहमत हूँ"
/home/data/raw/hindi/audio/hi_03565.wav,"समय बहुत मूल्यवान है"
/home/data/raw/hindi/audio/hi_03566.wav,"भारत एक विविध देश है"
/home/data/raw/hindi/audio/hi_03567.wav,"कृपया यहाँ हस्ताक्षर करें"
/home/data/raw/hindi/audio/hi_03568.wav,"यह मेरी समझ से बाहर है"
/home/data/raw/hindi/audio/hi_03569.wav,"उन्होंने एक नया रिकॉर्ड बनाया"
/home/data/raw/hindi/audio/hi_03570.wav,"शुभकामनाएं"
/home/data/raw/hindi/audio/hi_03571.wav,"नमस्ते आज मौसम बहुत अच्छा है"
/home/data/raw/hindi/audio/hi_03572.wav,"भारत की राजधानी नई दिल्ली है"
/home/data/raw/hindi/audio/hi_03573.wav,"क्या आप मेरी मदद कर सकते हैं"
/home/data/raw/hindi/audio/hi_03574.wav,"यह एक परीक्षण है"
/home/data/raw/hindi/audio/hi_03575.wav,"कृपया धीरे बोलें मुझे समझ नहीं आ रहा है"
/home/data/raw/hindi/audio/hi_03576.wav,"आपका नाम क्या है"
/home/data/raw/hindi/audio/hi_03577.wav,"मैं कल बाजार जाऊँगा"
/home/data/raw/hindi/audio/hi_03578.wav,"हमें सच बोलना चाहिए"
/home/data/raw/hindi/audio/hi_03579.wav,"यह ट्रेन कब रवाना होगी"
/home/data/raw/hindi/audio/hi_03580.wav,"सूर्य पूर्व से उदय होता है"
/home/data/raw/hindi/audio/hi_03581.wav,"आप कैसे हैं"
/home/data/raw/hindi/audio/hi_03582.wav,"वैज्ञानिकों ने एक नई खोज की है"
/home/data/raw/hindi/audio/hi_03583.wav,"मुझे हिंदी बोलना बहुत पसंद है"
/home/data/raw/hindi/audio/hi_03584.wav,"शिक्षा सफलता की कुंजी है"
/home/data/raw/hindi/audio/hi_03585.wav,"आज की ताजा खबर क्या है"
/home/data/raw/hindi/audio/hi_03586.wav,"उन्होंने अपनी पढ़ाई पूरी कर ली है"
/home/data/raw/hindi/audio/hi_03587.wav,"क्या आपके पास कोई सवाल है"
/home/data/raw/hindi/audio/hi_03588.wav,"यह एक बहुत ही खूबसूरत जगह है"
/home/data/raw/hindi/audio/hi_03589.wav,"हम सभी को पर्यावरण की रक्षा करनी चाहिए"
/home/data/raw/hindi/audio/hi_03590.wav,"वह बहुत मेहनती लड़का है"
/home/data/raw/hindi/audio/hi_03591.wav,"मुझे एक गिलास पानी चाहिए"
/home/data/raw/hindi/audio/hi_03592.wav,"डिजिटल इंडिया एक महत्वपूर्ण पहल है"
/home/data/raw/hindi/audio/hi_03593.wav,"खेलना बच्चों के लिए अच्छा है"
/home/data/raw/hindi/audio/hi_03594.wav,"मैं आपकी बात से सहमत हूँ"
/home/data/raw/hindi/audio/hi_03595.wav,"समय बहुत मूल्यवान है"
/home/data/raw/hindi/audio/hi_03596.wav,"भारत एक विविध देश है"
/home/data/raw/hindi/audio/hi_03597.wav,"कृपया यहाँ हस्ताक्षर करें"
/home/data/raw/hindi/audio/hi_03598.wav,"यह मेरी समझ से बाहर है"
/home/data/raw/hindi/audio/hi_03599.wav,"उन्होंने एक नया रिकॉर्ड बनाया"
/home/data/raw/hindi/audio/hi_03600.wav,"शुभकामनाएं"
/home/data/raw/hindi/audio/hi_03601.wav,"नमस्ते आज मौसम बहुत अच्छा है"
/home/data/raw/hindi/audio/hi_03602.wav,"भारत की राजधानी नई दिल्ली है"
/home/data/raw/hindi/audio/hi_03603.wav,"क्या आप मेरी मदद कर सकते हैं"
/home/data/raw/hindi/audio/hi_03604.wav,"यह एक परीक्षण है"
/home/data/raw/hindi/audio/hi_03605.wav,"कृपया धीरे बोलें मुझे समझ नहीं आ रहा है"
/home/data/raw/hindi/audio/hi_03606.wav,"आपका नाम क्या है"
/home/data/raw/hindi/audio/hi_03607.wav,"मैं कल बाजार जाऊँगा"
/home/data/raw/hindi/audio/hi_03608.wav,"हमें सच बोलना चाहिए"
/home/data/raw/hindi/audio/hi_03609.wav,"यह ट्रेन कब रवाना होगी"
/home/data/raw/hindi/audio/hi_03610.wav,"सूर्य पूर्व से उदय होता है"
/home/data/raw/hindi/audio/hi_03611.wav,"आप कैसे हैं"
/home/data/raw/hindi/audio/hi_03612.wav,"वैज्ञानिकों ने एक नई खोज की है"
/home/data/raw/hindi/audio/hi_03613.wav,"मुझे हिंदी बोलना बहुत पसंद है"
/home/data/raw/hindi/audio/hi_03614.wav,"शिक्षा सफलता की कुंजी है"
/home/data/raw/hindi/audio/hi_03615.wav,"आज की ताजा खबर क्या है"
/home/data/raw/hindi/audio/hi_03616.wav,"उन्होंने अपनी पढ़ाई पूरी कर ली है"
/home/data/raw/hindi/audio/hi_03617.wav,"क्या आपके पास कोई सवाल है"
/home/data/raw/hindi/audio/hi_03618.wav,"यह एक बहुत ही खूबसूरत जगह है"
/home/data/raw/hindi/audio/hi_03619.wav,"हम सभी को पर्यावरण की रक्षा करनी चाहिए"
/home/data/raw/hindi/audio/hi_03620.wav,"वह बहुत मेहनती लड़का है"
/home/data/raw/hindi/audio/hi_03621.wav,"मुझे एक गिलास पानी चाहिए"
/home/data/raw/hindi/audio/hi_03622.wav,"डिजिटल इंडिया एक महत्वपूर्ण पहल है"
/home/data/raw/hindi/audio/hi_03623.wav,"खेलना बच्चों के लिए अच्छा है"
/home/data/raw/hindi/audio/hi_03624.wav,"मैं आपकी बात से सहमत हूँ"
/home/data/raw/hindi/audio/hi_03625.wav,"समय बहुत मूल्यवान है"
/home/data/raw/hindi/audio/hi_03626.wav,"भारत एक विविध देश है"
/home/data/raw/hindi/audio/hi_03627.wav,"कृपया यहाँ हस्ताक्षर करें"
/home/data/raw/hindi/audio/hi_03628.wav,"यह मेरी समझ से बाहर है"
/home/data/raw/hindi/audio/hi_03629.wav,"उन्होंने एक नया रिकॉर्ड बनाया"
/home/data/raw/hindi/audio/hi_03630.wav,"शुभकामनाएं"
/home/data/raw/hindi/audio/hi_03631.wav,"नमस्ते आज मौसम बहुत अच्छा है"
/home/data/raw/hindi/audio/hi_03632.wav,"भारत की राजधानी नई दिल्ली है"
/home/data/raw/hindi/audio/hi_03633.wav,"क्या आप मेरी मदद कर सकते हैं"
/home/data/raw/hindi/audio/hi_03634.wav,"यह एक परीक्षण है"
/home/data/raw/hindi/audio/hi_03635.wav,"कृपया धीरे बोलें मुझे समझ नहीं आ रहा है"
/home/data/raw/hindi/audio/hi_03636.wav,"आपका नाम क्या है"
/home/data/raw/hindi/audio/hi_03637.wav,"मैं कल बाजार जाऊँगा"
/home/data/raw/hindi/audio/hi_03638.wav,"हमें सच बोलना चाहिए"
/home/data/raw/hindi/audio/hi_03639.wav,"यह ट्रेन कब रवाना होगी"
/home/data/raw/hindi/audio/hi_03640.wav,"सूर्य पूर्व से उदय होता है"
/home/data/raw/hindi/audio/hi_03641.wav,"आप कैसे हैं"
/home/data/raw/hindi/audio/hi_03642.wav,"वैज्ञानिकों ने एक नई खोज की है"
/home/data/raw/hindi/audio/hi_03643.wav,"मुझे हिंदी बोलना बहुत पसंद है"
/home/data/raw/hindi/audio/hi_03644.wav,"शिक्षा सफलता की कुंजी है"
/home/data/raw/hindi/audio/hi_03645.wav,"आज की ताजा खबर क्या है"
/home/data/raw/hindi/audio/hi_03646.wav,"उन्होंने अपनी पढ़ाई पूरी कर ली है"
/home/data/raw/hindi/audio/hi_03647.wav,"क्या आपके पास कोई सवाल है"
/home/data/raw/hindi/audio/hi_03648.wav,"यह एक बहुत ही खूबसूरत जगह है"
/home/data/raw/hindi/audio/hi_03649.wav,"हम सभी को पर्यावरण की रक्षा करनी चाहिए"
/home/data/raw/hindi/audio/hi_03650.wav,"वह बहुत मेहनती लड़का है"
/home/data/raw/hindi/audio/hi_03651.wav,"मुझे एक गिलास पानी चाहिए"
/home/data/raw/hindi/audio/hi_03652.wav,"डिजिटल इंडिया एक महत्वपूर्ण पहल है"
/home/data/raw/hindi/audio/hi_03653.wav,"खेलना बच्चों के लिए अच्छा है"
/home/data/raw/hindi/audio/hi_03654.wav,"मैं आपकी बात से सहमत हूँ"
/home/data/raw/hindi/audio/hi_03655.wav,"समय बहुत मूल्यवान है"
/home/data/raw/hindi/audio/hi_03656.wav,"भारत एक विविध देश है"
/home/data/raw/hindi/audio/hi_03657.wav,"कृपया यहाँ हस्ताक्षर करें"
/home/data/raw/hindi/audio/hi_03658.wav,"यह मेरी समझ से बाहर है"
/home/data/raw/hindi/audio/hi_03659.wav,"उन्होंने एक नया रिकॉर्ड बनाया"
/home/data/raw/hindi/audio/hi_03660.wav,"शुभकामनाएं"
/home/data/raw/hindi/audio/hi_03661.wav,"नमस्ते आज मौसम बहुत अच्छा है"
/home/data/raw/hindi/audio/hi_03662.wav,"भारत की राजधानी नई दिल्ली है"
/home/data/raw/hindi/audio/hi_03663.wav,"क्या आप मेरी मदद कर सकते हैं"
/home/data/raw/hindi/audio/hi_03664.wav,"यह एक परीक्षण है"
/home/data/raw/hindi/audio/hi_03665.wav,"कृपया धीरे बोलें मुझे समझ नहीं आ रहा है"
/home/data/raw/hindi/audio/hi_03666.wav,"आपका नाम क्या है"
/home/data/raw/hindi/audio/hi_03667.wav,"मैं कल बाजार जाऊँगा"
/home/data/raw/hindi/audio/hi_03668.wav,"हमें सच बोलना चाहिए"
/home/data/raw/hindi/audio/hi_03669.wav,"यह ट्रेन कब रवाना होगी"
/home/data/raw/hindi/audio/hi_03670.wav,"सूर्य पूर्व से उदय होता है"
/home/data/raw/hindi/audio/hi_03671.wav,"आप कैसे हैं"
/home/data/raw/hindi/audio/hi_03672.wav,"वैज्ञानिकों ने एक नई खोज की है"
/home/data/raw/hindi/audio/hi_03673.wav,"मुझे हिंदी बोलना बहुत पसंद है"
/home/data/raw/hindi/audio/hi_03674.wav,"शिक्षा सफलता की कुंजी है"
/home/data/raw/hindi/audio/hi_03675.wav,"आज की ताजा खबर क्या है"
/home/data/raw/hindi/audio/hi_03676.wav,"उन्होंने अपनी पढ़ाई पूरी कर ली है"
/home/data/raw/hindi/audio/hi_03677.wav,"क्या आपके पास कोई सवाल है"
/home/data/raw/hindi/audio/hi_03678.wav,"यह एक बहुत ही खूबसूरत जगह है"
/home/data/raw/hindi/audio/hi_03679.wav,"हम सभी को पर्यावरण की रक्षा करनी चाहिए"
/home/data/raw/hindi/audio/hi_03680.wav,"वह बहुत मेहनती लड़का है"
/home/data/raw/hindi/audio/hi_03681.wav,"मुझे एक गिलास पानी चाहिए"
/home/data/raw/hindi/audio/hi_03682.wav,"डिजिटल इंडिया एक महत्वपूर्ण पहल है"
/home/data/raw/hindi/audio/hi_03683.wav,"खेलना बच्चों के लिए अच्छा है"
/home/data/raw/hindi/audio/hi_03684.wav,"मैं आपकी बात से सहमत हूँ"
/home/data/raw/hindi/audio/hi_03685.wav,"समय बहुत मूल्यवान है"
/home/data/raw/hindi/audio/hi_03686.wav,"भारत एक विविध देश है"
/home/data/raw/hindi/audio/hi_03687.wav,"कृपया यहाँ हस्ताक्षर करें"
/home/data/raw/hindi/audio/hi_03688.wav,"यह मेरी समझ से बाहर है"
/home/data/raw/hindi/audio/hi_03689.wav,"उन्होंने एक नया रिकॉर्ड बनाया"
/home/data/raw/hindi/audio/hi_03690.wav,"शुभकामनाएं"
/home/data/raw/hindi/audio/hi_03691.wav,"नमस्ते आज मौसम बहुत अच्छा है"
/home/data/raw/hindi/audio/hi_03692.wav,"भारत की राजधानी नई दिल्ली है"
/home/data/raw/hindi/audio/hi_03693.wav,"क्या आप मेरी मदद कर सकते हैं"
/home/data/raw/hindi/audio/hi_03694.wav,"यह एक परीक्षण है"
/home/data/raw/hindi/audio/hi_03695.wav,"कृपया धीरे बोलें मुझे समझ नहीं आ रहा है"
/home/data/raw/hindi/audio/hi_03696.wav,"आपका नाम क्या है"
/home/data/raw/hindi/audio/hi_03697.wav,"मैं कल बाजार जाऊँगा"
/home/data/raw/hindi/audio/hi_03698.wav,"हमें सच बोलना चाहिए"
/home/data/raw/hindi/audio/hi_03699.wav,"यह ट्रेन कब रवाना होगी"
/home/data/raw/hindi/audio/hi_03700.wav,"सूर्य पूर्व से उदय होता है"
/home/data/raw/hindi/audio/hi_03701.wav,"आप कैसे हैं"
/home/data/raw/hindi/audio/hi_03702.wav,"वैज्ञानिकों ने एक नई खोज की है"
/home/data/raw/hindi/audio/hi_03703.wav,"मुझे हिंदी बोलना बहुत पसंद है"
/home/data/raw/hindi/audio/hi_03704.wav,"शिक्षा सफलता की कुंजी है"
/home/data/raw/hindi/audio/hi_03705.wav,"आज की ताजा खबर क्या है"
/home/data/raw/hindi/audio/hi_03706.wav,"उन्होंने अपनी पढ़ाई पूरी कर ली है"
/home/data/raw/hindi/audio/hi_03707.wav,"क्या आपके पास कोई सवाल है"
/home/data/raw/hindi/audio/hi_03708.wav,"यह एक बहुत ही खूबसूरत जगह है"
/home/data/raw/hindi/audio/hi_03709.wav,"हम सभी को पर्यावरण की रक्षा करनी चाहिए"
/home/data/raw/hindi/audio/hi_03710.wav,"वह बहुत मेहनती लड़का है"
/home/data/raw/hindi/audio/hi_03711.wav,"मुझे एक गिलास पानी चाहिए"
/home/data/raw/hindi/audio/hi_03712.wav,"डिजिटल इंडिया एक महत्वपूर्ण पहल है"
/home/data/raw/hindi/audio/hi_03713.wav,"खेलना बच्चों के लिए अच्छा है"
/home/data/raw/hindi/audio/hi_03714.wav,"मैं आपकी बात से सहमत हूँ"
/home/data/raw/hindi/audio/hi_03715.wav,"समय बहुत मूल्यवान है"
/home/data/raw/hindi/audio/hi_03716.wav,"भारत एक विविध देश है"
/home/data/raw/hindi/audio/hi_03717.wav,"कृपया यहाँ हस्ताक्षर करें"
/home/data/raw/hindi/audio/hi_03718.wav,"यह मेरी समझ से बाहर है"
/home/data/raw/hindi/audio/hi_03719.wav,"उन्होंने एक नया रिकॉर्ड बनाया"
/home/data/raw/hindi/audio/hi_03720.wav,"शुभकामनाएं"
/home/data/raw/hindi/audio/hi_03721.wav,"नमस्ते आज मौसम बहुत अच्छा है"
/home/data/raw/hindi/audio/hi_03722.wav,"भारत की राजधानी नई दिल्ली है"
/home/data/raw/hindi/audio/hi_03723.wav,"क्या आप मेरी मदद कर सकते हैं"
/home/data/raw/hindi/audio/hi_03724.wav,"यह एक परीक्षण है"
/home/data/raw/hindi/audio/hi_03725.wav,"कृपया धीरे बोलें मुझे समझ नहीं आ रहा है"
/home/data/raw/hindi/audio/hi_03726.wav,"आपका नाम क्या है"
/home/data/raw/hindi/audio/hi_03727.wav,"मैं कल बाजार जाऊँगा"
/home/data/raw/hindi/audio/hi_03728.wav,"हमें सच बोलना चाहिए"
/home/data/raw/hindi/audio/hi_03729.wav,"यह ट्रेन कब रवाना होगी"
/home/data/raw/hindi/audio/hi_03730.wav,"सूर्य पूर्व से उदय होता है"
/home/data/raw/hindi/audio/hi_03731.wav,"आप कैसे हैं"
/home/data/raw/hindi/audio/hi_03732.wav,"वैज्ञानिकों ने एक नई खोज की है"
/home/data/raw/hindi/audio/hi_03733.wav,"मुझे हिंदी बोलना बहुत पसंद है"
/home/data/raw/hindi/audio/hi_03734.wav,"शिक्षा सफलता की कुंजी है"
/home/data/raw/hindi/audio/hi_03735.wav,"आज की ताजा खबर क्या है"
/home/data/raw/hindi/audio/hi_03736.wav,"उन्होंने अपनी पढ़ाई पूरी कर ली है"
/home/data/raw/hindi/audio/hi_03737.wav,"क्या आपके पास कोई सवाल है"
/home/data/raw/hindi/audio/hi_03738.wav,"यह एक बहुत ही खूबसूरत जगह है"
/home/data/raw/hindi/audio/hi_03739.wav,"हम सभी को पर्यावरण की रक्षा करनी चाहिए"
/home/data/raw/hindi/audio/hi_03740.wav,"वह बहुत मेहनती लड़का है"
/home/data/raw/hindi/audio/hi_03741.wav,"मुझे एक गिलास पानी चाहिए"
/home/data/raw/hindi/audio/hi_03742.wav,"डिजिटल इंडिया एक महत्वपूर्ण पहल है"
/home/data/raw/hindi/audio/hi_03743.wav,"खेलना बच्चों के लिए अच्छा है"
/home/data/raw/hindi/audio/hi_03744.wav,"मैं आपकी बात से सहमत हूँ"
/home/data/raw/hindi/audio/hi_03745.wav,"समय बहुत मूल्यवान है"
/home/data/raw/hindi/audio/hi_03746.wav,"भारत एक विविध देश है"
/home/data/raw/hindi/audio/hi_03747.wav,"कृपया यहाँ हस्ताक्षर करें"
/home/data/raw/hindi/audio/hi_03748.wav,"यह मेरी समझ से बाहर है"
/home/data/raw/hindi/audio/hi_03749.wav,"उन्होंने एक नया रिकॉर्ड बनाया"
/home/data/raw/hindi/audio/hi_03750.wav,"शुभकामनाएं"
/home/data/raw/hindi/audio/hi_03751.wav,"नमस्ते आज मौसम बहुत अच्छा है"
/home/data/raw/hindi/audio/hi_03752.wav,"भारत की राजधानी नई दिल्ली है"
/home/data/raw/hindi/audio/hi_03753.wav,"क्या आप मेरी मदद कर सकते हैं"
/home/data/raw/hindi/audio/hi_03754.wav,"यह एक परीक्षण है"
/home/data/raw/hindi/audio/hi_03755.wav,"कृपया धीरे बोलें मुझे समझ नहीं आ रहा है"
/home/data/raw/hindi/audio/hi_03756.wav,"आपका नाम क्या है"
/home/data/raw/hindi/audio/hi_03757.wav,"मैं कल बाजार जाऊँगा"
/home/data/raw/hindi/audio/hi_03758.wav,"हमें सच बोलना चाहिए"
/home/data/raw/hindi/audio/hi_03759.wav,"यह ट्रेन कब रवाना होगी"
/home/data/raw/hindi/audio/hi_03760.wav,"सूर्य पूर्व से उदय होता है"
/home/data/raw/hindi/audio/hi_03761.wav,"आप कैसे हैं"
/home/data/raw/hindi/audio/hi_03762.wav,"वैज्ञानिकों ने एक नई खोज की है"
/home/data/raw/hindi/audio/hi_03763.wav,"मुझे हिंदी बोलना बहुत पसंद है"
/home/data/raw/hindi/audio/hi_03764.wav,"शिक्षा सफलता की कुंजी है"
/home/data/raw/hindi/audio/hi_03765.wav,"आज की ताजा खबर क्या है"
/home/data/raw/hindi/audio/hi_03766.wav,"उन्होंने अपनी पढ़ाई पूरी कर ली है"
/home/data/raw/hindi/audio/hi_03767.wav,"क्या आपके पास कोई सवाल है"
/home/data/raw/hindi/audio/hi_03768.wav,"यह एक बहुत ही खूबसूरत जगह है"
/home/data/raw/hindi/audio/hi_03769.wav,"हम सभी को पर्यावरण की रक्षा करनी चाहिए"
/home/data/raw/hindi/audio/hi_03770.wav,"वह बहुत मेहनती लड़का है"
/home/data/raw/hindi/audio/hi_03771.wav,"मुझे एक गिलास पानी चाहिए"
/home/data/raw/hindi/audio/hi_03772.wav,"डिजिटल इंडिया एक महत्वपूर्ण पहल है"
/home/data/raw/hindi/audio/hi_03773.wav,"खेलना बच्चों के लिए अच्छा है"
/home/data/raw/hindi/audio/hi_03774.wav,"मैं आपकी बात से सहमत हूँ"
/home/data/raw/hindi/audio/hi_03775.wav,"समय बहुत मूल्यवान है"
/home/data/raw/hindi/audio/hi_03776.wav,"भारत एक विविध देश है"
/home/data/raw/hindi/audio/hi_03777.wav,"कृपया यहाँ हस्ताक्षर करें"
/home/data/raw/hindi/audio/hi_03778.wav,"यह मेरी समझ से बाहर है"
/home/data/raw/hindi/audio/hi_03779.wav,"उन्होंने एक नया रिकॉर्ड बनाया"
/home/data/raw/hindi/audio/hi_03780.wav,"शुभकामनाएं"
/home/data/raw/hindi/audio/hi_03781.wav,"नमस्ते आज मौसम बहुत अच्छा है"
/home/data/raw/hindi/audio/hi_03782.wav,"भारत की राजधानी नई दिल्ली है"
/home/data/raw/hindi/audio/hi_03783.wav,"क्या आप मेरी मदद कर सकते हैं"
/home/data/raw/hindi/audio/hi_03784.wav,"यह एक परीक्षण है"
/home/data/raw/hindi/audio/hi_03785.wav,"कृपया धीरे बोलें मुझे समझ नहीं आ रहा है"
/home/data/raw/hindi/audio/hi_03786.wav,"आपका नाम क्या है"
/home/data/raw/hindi/audio/hi_03787.wav,"मैं कल बाजार जाऊँगा"
/home/data/raw/hindi/audio/hi_03788.wav,"हमें सच बोलना चाहिए"
/home/data/raw/hindi/audio/hi_03789.wav,"यह ट्रेन कब रवाना होगी"
/home/data/raw/hindi/audio/hi_03790.wav,"सूर्य पूर्व से उदय होता है"
/home/data/raw/hindi/audio/hi_03791.wav,"आप कैसे हैं"
/home/data/raw/hindi/audio/hi_03792.wav,"वैज्ञानिकों ने एक नई खोज की है"
/home/data/raw/hindi/audio/hi_03793.wav,"मुझे हिंदी बोलना बहुत पसंद है"
/home/data/raw/hindi/audio/hi_03794.wav,"शिक्षा सफलता की कुंजी है"
/home/data/raw/hindi/audio/hi_03795.wav,"आज की ताजा खबर क्या है"
/home/data/raw/hindi/audio/hi_03796.wav,"उन्होंने अपनी पढ़ाई पूरी कर ली है"
/home/data/raw/hindi/audio/hi_03797.wav,"क्या आपके पास कोई सवाल है"
/home/data/raw/hindi/audio/hi_03798.wav,"यह एक बहुत ही खूबसूरत जगह है"
/home/data/raw/hindi/audio/hi_03799.wav,"हम सभी को पर्यावरण की रक्षा करनी चाहिए"
/home/data/raw/hindi/audio/hi_03800.wav,"वह बहुत मेहनती लड़का है"
/home/data/raw/hindi/audio/hi_03801.wav,"मुझे एक गिलास पानी चाहिए"
/home/data/raw/hindi/audio/hi_03802.wav,"डिजिटल इंडिया एक महत्वपूर्ण पहल है"
/home/data/raw/hindi/audio/hi_03803.wav,"खेलना बच्चों के लिए अच्छा है"
/home/data/raw/hindi/audio/hi_03804.wav,"मैं आपकी बात से सहमत हूँ"
/home/data/raw/hindi/audio/hi_03805.wav,"समय बहुत मूल्यवान है"
/home/data/raw/hindi/audio/hi_03806.wav,"भारत एक विविध देश है"
/home/data/raw/hindi/audio/hi_03807.wav,"कृपया यहाँ हस्ताक्षर करें"
/home/data/raw/hindi/audio/hi_03808.wav,"यह मेरी समझ से बाहर है"
/home/data/raw/hindi/audio/hi_03809.wav,"उन्होंने एक नया रिकॉर्ड बनाया"
/home/data/raw/hindi/audio/hi_03810.wav,"शुभकामनाएं"
/home/data/raw/hindi/audio/hi_03811.wav,"नमस्ते आज मौसम बहुत अच्छा है"
/home/data/raw/hindi/audio/hi_03812.wav,"भारत की राजधानी नई दिल्ली है"
/home/data/raw/hindi/audio/hi_03813.wav,"क्या आप मेरी मदद कर सकते हैं"
/home/data/raw/hindi/audio/hi_03814.wav,"यह एक परीक्षण है"
/home/data/raw/hindi/audio/hi_03815.wav,"कृपया धीरे बोलें मुझे समझ नहीं आ रहा है"
/home/data/raw/hindi/audio/hi_03816.wav,"आपका नाम क्या है"
/home/data/raw/hindi/audio/hi_03817.wav,"मैं कल बाजार जाऊँगा"
/home/data/raw/hindi/audio/hi_03818.wav,"हमें सच बोलना चाहिए"
/home/data/raw/hindi/audio/hi_03819.wav,"यह ट्रेन कब रवाना होगी"
/home/data/raw/hindi/audio/hi_03820.wav,"सूर्य पूर्व से उदय होता है"
/home/data/raw/hindi/audio/hi_03821.wav,"आप कैसे हैं"
/home/data/raw/hindi/audio/hi_03822.wav,"वैज्ञानिकों ने एक नई खोज की है"
/home/data/raw/hindi/audio/hi_03823.wav,"मुझे हिंदी बोलना बहुत पसंद है"
/home/data/raw/hindi/audio/hi_03824.wav,"शिक्षा सफलता की कुंजी है"
/home/data/raw/hindi/audio/hi_03825.wav,"आज की ताजा खबर क्या है"
/home/data/raw/hindi/audio/hi_03826.wav,"उन्होंने अपनी पढ़ाई पूरी कर ली है"
/home/data/raw/hindi/audio/hi_03827.wav,"क्या आपके पास कोई सवाल है"
/home/data/raw/hindi/audio/hi_03828.wav,"यह एक बहुत ही खूबसूरत जगह है"
/home/data/raw/hindi/audio/hi_03829.wav,"हम सभी को पर्यावरण की रक्षा करनी चाहिए"
/home/data/raw/hindi/audio/hi_03830.wav,"वह बहुत मेहनती लड़का है"
/home/data/raw/hindi/audio/hi_03831.wav,"मुझे एक गिलास पानी चाहिए"
/home/data/raw/hindi/audio/hi_03832.wav,"डिजिटल इंडिया एक महत्वपूर्ण पहल है"
/home/data/raw/hindi/audio/hi_03833.wav,"खेलना बच्चों के लिए अच्छा है"
/home/data/raw/hindi/audio/hi_03834.wav,"मैं आपकी बात से सहमत हूँ"
/home/data/raw/hindi/audio/hi_03835.wav,"समय बहुत मूल्यवान है"
/home/data/raw/hindi/audio/hi_03836.wav,"भारत एक विविध देश है"
/home/data/raw/hindi/audio/hi_03837.wav,"कृपया यहाँ हस्ताक्षर करें"
/home/data/raw/hindi/audio/hi_03838.wav,"यह मेरी समझ से बाहर है"
/home/data/raw/hindi/audio/hi_03839.wav,"उन्होंने एक नया रिकॉर्ड बनाया"
/home/data/raw/hindi/audio/hi_03840.wav,"शुभकामनाएं"
/home/data/raw/hindi/audio/hi_03841.wav,"नमस्ते आज मौसम बहुत अच्छा है"
/home/data/raw/hindi/audio/hi_03842.wav,"भारत की राजधानी नई दिल्ली है"
/home/data/raw/hindi/audio/hi_03843.wav,"क्या आप मेरी मदद कर सकते हैं"
/home/data/raw/hindi/audio/hi_03844.wav,"यह एक परीक्षण है"
/home/data/raw/hindi/audio/hi_03845.wav,"कृपया धीरे बोलें मुझे समझ नहीं आ रहा है"
/home/data/raw/hindi/audio/hi_03846.wav,"आपका नाम क्या है"
/home/data/raw/hindi/audio/hi_03847.wav,"मैं कल बाजार जाऊँगा"
/home/data/raw/hindi/audio/hi_03848.wav,"हमें सच बोलना चाहिए"
/home/data/raw/hindi/audio/hi_03849.wav,"यह ट्रेन कब रवाना होगी"
/home/data/raw/hindi/audio/hi_03850.wav,"सूर्य पूर्व से उदय होता है"
/home/data/raw/hindi/audio/hi_03851.wav,"आप कैसे हैं"
/home/data/raw/hindi/audio/hi_03852.wav,"वैज्ञानिकों ने एक नई खोज की है"
/home/data/raw/hindi/audio/hi_03853.wav,"मुझे हिंदी बोलना बहुत पसंद है"
/home/data/raw/hindi/audio/hi_03854.wav,"शिक्षा सफलता की कुंजी है"
/home/data/raw/hindi/audio/hi_03855.wav,"आज की ताजा खबर क्या है"
/home/data/raw/hindi/audio/hi_03856.wav,"उन्होंने अपनी पढ़ाई पूरी कर ली है"
/home/data/raw/hindi/audio/hi_03857.wav,"क्या आपके पास कोई सवाल है"
/home/data/raw/hindi/audio/hi_03858.wav,"यह एक बहुत ही खूबसूरत जगह है"
/home/data/raw/hindi/audio/hi_03859.wav,"हम सभी को पर्यावरण की रक्षा करनी चाहिए"
/home/data/raw/hindi/audio/hi_03860.wav,"वह बहुत मेहनती लड़का है"
/home/data/raw/hindi/audio/hi_03861.wav,"मुझे एक गिलास पानी चाहिए"
/home/data/raw/hindi/audio/hi_03862.wav,"डिजिटल इंडिया एक महत्वपूर्ण पहल है"
/home/data/raw/hindi/audio/hi_03863.wav,"खेलना बच्चों के लिए अच्छा है"
/home/data/raw/hindi/audio/hi_03864.wav,"मैं आपकी बात से सहमत हूँ"
/home/data/raw/hindi/audio/hi_03865.wav,"समय बहुत मूल्यवान है"
/home/data/raw/hindi/audio/hi_03866.wav,"भारत एक विविध देश है"
/home/data/raw/hindi/audio/hi_03867.wav,"कृपया यहाँ हस्ताक्षर करें"
/home/data/raw/hindi/audio/hi_03868.wav,"यह मेरी समझ से बाहर है"
/home/data/raw/hindi/audio/hi_03869.wav,"उन्होंने एक नया रिकॉर्ड बनाया"
/home/data/raw/hindi/audio/hi_03870.wav,"शुभकामनाएं"
/home/data/raw/hindi/audio/hi_03871.wav,"नमस्ते आज मौसम बहुत अच्छा है"
/home/data/raw/hindi/audio/hi_03872.wav,"भारत की राजधानी नई दिल्ली है"
/home/data/raw/hindi/audio/hi_03873.wav,"क्या आप मेरी मदद कर सकते हैं"
/home/data/raw/hindi/audio/hi_03874.wav,"यह एक परीक्षण है"
/home/data/raw/hindi/audio/hi_03875.wav,"कृपया धीरे बोलें मुझे समझ नहीं आ रहा है"
/home/data/raw/hindi/audio/hi_03876.wav,"आपका नाम क्या है"
/home/data/raw/hindi/audio/hi_03877.wav,"मैं कल बाजार जाऊँगा"
/home/data/raw/hindi/audio/hi_03878.wav,"हमें सच बोलना चाहिए"
/home/data/raw/hindi/audio/hi_03879.wav,"यह ट्रेन कब रवाना होगी"
/home/data/raw/hindi/audio/hi_03880.wav,"सूर्य पूर्व से उदय होता है"
/home/data/raw/hindi/audio/hi_03881.wav,"आप कैसे हैं"
/home/data/raw/hindi/audio/hi_03882.wav,"वैज्ञानिकों ने एक नई खोज की है"
/home/data/raw/hindi/audio/hi_03883.wav,"मुझे हिंदी बोलना बहुत पसंद है"
/home/data/raw/hindi/audio/hi_03884.wav,"शिक्षा सफलता की कुंजी है"
/home/data/raw/hindi/audio/hi_03885.wav,"आज की ताजा खबर क्या है"
/home/data/raw/hindi/audio/hi_03886.wav,"उन्होंने अपनी पढ़ाई पूरी कर ली है"
/home/data/raw/hindi/audio/hi_03887.wav,"क्या आपके पास कोई सवाल है"
/home/data/raw/hindi/audio/hi_03888.wav,"यह एक बहुत ही खूबसूरत जगह है"
/home/data/raw/hindi/audio/hi_03889.wav,"हम सभी को पर्यावरण की रक्षा करनी चाहिए"
/home/data/raw/hindi/audio/hi_03890.wav,"वह बहुत मेहनती लड़का है"
/home/data/raw/hindi/audio/hi_03891.wav,"मुझे एक गिलास पानी चाहिए"
/home/data/raw/hindi/audio/hi_03892.wav,"डिजिटल इंडिया एक महत्वपूर्ण पहल है"
/home/data/raw/hindi/audio/hi_03893.wav,"खेलना बच्चों के लिए अच्छा है"
/home/data/raw/hindi/audio/hi_03894.wav,"मैं आपकी बात से सहमत हूँ"
/home/data/raw/hindi/audio/hi_03895.wav,"समय बहुत मूल्यवान है"
/home/data/raw/hindi/audio/hi_03896.wav,"भारत एक विविध देश है"
/home/data/raw/hindi/audio/hi_03897.wav,"कृपया यहाँ हस्ताक्षर करें"
/home/data/raw/hindi/audio/hi_03898.wav,"यह मेरी समझ से बाहर है"
/home/data/raw/hindi/audio/hi_03899.wav,"उन्होंने एक नया रिकॉर्ड बनाया"
/home/data/raw/hindi/audio/hi_03900.wav,"शुभकामनाएं"
/home/data/raw/hindi/audio/hi_03901.wav,"नमस्ते आज मौसम बहुत अच्छा है"
/home/data/raw/hindi/audio/hi_03902.wav,"भारत की राजधानी नई दिल्ली है"
/home/data/raw/hindi/audio/hi_03903.wav,"क्या आप मेरी मदद कर सकते हैं"
/home/data/raw/hindi/audio/hi_03904.wav,"यह एक परीक्षण है"
/home/data/raw/hindi/audio/hi_03905.wav,"कृपया धीरे बोलें मुझे समझ नहीं आ रहा है"
/home/data/raw/hindi/audio/hi_03906.wav,"आपका नाम क्या है"
/home/data/raw/hindi/audio/hi_03907.wav,"मैं कल बाजार जाऊँगा"
/home/data/raw/hindi/audio/hi_03908.wav,"हमें सच बोलना चाहिए"
/home/data/raw/hindi/audio/hi_03909.wav,"यह ट्रेन कब रवाना होगी"
/home/data/raw/hindi/audio/hi_03910.wav,"सूर्य पूर्व से उदय होता है"
/home/data/raw/hindi/audio/hi_03911.wav,"आप कैसे हैं"
/home/data/raw/hindi/audio/hi_03912.wav,"वैज्ञानिकों ने एक नई खोज की है"
/home/data/raw/hindi/audio/hi_03913.wav,"मुझे हिंदी बोलना बहुत पसंद है"
/home/data/raw/hindi/audio/hi_03914.wav,"शिक्षा सफलता की कुंजी है"
/home/data/raw/hindi/audio/hi_03915.wav,"आज की ताजा खबर क्या है"
/home/data/raw/hindi/audio/hi_03916.wav,"उन्होंने अपनी पढ़ाई पूरी कर ली है"
/home/data/raw/hindi/audio/hi_03917.wav,"क्या आपके पास कोई सवाल है"
/home/data/raw/hindi/audio/hi_03918.wav,"यह एक बहुत ही खूबसूरत जगह है"
/home/data/raw/hindi/audio/hi_03919.wav,"हम सभी को पर्यावरण की रक्षा करनी चाहिए"
/home/data/raw/hindi/audio/hi_03920.wav,"वह बहुत मेहनती लड़का है"
/home/data/raw/hindi/audio/hi_03921.wav,"मुझे एक गिलास पानी चाहिए"
/home/data/raw/hindi/audio/hi_03922.wav,"डिजिटल इंडिया एक महत्वपूर्ण पहल है"
/home/data/raw/hindi/audio/hi_03923.wav,"खेलना बच्चों के लिए अच्छा है"
/home/data/raw/hindi/audio/hi_03924.wav,"मैं आपकी बात से सहमत हूँ"
/home/data/raw/hindi/audio/hi_03925.wav,"समय बहुत मूल्यवान है"
/home/data/raw/hindi/audio/hi_03926.wav,"भारत एक विविध देश है"
/home/data/raw/hindi/audio/hi_03927.wav,"कृपया यहाँ हस्ताक्षर करें"
/home/data/raw/hindi/audio/hi_03928.wav,"यह मेरी समझ से बाहर है"
/home/data/raw/hindi/audio/hi_03929.wav,"उन्होंने एक नया रिकॉर्ड बनाया"
/home/data/raw/hindi/audio/hi_03930.wav,"शुभकामनाएं"
/home/data/raw/hindi/audio/hi_03931.wav,"नमस्ते आज मौसम बहुत अच्छा है"
/home/data/raw/hindi/audio/hi_03932.wav,"भारत की राजधानी नई दिल्ली है"
/home/data/raw/hindi/audio/hi_03933.wav,"क्या आप मेरी मदद कर सकते हैं"
/home/data/raw/hindi/audio/hi_03934.wav,"यह एक परीक्षण है"
/home/data/raw/hindi/audio/hi_03935.wav,"कृपया धीरे बोलें मुझे समझ नहीं आ रहा है"
/home/data/raw/hindi/audio/hi_03936.wav,"आपका नाम क्या है"
/home/data/raw/hindi/audio/hi_03937.wav,"मैं कल बाजार जाऊँगा"
/home/data/raw/hindi/audio/hi_03938.wav,"हमें सच बोलना चाहिए"
/home/data/raw/hindi/audio/hi_03939.wav,"यह ट्रेन कब रवाना होगी"
/home/data/raw/hindi/audio/hi_03940.wav,"सूर्य पूर्व से उदय होता है"
/home/data/raw/hindi/audio/hi_03941.wav,"आप कैसे हैं"
/home/data/raw/hindi/audio/hi_03942.wav,"वैज्ञानिकों ने एक नई खोज की है"
/home/data/raw/hindi/audio/hi_03943.wav,"मुझे हिंदी बोलना बहुत पसंद है"
/home/data/raw/hindi/audio/hi_03944.wav,"शिक्षा सफलता की कुंजी है"
/home/data/raw/hindi/audio/hi_03945.wav,"आज की ताजा खबर क्या है"
/home/data/raw/hindi/audio/hi_03946.wav,"उन्होंने अपनी पढ़ाई पूरी कर ली है"
/home/data/raw/hindi/audio/hi_03947.wav,"क्या आपके पास कोई सवाल है"
/home/data/raw/hindi/audio/hi_03948.wav,"यह एक बहुत ही खूबसूरत जगह है"
/home/data/raw/hindi/audio/hi_03949.wav,"हम सभी को पर्यावरण की रक्षा करनी चाहिए"
/home/data/raw/hindi/audio/hi_03950.wav,"वह बहुत मेहनती लड़का है"
/home/data/raw/hindi/audio/hi_03951.wav,"मुझे एक गिलास पानी चाहिए"
/home/data/raw/hindi/audio/hi_03952.wav,"डिजिटल इंडिया एक महत्वपूर्ण पहल है"
/home/data/raw/hindi/audio/hi_03953.wav,"खेलना बच्चों के लिए अच्छा है"
/home/data/raw/hindi/audio/hi_03954.wav,"मैं आपकी बात से सहमत हूँ"
/home/data/raw/hindi/audio/hi_03955.wav,"समय बहुत मूल्यवान है"
/home/data/raw/hindi/audio/hi_03956.wav,"भारत एक विविध देश है"
/home/data/raw/hindi/audio/hi_03957.wav,"कृपया यहाँ हस्ताक्षर करें"
/home/data/raw/hindi/audio/hi_03958.wav,"यह मेरी समझ से बाहर है"
/home/data/raw/hindi/audio/hi_03959.wav,"उन्होंने एक नया रिकॉर्ड बनाया"
/home/data/raw/hindi/audio/hi_03960.wav,"शुभकामनाएं"
/home/data/raw/hindi/audio/hi_03961.wav,"नमस्ते आज मौसम बहुत अच्छा है"
/home/data/raw/hindi/audio/hi_03962.wav,"भारत की राजधानी नई दिल्ली है"
/home/data/raw/hindi/audio/hi_03963.wav,"क्या आप मेरी मदद कर सकते हैं"
/home/data/raw/hindi/audio/hi_03964.wav,"यह एक परीक्षण है"
/home/data/raw/hindi/audio/hi_03965.wav,"कृपया धीरे बोलें मुझे समझ नहीं आ रहा है"
/home/data/raw/hindi/audio/hi_03966.wav,"आपका नाम क्या है"
/home/data/raw/hindi/audio/hi_03967.wav,"मैं कल बाजार जाऊँगा"
/home/data/raw/hindi/audio/hi_03968.wav,"हमें सच बोलना चाहिए"
/home/data/raw/hindi/audio/hi_03969.wav,"यह ट्रेन कब रवाना होगी"
/home/data/raw/hindi/audio/hi_03970.wav,"सूर्य पूर्व से उदय होता है"
/home/data/raw/hindi/audio/hi_03971.wav,"आप कैसे हैं"
/home/data/raw/hindi/audio/hi_03972.wav,"वैज्ञानिकों ने एक नई खोज की है"
/home/data/raw/hindi/audio/hi_03973.wav,"मुझे हिंदी बोलना बहुत पसंद है"
/home/data/raw/hindi/audio/hi_03974.wav,"शिक्षा सफलता की कुंजी है"
/home/data/raw/hindi/audio/hi_03975.wav,"आज की ताजा खबर क्या है"
/home/data/raw/hindi/audio/hi_03976.wav,"उन्होंने अपनी पढ़ाई पूरी कर ली है"
/home/data/raw/hindi/audio/hi_03977.wav,"क्या आपके पास कोई सवाल है"
/home/data/raw/hindi/audio/hi_03978.wav,"यह एक बहुत ही खूबसूरत जगह है"
/home/data/raw/hindi/audio/hi_03979.wav,"हम सभी को पर्यावरण की रक्षा करनी चाहिए"
/home/data/raw/hindi/audio/hi_03980.wav,"वह बहुत मेहनती लड़का है"
/home/data/raw/hindi/audio/hi_03981.wav,"मुझे एक गिलास पानी चाहिए"
/home/data/raw/hindi/audio/hi_03982.wav,"डिजिटल इंडिया एक महत्वपूर्ण पहल है"
/home/data/raw/hindi/audio/hi_03983.wav,"खेलना बच्चों के लिए अच्छा है"
/home/data/raw/hindi/audio/hi_03984.wav,"मैं आपकी बात से सहमत हूँ"
/home/data/raw/hindi/audio/hi_03985.wav,"समय बहुत मूल्यवान है"
/home/data/raw/hindi/audio/hi_03986.wav,"भारत एक विविध देश है"
/home/data/raw/hindi/audio/hi_03987.wav,"कृपया यहाँ हस्ताक्षर करें"
/home/data/raw/hindi/audio/hi_03988.wav,"यह मेरी समझ से बाहर है"
/home/data/raw/hindi/audio/hi_03989.wav,"उन्होंने एक नया रिकॉर्ड बनाया"
/home/data/raw/hindi/audio/hi_03990.wav,"शुभकामनाएं"
/home/data/raw/hindi/audio/hi_03991.wav,"नमस्ते आज मौसम बहुत अच्छा है"
/home/data/raw/hindi/audio/hi_03992.wav,"भारत की राजधानी नई दिल्ली है"
/home/data/raw/hindi/audio/hi_03993.wav,"क्या आप मेरी मदद कर सकते हैं"
/home/data/raw/hindi/audio/hi_03994.wav,"यह एक परीक्षण है"
/home/data/raw/hindi/audio/hi_03995.wav,"कृपया धीरे बोलें मुझे समझ नहीं आ रहा है"
/home/data/raw/hindi/audio/hi_03996.wav,"आपका नाम क्या है"
/home/data/raw/hindi/audio/hi_03997.wav,"मैं कल बाजार जाऊँगा"
/home/data/raw/hindi/audio/hi_03998.wav,"हमें सच बोलना चाहिए"
/home/data/raw/hindi/audio/hi_03999.wav,"यह ट्रेन कब रवाना होगी"
/home/data/raw/hindi/audio/hi_04000.wav,"सूर्य पूर्व से उदय होता है"
/home/data/raw/hindi/audio/hi_04001.wav,"आप कैसे हैं"
/home/data/raw/hindi/audio/hi_04002.wav,"वैज्ञानिकों ने एक नई खोज की है"
/home/data/raw/hindi/audio/hi_04003.wav,"मुझे हिंदी बोलना बहुत पसंद है"
/home/data/raw/hindi/audio/hi_04004.wav,"शिक्षा सफलता की कुंजी है"
/home/data/raw/hindi/audio/hi_04005.wav,"आज की ताजा खबर क्या है"
/home/data/raw/hindi/audio/hi_04006.wav,"उन्होंने अपनी पढ़ाई पूरी कर ली है"
/home/data/raw/hindi/audio/hi_04007.wav,"क्या आपके पास कोई सवाल है"
/home/data/raw/hindi/audio/hi_04008.wav,"यह एक बहुत ही खूबसूरत जगह है"
/home/data/raw/hindi/audio/hi_04009.wav,"हम सभी को पर्यावरण की रक्षा करनी चाहिए"
/home/data/raw/hindi/audio/hi_04010.wav,"वह बहुत मेहनती लड़का है"
/home/data/raw/hindi/audio/hi_04011.wav,"मुझे एक गिलास पानी चाहिए"
/home/data/raw/hindi/audio/hi_04012.wav,"डिजिटल इंडिया एक महत्वपूर्ण पहल है"
/home/data/raw/hindi/audio/hi_04013.wav,"खेलना बच्चों के लिए अच्छा है"
/home/data/raw/hindi/audio/hi_04014.wav,"मैं आपकी बात से सहमत हूँ"
/home/data/raw/hindi/audio/hi_04015.wav,"समय बहुत मूल्यवान है"
/home/data/raw/hindi/audio/hi_04016.wav,"भारत एक विविध देश है"
/home/data/raw/hindi/audio/hi_04017.wav,"कृपया यहाँ हस्ताक्षर करें"
/home/data/raw/hindi/audio/hi_04018.wav,"यह मेरी समझ से बाहर है"
/home/data/raw/hindi/audio/hi_04019.wav,"उन्होंने एक नया रिकॉर्ड बनाया"
/home/data/raw/hindi/audio/hi_04020.wav,"शुभकामनाएं"
/home/data/raw/hindi/audio/hi_04021.wav,"नमस्ते आज मौसम बहुत अच्छा है"
/home/data/raw/hindi/audio/hi_04022.wav,"भारत की राजधानी नई दिल्ली है"
/home/data/raw/hindi/audio/hi_04023.wav,"क्या आप मेरी मदद कर सकते हैं"
/home/data/raw/hindi/audio/hi_04024.wav,"यह एक परीक्षण है"
/home/data/raw/hindi/audio/hi_04025.wav,"कृपया धीरे बोलें मुझे समझ नहीं आ रहा है"
/home/data/raw/hindi/audio/hi_04026.wav,"आपका नाम क्या है"
/home/data/raw/hindi/audio/hi_04027.wav,"मैं कल बाजार जाऊँगा"
/home/data/raw/hindi/audio/hi_04028.wav,"हमें सच बोलना चाहिए"
/home/data/raw/hindi/audio/hi_04029.wav,"यह ट्रेन कब रवाना होगी"
/home/data/raw/hindi/audio/hi_04030.wav,"सूर्य पूर्व से उदय होता है"
/home/data/raw/hindi/audio/hi_04031.wav,"आप कैसे हैं"
/home/data/raw/hindi/audio/hi_04032.wav,"वैज्ञानिकों ने एक नई खोज की है"
/home/data/raw/hindi/audio/hi_04033.wav,"मुझे हिंदी बोलना बहुत पसंद है"
/home/data/raw/hindi/audio/hi_04034.wav,"शिक्षा सफलता की कुंजी है"
/home/data/raw/hindi/audio/hi_04035.wav,"आज की ताजा खबर क्या है"
/home/data/raw/hindi/audio/hi_04036.wav,"उन्होंने अपनी पढ़ाई पूरी कर ली है"
/home/data/raw/hindi/audio/hi_04037.wav,"क्या आपके पास कोई सवाल है"
/home/data/raw/hindi/audio/hi_04038.wav,"यह एक बहुत ही खूबसूरत जगह है"
/home/data/raw/hindi/audio/hi_04039.wav,"हम सभी को पर्यावरण की रक्षा करनी चाहिए"
/home/data/raw/hindi/audio/hi_04040.wav,"वह बहुत मेहनती लड़का है"
/home/data/raw/hindi/audio/hi_04041.wav,"मुझे एक गिलास पानी चाहिए"
/home/data/raw/hindi/audio/hi_04042.wav,"डिजिटल इंडिया एक महत्वपूर्ण पहल है"
/home/data/raw/hindi/audio/hi_04043.wav,"खेलना बच्चों के लिए अच्छा है"
/home/data/raw/hindi/audio/hi_04044.wav,"मैं आपकी बात से सहमत हूँ"
/home/data/raw/hindi/audio/hi_04045.wav,"समय बहुत मूल्यवान है"
/home/data/raw/hindi/audio/hi_04046.wav,"भारत एक विविध देश है"
/home/data/raw/hindi/audio/hi_04047.wav,"कृपया यहाँ हस्ताक्षर करें"
/home/data/raw/hindi/audio/hi_04048.wav,"यह मेरी समझ से बाहर है"
/home/data/raw/hindi/audio/hi_04049.wav,"उन्होंने एक नया रिकॉर्ड बनाया"
/home/data/raw/hindi/audio/hi_04050.wav,"शुभकामनाएं"
/home/data/raw/hindi/audio/hi_04051.wav,"नमस्ते आज मौसम बहुत अच्छा है"
/home/data/raw/hindi/audio/hi_04052.wav,"भारत की राजधानी नई दिल्ली है"
/home/data/raw/hindi/audio/hi_04053.wav,"क्या आप मेरी मदद कर सकते हैं"
/home/data/raw/hindi/audio/hi_04054.wav,"यह एक परीक्षण है"
/home/data/raw/hindi/audio/hi_04055.wav,"कृपया धीरे बोलें मुझे समझ नहीं आ रहा है"
/home/data/raw/hindi/audio/hi_04056.wav,"आपका नाम क्या है"
/home/data/raw/hindi/audio/hi_04057.wav,"मैं कल बाजार जाऊँगा"
/home/data/raw/hindi/audio/hi_04058.wav,"हमें सच बोलना चाहिए"
/home/data/raw/hindi/audio/hi_04059.wav,"यह ट्रेन कब रवाना होगी"
/home/data/raw/hindi/audio/hi_04060.wav,"सूर्य पूर्व से उदय होता है"
/home/data/raw/hindi/audio/hi_04061.wav,"आप कैसे हैं"
/home/data/raw/hindi/audio/hi_04062.wav,"वैज्ञानिकों ने एक नई खोज की है"
/home/data/raw/hindi/audio/hi_04063.wav,"मुझे हिंदी बोलना बहुत पसंद है"
/home/data/raw/hindi/audio/hi_04064.wav,"शिक्षा सफलता की कुंजी है"
/home/data/raw/hindi/audio/hi_04065.wav,"आज की ताजा खबर क्या है"
/home/data/raw/hindi/audio/hi_04066.wav,"उन्होंने अपनी पढ़ाई पूरी कर ली है"
/home/data/raw/hindi/audio/hi_04067.wav,"क्या आपके पास कोई सवाल है"
/home/data/raw/hindi/audio/hi_04068.wav,"यह एक बहुत ही खूबसूरत जगह है"
/home/data/raw/hindi/audio/hi_04069.wav,"हम सभी को पर्यावरण की रक्षा करनी चाहिए"
/home/data/raw/hindi/audio/hi_04070.wav,"वह बहुत मेहनती लड़का है"
/home/data/raw/hindi/audio/hi_04071.wav,"मुझे एक गिलास पानी चाहिए"
/home/data/raw/hindi/audio/hi_04072.wav,"डिजिटल इंडिया एक महत्वपूर्ण पहल है"
/home/data/raw/hindi/audio/hi_04073.wav,"खेलना बच्चों के लिए अच्छा है"
/home/data/raw/hindi/audio/hi_04074.wav,"मैं आपकी बात से सहमत हूँ"
/home/data/raw/hindi/audio/hi_04075.wav,"समय बहुत मूल्यवान है"
/home/data/raw/hindi/audio/hi_04076.wav,"भारत एक विविध देश है"
/home/data/raw/hindi/audio/hi_04077.wav,"कृपया यहाँ हस्ताक्षर करें"
/home/data/raw/hindi/audio/hi_04078.wav,"यह मेरी समझ से बाहर है"
/home/data/raw/hindi/audio/hi_04079.wav,"उन्होंने एक नया रिकॉर्ड बनाया"
/home/data/raw/hindi/audio/hi_04080.wav,"शुभकामनाएं"
/home/data/raw/hindi/audio/hi_04081.wav,"नमस्ते आज मौसम बहुत अच्छा है"
/home/data/raw/hindi/audio/hi_04082.wav,"भारत की राजधानी नई दिल्ली है"
/home/data/raw/hindi/audio/hi_04083.wav,"क्या आप मेरी मदद कर सकते हैं"
/home/data/raw/hindi/audio/hi_04084.wav,"यह एक परीक्षण है"
/home/data/raw/hindi/audio/hi_04085.wav,"कृपया धीरे बोलें मुझे समझ नहीं आ रहा है"
/home/data/raw/hindi/audio/hi_04086.wav,"आपका नाम क्या है"
/home/data/raw/hindi/audio/hi_04087.wav,"मैं कल बाजार जाऊँगा"
/home/data/raw/hindi/audio/hi_04088.wav,"हमें सच बोलना चाहिए"
/home/data/raw/hindi/audio/hi_04089.wav,"यह ट्रेन कब रवाना होगी"
/home/data/raw/hindi/audio/hi_04090.wav,"सूर्य पूर्व से उदय होता है"
/home/data/raw/hindi/audio/hi_04091.wav,"आप कैसे हैं"
/home/data/raw/hindi/audio/hi_04092.wav,"वैज्ञानिकों ने एक नई खोज की है"
/home/data/raw/hindi/audio/hi_04093.wav,"मुझे हिंदी बोलना बहुत पसंद है"
/home/data/raw/hindi/audio/hi_04094.wav,"शिक्षा सफलता की कुंजी है"
/home/data/raw/hindi/audio/hi_04095.wav,"आज की ताजा खबर क्या है"
/home/data/raw/hindi/audio/hi_04096.wav,"उन्होंने अपनी पढ़ाई पूरी कर ली है"
/home/data/raw/hindi/audio/hi_04097.wav,"क्या आपके पास कोई सवाल है"
/home/data/raw/hindi/audio/hi_04098.wav,"यह एक बहुत ही खूबसूरत जगह है"
/home/data/raw/hindi/audio/hi_04099.wav,"हम सभी को पर्यावरण की रक्षा करनी चाहिए"
/home/data/raw/hindi/audio/hi_04100.wav,"वह बहुत मेहनती लड़का है"
/home/data/raw/hindi/audio/hi_04101.wav,"मुझे एक गिलास पानी चाहिए"
/home/data/raw/hindi/audio/hi_04102.wav,"डिजिटल इंडिया एक महत्वपूर्ण पहल है"
/home/data/raw/hindi/audio/hi_04103.wav,"खेलना बच्चों के लिए अच्छा है"
/home/data/raw/hindi/audio/hi_04104.wav,"मैं आपकी बात से सहमत हूँ"
/home/data/raw/hindi/audio/hi_04105.wav,"समय बहुत मूल्यवान है"
/home/data/raw/hindi/audio/hi_04106.wav,"भारत एक विविध देश है"
/home/data/raw/hindi/audio/hi_04107.wav,"कृपया यहाँ हस्ताक्षर करें"
/home/data/raw/hindi/audio/hi_04108.wav,"यह मेरी समझ से बाहर है"
/home/data/raw/hindi/audio/hi_04109.wav,"उन्होंने एक नया रिकॉर्ड बनाया"
/home/data/raw/hindi/audio/hi_04110.wav,"शुभकामनाएं"
/home/data/raw/hindi/audio/hi_04111.wav,"नमस्ते आज मौसम बहुत अच्छा है"
/home/data/raw/hindi/audio/hi_04112.wav,"भारत की राजधानी नई दिल्ली है"
/home/data/raw/hindi/audio/hi_04113.wav,"क्या आप मेरी मदद कर सकते हैं"
/home/data/raw/hindi/audio/hi_04114.wav,"यह एक परीक्षण है"
/home/data/raw/hindi/audio/hi_04115.wav,"कृपया धीरे बोलें मुझे समझ नहीं आ रहा है"
/home/data/raw/hindi/audio/hi_04116.wav,"आपका नाम क्या है"
/home/data/raw/hindi/audio/hi_04117.wav,"मैं कल बाजार जाऊँगा"
/home/data/raw/hindi/audio/hi_04118.wav,"हमें सच बोलना चाहिए"
/home/data/raw/hindi/audio/hi_04119.wav,"यह ट्रेन कब रवाना होगी"
/home/data/raw/hindi/audio/hi_04120.wav,"सूर्य पूर्व से उदय होता है"
/home/data/raw/hindi/audio/hi_04121.wav,"आप कैसे हैं"
/home/data/raw/hindi/audio/hi_04122.wav,"वैज्ञानिकों ने एक नई खोज की है"
/home/data/raw/hindi/audio/hi_04123.wav,"मुझे हिंदी बोलना बहुत पसंद है"
/home/data/raw/hindi/audio/hi_04124.wav,"शिक्षा सफलता की कुंजी है"
/home/data/raw/hindi/audio/hi_04125.wav,"आज की ताजा खबर क्या है"
/home/data/raw/hindi/audio/hi_04126.wav,"उन्होंने अपनी पढ़ाई पूरी कर ली है"
/home/data/raw/hindi/audio/hi_04127.wav,"क्या आपके पास कोई सवाल है"
/home/data/raw/hindi/audio/hi_04128.wav,"यह एक बहुत ही खूबसूरत जगह है"
/home/data/raw/hindi/audio/hi_04129.wav,"हम सभी को पर्यावरण की रक्षा करनी चाहिए"
/home/data/raw/hindi/audio/hi_04130.wav,"वह बहुत मेहनती लड़का है"
/home/data/raw/hindi/audio/hi_04131.wav,"मुझे एक गिलास पानी चाहिए"
/home/data/raw/hindi/audio/hi_04132.wav,"डिजिटल इंडिया एक महत्वपूर्ण पहल है"
/home/data/raw/hindi/audio/hi_04133.wav,"खेलना बच्चों के लिए अच्छा है"
/home/data/raw/hindi/audio/hi_04134.wav,"मैं आपकी बात से सहमत हूँ"
/home/data/raw/hindi/audio/hi_04135.wav,"समय बहुत मूल्यवान है"
/home/data/raw/hindi/audio/hi_04136.wav,"भारत एक विविध देश है"
/home/data/raw/hindi/audio/hi_04137.wav,"कृपया यहाँ हस्ताक्षर करें"
/home/data/raw/hindi/audio/hi_04138.wav,"यह मेरी समझ से बाहर है"
/home/data/raw/hindi/audio/hi_04139.wav,"उन्होंने एक नया रिकॉर्ड बनाया"
/home/data/raw/hindi/audio/hi_04140.wav,"शुभकामनाएं"
/home/data/raw/hindi/audio/hi_04141.wav,"नमस्ते आज मौसम बहुत अच्छा है"
/home/data/raw/hindi/audio/hi_04142.wav,"भारत की राजधानी नई दिल्ली है"
/home/data/raw/hindi/audio/hi_04143.wav,"क्या आप मेरी मदद कर सकते हैं"
/home/data/raw/hindi/audio/hi_04144.wav,"यह एक परीक्षण है"
/home/data/raw/hindi/audio/hi_04145.wav,"कृपया धीरे बोलें मुझे समझ नहीं आ रहा है"
/home/data/raw/hindi/audio/hi_04146.wav,"आपका नाम क्या है"
/home/data/raw/hindi/audio/hi_04147.wav,"मैं कल बाजार जाऊँगा"
/home/data/raw/hindi/audio/hi_04148.wav,"हमें सच बोलना चाहिए"
/home/data/raw/hindi/audio/hi_04149.wav,"यह ट्रेन कब रवाना होगी"
/home/data/raw/hindi/audio/hi_04150.wav,"सूर्य पूर्व से उदय होता है"
/home/data/raw/hindi/audio/hi_04151.wav,"आप कैसे हैं"
/home/data/raw/hindi/audio/hi_04152.wav,"वैज्ञानिकों ने एक नई खोज की है"
/home/data/raw/hindi/audio/hi_04153.wav,"मुझे हिंदी बोलना बहुत पसंद है"
/home/data/raw/hindi/audio/hi_04154.wav,"शिक्षा सफलता की कुंजी है"
/home/data/raw/hindi/audio/hi_04155.wav,"आज की ताजा खबर क्या है"
/home/data/raw/hindi/audio/hi_04156.wav,"उन्होंने अपनी पढ़ाई पूरी कर ली है"
/home/data/raw/hindi/audio/hi_04157.wav,"क्या आपके पास कोई सवाल है"
/home/data/raw/hindi/audio/hi_04158.wav,"यह एक बहुत ही खूबसूरत जगह है"
/home/data/raw/hindi/audio/hi_04159.wav,"हम सभी को पर्यावरण की रक्षा करनी चाहिए"
/home/data/raw/hindi/audio/hi_04160.wav,"वह बहुत मेहनती लड़का है"
/home/data/raw/hindi/audio/hi_04161.wav,"मुझे एक गिलास पानी चाहिए"
/home/data/raw/hindi/audio/hi_04162.wav,"डिजिटल इंडिया एक महत्वपूर्ण पहल है"
/home/data/raw/hindi/audio/hi_04163.wav,"खेलना बच्चों के लिए अच्छा है"
/home/data/raw/hindi/audio/hi_04164.wav,"मैं आपकी बात से सहमत हूँ"
/home/data/raw/hindi/audio/hi_04165.wav,"समय बहुत मूल्यवान है"
/home/data/raw/hindi/audio/hi_04166.wav,"भारत एक विविध देश है"
/home/data/raw/hindi/audio/hi_04167.wav,"कृपया यहाँ हस्ताक्षर करें"
/home/data/raw/hindi/audio/hi_04168.wav,"यह मेरी समझ से बाहर है"
/home/data/raw/hindi/audio/hi_04169.wav,"उन्होंने एक नया रिकॉर्ड बनाया"
/home/data/raw/hindi/audio/hi_04170.wav,"शुभकामनाएं"
/home/data/raw/hindi/audio/hi_04171.wav,"नमस्ते आज मौसम बहुत अच्छा है"
/home/data/raw/hindi/audio/hi_04172.wav,"भारत की राजधानी नई दिल्ली है"
/home/data/raw/hindi/audio/hi_04173.wav,"क्या आप मेरी मदद कर सकते हैं"
/home/data/raw/hindi/audio/hi_04174.wav,"यह एक परीक्षण है"
/home/data/raw/hindi/audio/hi_04175.wav,"कृपया धीरे बोलें मुझे समझ नहीं आ रहा है"
/home/data/raw/hindi/audio/hi_04176.wav,"आपका नाम क्या है"
/home/data/raw/hindi/audio/hi_04177.wav,"मैं कल बाजार जाऊँगा"
/home/data/raw/hindi/audio/hi_04178.wav,"हमें सच बोलना चाहिए"
/home/data/raw/hindi/audio/hi_04179.wav,"यह ट्रेन कब रवाना होगी"
/home/data/raw/hindi/audio/hi_04180.wav,"सूर्य पूर्व से उदय होता है"
/home/data/raw/hindi/audio/hi_04181.wav,"आप कैसे हैं"
/home/data/raw/hindi/audio/hi_04182.wav,"वैज्ञानिकों ने एक नई खोज की है"
/home/data/raw/hindi/audio/hi_04183.wav,"मुझे हिंदी बोलना बहुत पसंद है"
/home/data/raw/hindi/audio/hi_04184.wav,"शिक्षा सफलता की कुंजी है"
/home/data/raw/hindi/audio/hi_04185.wav,"आज की ताजा खबर क्या है"
/home/data/raw/hindi/audio/hi_04186.wav,"उन्होंने अपनी पढ़ाई पूरी कर ली है"
/home/data/raw/hindi/audio/hi_04187.wav,"क्या आपके पास कोई सवाल है"
/home/data/raw/hindi/audio/hi_04188.wav,"यह एक बहुत ही खूबसूरत जगह है"
/home/data/raw/hindi/audio/hi_04189.wav,"हम सभी को पर्यावरण की रक्षा करनी चाहिए"
/home/data/raw/hindi/audio/hi_04190.wav,"वह बहुत मेहनती लड़का है"
/home/data/raw/hindi/audio/hi_04191.wav,"मुझे एक गिलास पानी चाहिए"
/home/data/raw/hindi/audio/hi_04192.wav,"डिजिटल इंडिया एक महत्वपूर्ण पहल है"
/home/data/raw/hindi/audio/hi_04193.wav,"खेलना बच्चों के लिए अच्छा है"
/home/data/raw/hindi/audio/hi_04194.wav,"मैं आपकी बात से सहमत हूँ"
/home/data/raw/hindi/audio/hi_04195.wav,"समय बहुत मूल्यवान है"
/home/data/raw/hindi/audio/hi_04196.wav,"भारत एक विविध देश है"
/home/data/raw/hindi/audio/hi_04197.wav,"कृपया यहाँ हस्ताक्षर करें"
/home/data/raw/hindi/audio/hi_04198.wav,"यह मेरी समझ से बाहर है"
/home/data/raw/hindi/audio/hi_04199.wav,"उन्होंने एक नया रिकॉर्ड बनाया"
/home/data/raw/hindi/audio/hi_04200.wav,"शुभकामनाएं"
/home/data/raw/hindi/audio/hi_04201.wav,"नमस्ते आज मौसम बहुत अच्छा है"
/home/data/raw/hindi/audio/hi_04202.wav,"भारत की राजधानी नई दिल्ली है"
/home/data/raw/hindi/audio/hi_04203.wav,"क्या आप मेरी मदद कर सकते हैं"
/home/data/raw/hindi/audio/hi_04204.wav,"यह एक परीक्षण है"
/home/data/raw/hindi/audio/hi_04205.wav,"कृपया धीरे बोलें मुझे समझ नहीं आ रहा है"
/home/data/raw/hindi/audio/hi_04206.wav,"आपका नाम क्या है"
/home/data/raw/hindi/audio/hi_04207.wav,"मैं कल बाजार जाऊँगा"
/home/data/raw/hindi/audio/hi_04208.wav,"हमें सच बोलना चाहिए"
/home/data/raw/hindi/audio/hi_04209.wav,"यह ट्रेन कब रवाना होगी"
/home/data/raw/hindi/audio/hi_04210.wav,"सूर्य पूर्व से उदय होता है"
/home/data/raw/hindi/audio/hi_04211.wav,"आप कैसे हैं"
/home/data/raw/hindi/audio/hi_04212.wav,"वैज्ञानिकों ने एक नई खोज की है"
/home/data/raw/hindi/audio/hi_04213.wav,"मुझे हिंदी बोलना बहुत पसंद है"
/home/data/raw/hindi/audio/hi_04214.wav,"शिक्षा सफलता की कुंजी है"
/home/data/raw/hindi/audio/hi_04215.wav,"आज की ताजा खबर क्या है"
/home/data/raw/hindi/audio/hi_04216.wav,"उन्होंने अपनी पढ़ाई पूरी कर ली है"
/home/data/raw/hindi/audio/hi_04217.wav,"क्या आपके पास कोई सवाल है"
/home/data/raw/hindi/audio/hi_04218.wav,"यह एक बहुत ही खूबसूरत जगह है"
/home/data/raw/hindi/audio/hi_04219.wav,"हम सभी को पर्यावरण की रक्षा करनी चाहिए"
/home/data/raw/hindi/audio/hi_04220.wav,"वह बहुत मेहनती लड़का है"
/home/data/raw/hindi/audio/hi_04221.wav,"मुझे एक गिलास पानी चाहिए"
/home/data/raw/hindi/audio/hi_04222.wav,"डिजिटल इंडिया एक महत्वपूर्ण पहल है"
/home/data/raw/hindi/audio/hi_04223.wav,"खेलना बच्चों के लिए अच्छा है"
/home/data/raw/hindi/audio/hi_04224.wav,"मैं आपकी बात से सहमत हूँ"
/home/data/raw/hindi/audio/hi_04225.wav,"समय बहुत मूल्यवान है"
/home/data/raw/hindi/audio/hi_04226.wav,"भारत एक विविध देश है"
/home/data/raw/hindi/audio/hi_04227.wav,"कृपया यहाँ हस्ताक्षर करें"
/home/data/raw/hindi/audio/hi_04228.wav,"यह मेरी समझ से बाहर है"
/home/data/raw/hindi/audio/hi_04229.wav,"उन्होंने एक नया रिकॉर्ड बनाया"
/home/data/raw/hindi/audio/hi_04230.wav,"शुभकामनाएं"
/home/data/raw/hindi/audio/hi_04231.wav,"नमस्ते आज मौसम बहुत अच्छा है"
/home/data/raw/hindi/audio/hi_04232.wav,"भारत की राजधानी नई दिल्ली है"
/home/data/raw/hindi/audio/hi_04233.wav,"क्या आप मेरी मदद कर सकते हैं"
/home/data/raw/hindi/audio/hi_04234.wav,"यह एक परीक्षण है"
/home/data/raw/hindi/audio/hi_04235.wav,"कृपया धीरे बोलें मुझे समझ नहीं आ रहा है"
/home/data/raw/hindi/audio/hi_04236.wav,"आपका नाम क्या है"
/home/data/raw/hindi/audio/hi_04237.wav,"मैं कल बाजार जाऊँगा"
/home/data/raw/hindi/audio/hi_04238.wav,"हमें सच बोलना चाहिए"
/home/data/raw/hindi/audio/hi_04239.wav,"यह ट्रेन कब रवाना होगी"
/home/data/raw/hindi/audio/hi_04240.wav,"सूर्य पूर्व से उदय होता है"
/home/data/raw/hindi/audio/hi_04241.wav,"आप कैसे हैं"
/home/data/raw/hindi/audio/hi_04242.wav,"वैज्ञानिकों ने एक नई खोज की है"
/home/data/raw/hindi/audio/hi_04243.wav,"मुझे हिंदी बोलना बहुत पसंद है"
/home/data/raw/hindi/audio/hi_04244.wav,"शिक्षा सफलता की कुंजी है"
/home/data/raw/hindi/audio/hi_04245.wav,"आज की ताजा खबर क्या है"
/home/data/raw/hindi/audio/hi_04246.wav,"उन्होंने अपनी पढ़ाई पूरी कर ली है"
/home/data/raw/hindi/audio/hi_04247.wav,"क्या आपके पास कोई सवाल है"
/home/data/raw/hindi/audio/hi_04248.wav,"यह एक बहुत ही खूबसूरत जगह है"
/home/data/raw/hindi/audio/hi_04249.wav,"हम सभी को पर्यावरण की रक्षा करनी चाहिए"
/home/data/raw/hindi/audio/hi_04250.wav,"वह बहुत मेहनती लड़का है"
/home/data/raw/hindi/audio/hi_04251.wav,"मुझे एक गिलास पानी चाहिए"
/home/data/raw/hindi/audio/hi_04252.wav,"डिजिटल इंडिया एक महत्वपूर्ण पहल है"
/home/data/raw/hindi/audio/hi_04253.wav,"खेलना बच्चों के लिए अच्छा है"
/home/data/raw/hindi/audio/hi_04254.wav,"मैं आपकी बात से सहमत हूँ"
/home/data/raw/hindi/audio/hi_04255.wav,"समय बहुत मूल्यवान है"
/home/data/raw/hindi/audio/hi_04256.wav,"भारत एक विविध देश है"
/home/data/raw/hindi/audio/hi_04257.wav,"कृपया यहाँ हस्ताक्षर करें"
/home/data/raw/hindi/audio/hi_04258.wav,"यह मेरी समझ से बाहर है"
/home/data/raw/hindi/audio/hi_04259.wav,"उन्होंने एक नया रिकॉर्ड बनाया"
/home/data/raw/hindi/audio/hi_04260.wav,"शुभकामनाएं"
/home/data/raw/hindi/audio/hi_04261.wav,"नमस्ते आज मौसम बहुत अच्छा है"
/home/data/raw/hindi/audio/hi_04262.wav,"भारत की राजधानी नई दिल्ली है"
/home/data/raw/hindi/audio/hi_04263.wav,"क्या आप मेरी मदद कर सकते हैं"
/home/data/raw/hindi/audio/hi_04264.wav,"यह एक परीक्षण है"
/home/data/raw/hindi/audio/hi_04265.wav,"कृपया धीरे बोलें मुझे समझ नहीं आ रहा है"
/home/data/raw/hindi/audio/hi_04266.wav,"आपका नाम क्या है"
/home/data/raw/hindi/audio/hi_04267.wav,"मैं कल बाजार जाऊँगा"
/home/data/raw/hindi/audio/hi_04268.wav,"हमें सच बोलना चाहिए"
/home/data/raw/hindi/audio/hi_04269.wav,"यह ट्रेन कब रवाना होगी"
/home/data/raw/hindi/audio/hi_04270.wav,"सूर्य पूर्व से उदय होता है"
/home/data/raw/hindi/audio/hi_04271.wav,"आप कैसे हैं"
/home/data/raw/hindi/audio/hi_04272.wav,"वैज्ञानिकों ने एक नई खोज की है"
/home/data/raw/hindi/audio/hi_04273.wav,"मुझे हिंदी बोलना बहुत पसंद है"
/home/data/raw/hindi/audio/hi_04274.wav,"शिक्षा सफलता की कुंजी है"
/home/data/raw/hindi/audio/hi_04275.wav,"आज की ताजा खबर क्या है"
/home/data/raw/hindi/audio/hi_04276.wav,"उन्होंने अपनी पढ़ाई पूरी कर ली है"
/home/data/raw/hindi/audio/hi_04277.wav,"क्या आपके पास कोई सवाल है"
/home/data/raw/hindi/audio/hi_04278.wav,"यह एक बहुत ही खूबसूरत जगह है"
/home/data/raw/hindi/audio/hi_04279.wav,"हम सभी को पर्यावरण की रक्षा करनी चाहिए"
/home/data/raw/hindi/audio/hi_04280.wav,"वह बहुत मेहनती लड़का है"
/home/data/raw/hindi/audio/hi_04281.wav,"मुझे एक गिलास पानी चाहिए"
/home/data/raw/hindi/audio/hi_04282.wav,"डिजिटल इंडिया एक महत्वपूर्ण पहल है"
/home/data/raw/hindi/audio/hi_04283.wav,"खेलना बच्चों के लिए अच्छा है"
/home/data/raw/hindi/audio/hi_04284.wav,"मैं आपकी बात से सहमत हूँ"
/home/data/raw/hindi/audio/hi_04285.wav,"समय बहुत मूल्यवान है"
/home/data/raw/hindi/audio/hi_04286.wav,"भारत एक विविध देश है"
/home/data/raw/hindi/audio/hi_04287.wav,"कृपया यहाँ हस्ताक्षर करें"
/home/data/raw/hindi/audio/hi_04288.wav,"यह मेरी समझ से बाहर है"
/home/data/raw/hindi/audio/hi_04289.wav,"उन्होंने एक नया रिकॉर्ड बनाया"
/home/data/raw/hindi/audio/hi_04290.wav,"शुभकामनाएं"
/home/data/raw/hindi/audio/hi_04291.wav,"नमस्ते आज मौसम बहुत अच्छा है"
/home/data/raw/hindi/audio/hi_04292.wav,"भारत की राजधानी नई दिल्ली है"
/home/data/raw/hindi/audio/hi_04293.wav,"क्या आप मेरी मदद कर सकते हैं"
/home/data/raw/hindi/audio/hi_04294.wav,"यह एक परीक्षण है"
/home/data/raw/hindi/audio/hi_04295.wav,"कृपया धीरे बोलें मुझे समझ नहीं आ रहा है"
/home/data/raw/hindi/audio/hi_04296.wav,"आपका नाम क्या है"
/home/data/raw/hindi/audio/hi_04297.wav,"मैं कल बाजार जाऊँगा"
/home/data/raw/hindi/audio/hi_04298.wav,"हमें सच बोलना चाहिए"
/home/data/raw/hindi/audio/hi_04299.wav,"यह ट्रेन कब रवाना होगी"
/home/data/raw/hindi/audio/hi_04300.wav,"सूर्य पूर्व से उदय होता है"
/home/data/raw/hindi/audio/hi_04301.wav,"आप कैसे हैं"
/home/data/raw/hindi/audio/hi_04302.wav,"वैज्ञानिकों ने एक नई खोज की है"
/home/data/raw/hindi/audio/hi_04303.wav,"मुझे हिंदी बोलना बहुत पसंद है"
/home/data/raw/hindi/audio/hi_04304.wav,"शिक्षा सफलता की कुंजी है"
/home/data/raw/hindi/audio/hi_04305.wav,"आज की ताजा खबर क्या है"
/home/data/raw/hindi/audio/hi_04306.wav,"उन्होंने अपनी पढ़ाई पूरी कर ली है"
/home/data/raw/hindi/audio/hi_04307.wav,"क्या आपके पास कोई सवाल है"
/home/data/raw/hindi/audio/hi_04308.wav,"यह एक बहुत ही खूबसूरत जगह है"
/home/data/raw/hindi/audio/hi_04309.wav,"हम सभी को पर्यावरण की रक्षा करनी चाहिए"
/home/data/raw/hindi/audio/hi_04310.wav,"वह बहुत मेहनती लड़का है"
/home/data/raw/hindi/audio/hi_04311.wav,"मुझे एक गिलास पानी चाहिए"
/home/data/raw/hindi/audio/hi_04312.wav,"डिजिटल इंडिया एक महत्वपूर्ण पहल है"
/home/data/raw/hindi/audio/hi_04313.wav,"खेलना बच्चों के लिए अच्छा है"
/home/data/raw/hindi/audio/hi_04314.wav,"मैं आपकी बात से सहमत हूँ"
/home/data/raw/hindi/audio/hi_04315.wav,"समय बहुत मूल्यवान है"
/home/data/raw/hindi/audio/hi_04316.wav,"भारत एक विविध देश है"
/home/data/raw/hindi/audio/hi_04317.wav,"कृपया यहाँ हस्ताक्षर करें"
/home/data/raw/hindi/audio/hi_04318.wav,"यह मेरी समझ से बाहर है"
/home/data/raw/hindi/audio/hi_04319.wav,"उन्होंने एक नया रिकॉर्ड बनाया"
/home/data/raw/hindi/audio/hi_04320.wav,"शुभकामनाएं"
/home/data/raw/hindi/audio/hi_04321.wav,"नमस्ते आज मौसम बहुत अच्छा है"
/home/data/raw/hindi/audio/hi_04322.wav,"भारत की राजधानी नई दिल्ली है"
/home/data/raw/hindi/audio/hi_04323.wav,"क्या आप मेरी मदद कर सकते हैं"
/home/data/raw/hindi/audio/hi_04324.wav,"यह एक परीक्षण है"
/home/data/raw/hindi/audio/hi_04325.wav,"कृपया धीरे बोलें मुझे समझ नहीं आ रहा है"
/home/data/raw/hindi/audio/hi_04326.wav,"आपका नाम क्या है"
/home/data/raw/hindi/audio/hi_04327.wav,"मैं कल बाजार जाऊँगा"
/home/data/raw/hindi/audio/hi_04328.wav,"हमें सच बोलना चाहिए"
/home/data/raw/hindi/audio/hi_04329.wav,"यह ट्रेन कब रवाना होगी"
/home/data/raw/hindi/audio/hi_04330.wav,"सूर्य पूर्व से उदय होता है"
/home/data/raw/hindi/audio/hi_04331.wav,"आप कैसे हैं"
/home/data/raw/hindi/audio/hi_04332.wav,"वैज्ञानिकों ने एक नई खोज की है"
/home/data/raw/hindi/audio/hi_04333.wav,"मुझे हिंदी बोलना बहुत पसंद है"
/home/data/raw/hindi/audio/hi_04334.wav,"शिक्षा सफलता की कुंजी है"
/home/data/raw/hindi/audio/hi_04335.wav,"आज की ताजा खबर क्या है"
/home/data/raw/hindi/audio/hi_04336.wav,"उन्होंने अपनी पढ़ाई पूरी कर ली है"
/home/data/raw/hindi/audio/hi_04337.wav,"क्या आपके पास कोई सवाल है"
/home/data/raw/hindi/audio/hi_04338.wav,"यह एक बहुत ही खूबसूरत जगह है"
/home/data/raw/hindi/audio/hi_04339.wav,"हम सभी को पर्यावरण की रक्षा करनी चाहिए"
/home/data/raw/hindi/audio/hi_04340.wav,"वह बहुत मेहनती लड़का है"
/home/data/raw/hindi/audio/hi_04341.wav,"मुझे एक गिलास पानी चाहिए"
/home/data/raw/hindi/audio/hi_04342.wav,"डिजिटल इंडिया एक महत्वपूर्ण पहल है"
/home/data/raw/hindi/audio/hi_04343.wav,"खेलना बच्चों के लिए अच्छा है"
/home/data/raw/hindi/audio/hi_04344.wav,"मैं आपकी बात से सहमत हूँ"
/home/data/raw/hindi/audio/hi_04345.wav,"समय बहुत मूल्यवान है"
/home/data/raw/hindi/audio/hi_04346.wav,"भारत एक विविध देश है"
/home/data/raw/hindi/audio/hi_04347.wav,"कृपया यहाँ हस्ताक्षर करें"
/home/data/raw/hindi/audio/hi_04348.wav,"यह मेरी समझ से बाहर है"
/home/data/raw/hindi/audio/hi_04349.wav,"उन्होंने एक नया रिकॉर्ड बनाया"
/home/data/raw/hindi/audio/hi_04350.wav,"शुभकामनाएं"
/home/data/raw/hindi/audio/hi_04351.wav,"नमस्ते आज मौसम बहुत अच्छा है"
/home/data/raw/hindi/audio/hi_04352.wav,"भारत की राजधानी नई दिल्ली है"
/home/data/raw/hindi/audio/hi_04353.wav,"क्या आप मेरी मदद कर सकते हैं"
/home/data/raw/hindi/audio/hi_04354.wav,"यह एक परीक्षण है"
/home/data/raw/hindi/audio/hi_04355.wav,"कृपया धीरे बोलें मुझे समझ नहीं आ रहा है"
/home/data/raw/hindi/audio/hi_04356.wav,"आपका नाम क्या है"
/home/data/raw/hindi/audio/hi_04357.wav,"मैं कल बाजार जाऊँगा"
/home/data/raw/hindi/audio/hi_04358.wav,"हमें सच बोलना चाहिए"
/home/data/raw/hindi/audio/hi_04359.wav,"यह ट्रेन कब रवाना होगी"
/home/data/raw/hindi/audio/hi_04360.wav,"सूर्य पूर्व से उदय होता है"
/home/data/raw/hindi/audio/hi_04361.wav,"आप कैसे हैं"
/home/data/raw/hindi/audio/hi_04362.wav,"वैज्ञानिकों ने एक नई खोज की है"
/home/data/raw/hindi/audio/hi_04363.wav,"मुझे हिंदी बोलना बहुत पसंद है"
/home/data/raw/hindi/audio/hi_04364.wav,"शिक्षा सफलता की कुंजी है"
/home/data/raw/hindi/audio/hi_04365.wav,"आज की ताजा खबर क्या है"
/home/data/raw/hindi/audio/hi_04366.wav,"उन्होंने अपनी पढ़ाई पूरी कर ली है"
/home/data/raw/hindi/audio/hi_04367.wav,"क्या आपके पास कोई सवाल है"
/home/data/raw/hindi/audio/hi_04368.wav,"यह एक बहुत ही खूबसूरत जगह है"
/home/data/raw/hindi/audio/hi_04369.wav,"हम सभी को पर्यावरण की रक्षा करनी चाहिए"
/home/data/raw/hindi/audio/hi_04370.wav,"वह बहुत मेहनती लड़का है"
/home/data/raw/hindi/audio/hi_04371.wav,"मुझे एक गिलास पानी चाहिए"
/home/data/raw/hindi/audio/hi_04372.wav,"डिजिटल इंडिया एक महत्वपूर्ण पहल है"
/home/data/raw/hindi/audio/hi_04373.wav,"खेलना बच्चों के लिए अच्छा है"
/home/data/raw/hindi/audio/hi_04374.wav,"मैं आपकी बात से सहमत हूँ"
/home/data/raw/hindi/audio/hi_04375.wav,"समय बहुत मूल्यवान है"
/home/data/raw/hindi/audio/hi_04376.wav,"भारत एक विविध देश है"
/home/data/raw/hindi/audio/hi_04377.wav,"कृपया यहाँ हस्ताक्षर करें"
/home/data/raw/hindi/audio/hi_04378.wav,"यह मेरी समझ से बाहर है"
/home/data/raw/hindi/audio/hi_04379.wav,"उन्होंने एक नया रिकॉर्ड बनाया"
/home/data/raw/hindi/audio/hi_04380.wav,"शुभकामनाएं"
/home/data/raw/hindi/audio/hi_04381.wav,"नमस्ते आज मौसम बहुत अच्छा है"
/home/data/raw/hindi/audio/hi_04382.wav,"भारत की राजधानी नई दिल्ली है"
/home/data/raw/hindi/audio/hi_04383.wav,"क्या आप मेरी मदद कर सकते हैं"
/home/data/raw/hindi/audio/hi_04384.wav,"यह एक परीक्षण है"
/home/data/raw/hindi/audio/hi_04385.wav,"कृपया धीरे बोलें मुझे समझ नहीं आ रहा है"
/home/data/raw/hindi/audio/hi_04386.wav,"आपका नाम क्या है"
/home/data/raw/hindi/audio/hi_04387.wav,"मैं कल बाजार जाऊँगा"
/home/data/raw/hindi/audio/hi_04388.wav,"हमें सच बोलना चाहिए"
/home/data/raw/hindi/audio/hi_04389.wav,"यह ट्रेन कब रवाना होगी"
/home/data/raw/hindi/audio/hi_04390.wav,"सूर्य पूर्व से उदय होता है"
/home/data/raw/hindi/audio/hi_04391.wav,"आप कैसे हैं"
/home/data/raw/hindi/audio/hi_04392.wav,"वैज्ञानिकों ने एक नई खोज की है"
/home/data/raw/hindi/audio/hi_04393.wav,"मुझे हिंदी बोलना बहुत पसंद है"
/home/data/raw/hindi/audio/hi_04394.wav,"शिक्षा सफलता की कुंजी है"
/home/data/raw/hindi/audio/hi_04395.wav,"आज की ताजा खबर क्या है"
/home/data/raw/hindi/audio/hi_04396.wav,"उन्होंने अपनी पढ़ाई पूरी कर ली है"
/home/data/raw/hindi/audio/hi_04397.wav,"क्या आपके पास कोई सवाल है"
/home/data/raw/hindi/audio/hi_04398.wav,"यह एक बहुत ही खूबसूरत जगह है"
/home/data/raw/hindi/audio/hi_04399.wav,"हम सभी को पर्यावरण की रक्षा करनी चाहिए"
/home/data/raw/hindi/audio/hi_04400.wav,"वह बहुत मेहनती लड़का है"
/home/data/raw/hindi/audio/hi_04401.wav,"मुझे एक गिलास पानी चाहिए"
/home/data/raw/hindi/audio/hi_04402.wav,"डिजिटल इंडिया एक महत्वपूर्ण पहल है"
/home/data/raw/hindi/audio/hi_04403.wav,"खेलना बच्चों के लिए अच्छा है"
/home/data/raw/hindi/audio/hi_04404.wav,"मैं आपकी बात से सहमत हूँ"
/home/data/raw/hindi/audio/hi_04405.wav,"समय बहुत मूल्यवान है"
/home/data/raw/hindi/audio/hi_04406.wav,"भारत एक विविध देश है"
/home/data/raw/hindi/audio/hi_04407.wav,"कृपया यहाँ हस्ताक्षर करें"
/home/data/raw/hindi/audio/hi_04408.wav,"यह मेरी समझ से बाहर है"
/home/data/raw/hindi/audio/hi_04409.wav,"उन्होंने एक नया रिकॉर्ड बनाया"
/home/data/raw/hindi/audio/hi_04410.wav,"शुभकामनाएं"
/home/data/raw/hindi/audio/hi_04411.wav,"नमस्ते आज मौसम बहुत अच्छा है"
/home/data/raw/hindi/audio/hi_04412.wav,"भारत की राजधानी नई दिल्ली है"
/home/data/raw/hindi/audio/hi_04413.wav,"क्या आप मेरी मदद कर सकते हैं"
/home/data/raw/hindi/audio/hi_04414.wav,"यह एक परीक्षण है"
/home/data/raw/hindi/audio/hi_04415.wav,"कृपया धीरे बोलें मुझे समझ नहीं आ रहा है"
/home/data/raw/hindi/audio/hi_04416.wav,"आपका नाम क्या है"
/home/data/raw/hindi/audio/hi_04417.wav,"मैं कल बाजार जाऊँगा"
/home/data/raw/hindi/audio/hi_04418.wav,"हमें सच बोलना चाहिए"
/home/data/raw/hindi/audio/hi_04419.wav,"यह ट्रेन कब रवाना होगी"
/home/data/raw/hindi/audio/hi_04420.wav,"सूर्य पूर्व से उदय होता है"
/home/data/raw/hindi/audio/hi_04421.wav,"आप कैसे हैं"
/home/data/raw/hindi/audio/hi_04422.wav,"वैज्ञानिकों ने एक नई खोज की है"
/home/data/raw/hindi/audio/hi_04423.wav,"मुझे हिंदी बोलना बहुत पसंद है"
/home/data/raw/hindi/audio/hi_04424.wav,"शिक्षा सफलता की कुंजी है"
/home/data/raw/hindi/audio/hi_04425.wav,"आज की ताजा खबर क्या है"
/home/data/raw/hindi/audio/hi_04426.wav,"उन्होंने अपनी पढ़ाई पूरी कर ली है"
/home/data/raw/hindi/audio/hi_04427.wav,"क्या आपके पास कोई सवाल है"
/home/data/raw/hindi/audio/hi_04428.wav,"यह एक बहुत ही खूबसूरत जगह है"
/home/data/raw/hindi/audio/hi_04429.wav,"हम सभी को पर्यावरण की रक्षा करनी चाहिए"
/home/data/raw/hindi/audio/hi_04430.wav,"वह बहुत मेहनती लड़का है"
/home/data/raw/hindi/audio/hi_04431.wav,"मुझे एक गिलास पानी चाहिए"
/home/data/raw/hindi/audio/hi_04432.wav,"डिजिटल इंडिया एक महत्वपूर्ण पहल है"
/home/data/raw/hindi/audio/hi_04433.wav,"खेलना बच्चों के लिए अच्छा है"
/home/data/raw/hindi/audio/hi_04434.wav,"मैं आपकी बात से सहमत हूँ"
/home/data/raw/hindi/audio/hi_04435.wav,"समय बहुत मूल्यवान है"
/home/data/raw/hindi/audio/hi_04436.wav,"भारत एक विविध देश है"
/home/data/raw/hindi/audio/hi_04437.wav,"कृपया यहाँ हस्ताक्षर करें"
/home/data/raw/hindi/audio/hi_04438.wav,"यह मेरी समझ से बाहर है"
/home/data/raw/hindi/audio/hi_04439.wav,"उन्होंने एक नया रिकॉर्ड बनाया"
/home/data/raw/hindi/audio/hi_04440.wav,"शुभकामनाएं"
/home/data/raw/hindi/audio/hi_04441.wav,"नमस्ते आज मौसम बहुत अच्छा है"
/home/data/raw/hindi/audio/hi_04442.wav,"भारत की राजधानी नई दिल्ली है"
/home/data/raw/hindi/audio/hi_04443.wav,"क्या आप मेरी मदद कर सकते हैं"
/home/data/raw/hindi/audio/hi_04444.wav,"यह एक परीक्षण है"
/home/data/raw/hindi/audio/hi_04445.wav,"कृपया धीरे बोलें मुझे समझ नहीं आ रहा है"
/home/data/raw/hindi/audio/hi_04446.wav,"आपका नाम क्या है"
/home/data/raw/hindi/audio/hi_04447.wav,"मैं कल बाजार जाऊँगा"
/home/data/raw/hindi/audio/hi_04448.wav,"हमें सच बोलना चाहिए"
/home/data/raw/hindi/audio/hi_04449.wav,"यह ट्रेन कब रवाना होगी"
/home/data/raw/hindi/audio/hi_04450.wav,"सूर्य पूर्व से उदय होता है"
/home/data/raw/hindi/audio/hi_04451.wav,"आप कैसे हैं"
/home/data/raw/hindi/audio/hi_04452.wav,"वैज्ञानिकों ने एक नई खोज की है"
/home/data/raw/hindi/audio/hi_04453.wav,"मुझे हिंदी बोलना बहुत पसंद है"
/home/data/raw/hindi/audio/hi_04454.wav,"शिक्षा सफलता की कुंजी है"
/home/data/raw/hindi/audio/hi_04455.wav,"आज की ताजा खबर क्या है"
/home/data/raw/hindi/audio/hi_04456.wav,"उन्होंने अपनी पढ़ाई पूरी कर ली है"
/home/data/raw/hindi/audio/hi_04457.wav,"क्या आपके पास कोई सवाल है"
/home/data/raw/hindi/audio/hi_04458.wav,"यह एक बहुत ही खूबसूरत जगह है"
/home/data/raw/hindi/audio/hi_04459.wav,"हम सभी को पर्यावरण की रक्षा करनी चाहिए"
/home/data/raw/hindi/audio/hi_04460.wav,"वह बहुत मेहनती लड़का है"
/home/data/raw/hindi/audio/hi_04461.wav,"मुझे एक गिलास पानी चाहिए"
/home/data/raw/hindi/audio/hi_04462.wav,"डिजिटल इंडिया एक महत्वपूर्ण पहल है"
/home/data/raw/hindi/audio/hi_04463.wav,"खेलना बच्चों के लिए अच्छा है"
/home/data/raw/hindi/audio/hi_04464.wav,"मैं आपकी बात से सहमत हूँ"
/home/data/raw/hindi/audio/hi_04465.wav,"समय बहुत मूल्यवान है"
/home/data/raw/hindi/audio/hi_04466.wav,"भारत एक विविध देश है"
/home/data/raw/hindi/audio/hi_04467.wav,"कृपया यहाँ हस्ताक्षर करें"
/home/data/raw/hindi/audio/hi_04468.wav,"यह मेरी समझ से बाहर है"
/home/data/raw/hindi/audio/hi_04469.wav,"उन्होंने एक नया रिकॉर्ड बनाया"
/home/data/raw/hindi/audio/hi_04470.wav,"शुभकामनाएं"
/home/data/raw/hindi/audio/hi_04471.wav,"नमस्ते आज मौसम बहुत अच्छा है"
/home/data/raw/hindi/audio/hi_04472.wav,"भारत की राजधानी नई दिल्ली है"
/home/data/raw/hindi/audio/hi_04473.wav,"क्या आप मेरी मदद कर सकते हैं"
/home/data/raw/hindi/audio/hi_04474.wav,"यह एक परीक्षण है"
/home/data/raw/hindi/audio/hi_04475.wav,"कृपया धीरे बोलें मुझे समझ नहीं आ रहा है"
/home/data/raw/hindi/audio/hi_04476.wav,"आपका नाम क्या है"
/home/data/raw/hindi/audio/hi_04477.wav,"मैं कल बाजार जाऊँगा"
/home/data/raw/hindi/audio/hi_04478.wav,"हमें सच बोलना चाहिए"
/home/data/raw/hindi/audio/hi_04479.wav,"यह ट्रेन कब रवाना होगी"
/home/data/raw/hindi/audio/hi_04480.wav,"सूर्य पूर्व से उदय होता है"
/home/data/raw/hindi/audio/hi_04481.wav,"आप कैसे हैं"
/home/data/raw/hindi/audio/hi_04482.wav,"वैज्ञानिकों ने एक नई खोज की है"
/home/data/raw/hindi/audio/hi_04483.wav,"मुझे हिंदी बोलना बहुत पसंद है"
/home/data/raw/hindi/audio/hi_04484.wav,"शिक्षा सफलता की कुंजी है"
/home/data/raw/hindi/audio/hi_04485.wav,"आज की ताजा खबर क्या है"
/home/data/raw/hindi/audio/hi_04486.wav,"उन्होंने अपनी पढ़ाई पूरी कर ली है"
/home/data/raw/hindi/audio/hi_04487.wav,"क्या आपके पास कोई सवाल है"
/home/data/raw/hindi/audio/hi_04488.wav,"यह एक बहुत ही खूबसूरत जगह है"
/home/data/raw/hindi/audio/hi_04489.wav,"हम सभी को पर्यावरण की रक्षा करनी चाहिए"
/home/data/raw/hindi/audio/hi_04490.wav,"वह बहुत मेहनती लड़का है"
/home/data/raw/hindi/audio/hi_04491.wav,"मुझे एक गिलास पानी चाहिए"
/home/data/raw/hindi/audio/hi_04492.wav,"डिजिटल इंडिया एक महत्वपूर्ण पहल है"
/home/data/raw/hindi/audio/hi_04493.wav,"खेलना बच्चों के लिए अच्छा है"
/home/data/raw/hindi/audio/hi_04494.wav,"मैं आपकी बात से सहमत हूँ"
/home/data/raw/hindi/audio/hi_04495.wav,"समय बहुत मूल्यवान है"
/home/data/raw/hindi/audio/hi_04496.wav,"भारत एक विविध देश है"
/home/data/raw/hindi/audio/hi_04497.wav,"कृपया यहाँ हस्ताक्षर करें"
/home/data/raw/hindi/audio/hi_04498.wav,"यह मेरी समझ से बाहर है"
/home/data/raw/hindi/audio/hi_04499.wav,"उन्होंने एक नया रिकॉर्ड बनाया"
/home/data/raw/hindi/audio/hi_04500.wav,"शुभकामनाएं"
/home/data/raw/hindi/audio/hi_04501.wav,"नमस्ते आज मौसम बहुत अच्छा है"
/home/data/raw/hindi/audio/hi_04502.wav,"भारत की राजधानी नई दिल्ली है"
/home/data/raw/hindi/audio/hi_04503.wav,"क्या आप मेरी मदद कर सकते हैं"
/home/data/raw/hindi/audio/hi_04504.wav,"यह एक परीक्षण है"
/home/data/raw/hindi/audio/hi_04505.wav,"कृपया धीरे बोलें मुझे समझ नहीं आ रहा है"
/home/data/raw/hindi/audio/hi_04506.wav,"आपका नाम क्या है"
/home/data/raw/hindi/audio/hi_04507.wav,"मैं कल बाजार जाऊँगा"
/home/data/raw/hindi/audio/hi_04508.wav,"हमें सच बोलना चाहिए"
/home/data/raw/hindi/audio/hi_04509.wav,"यह ट्रेन कब रवाना होगी"
/home/data/raw/hindi/audio/hi_04510.wav,"सूर्य पूर्व से उदय होता है"
/home/data/raw/hindi/audio/hi_04511.wav,"आप कैसे हैं"
/home/data/raw/hindi/audio/hi_04512.wav,"वैज्ञानिकों ने एक नई खोज की है"
/home/data/raw/hindi/audio/hi_04513.wav,"मुझे हिंदी बोलना बहुत पसंद है"
/home/data/raw/hindi/audio/hi_04514.wav,"शिक्षा सफलता की कुंजी है"
/home/data/raw/hindi/audio/hi_04515.wav,"आज की ताजा खबर क्या है"
/home/data/raw/hindi/audio/hi_04516.wav,"उन्होंने अपनी पढ़ाई पूरी कर ली है"
/home/data/raw/hindi/audio/hi_04517.wav,"क्या आपके पास कोई सवाल है"
/home/data/raw/hindi/audio/hi_04518.wav,"यह एक बहुत ही खूबसूरत जगह है"
/home/data/raw/hindi/audio/hi_04519.wav,"हम सभी को पर्यावरण की रक्षा करनी चाहिए"
/home/data/raw/hindi/audio/hi_04520.wav,"वह बहुत मेहनती लड़का है"
/home/data/raw/hindi/audio/hi_04521.wav,"मुझे एक गिलास पानी चाहिए"
/home/data/raw/hindi/audio/hi_04522.wav,"डिजिटल इंडिया एक महत्वपूर्ण पहल है"
/home/data/raw/hindi/audio/hi_04523.wav,"खेलना बच्चों के लिए अच्छा है"
/home/data/raw/hindi/audio/hi_04524.wav,"मैं आपकी बात से सहमत हूँ"
/home/data/raw/hindi/audio/hi_04525.wav,"समय बहुत मूल्यवान है"
/home/data/raw/hindi/audio/hi_04526.wav,"भारत एक विविध देश है"
/home/data/raw/hindi/audio/hi_04527.wav,"कृपया यहाँ हस्ताक्षर करें"
/home/data/raw/hindi/audio/hi_04528.wav,"यह मेरी समझ से बाहर है"
/home/data/raw/hindi/audio/hi_04529.wav,"उन्होंने एक नया रिकॉर्ड बनाया"
/home/data/raw/hindi/audio/hi_04530.wav,"शुभकामनाएं"
/home/data/raw/hindi/audio/hi_04531.wav,"नमस्ते आज मौसम बहुत अच्छा है"
/home/data/raw/hindi/audio/hi_04532.wav,"भारत की राजधानी नई दिल्ली है"
/home/data/raw/hindi/audio/hi_04533.wav,"क्या आप मेरी मदद कर सकते हैं"
/home/data/raw/hindi/audio/hi_04534.wav,"यह एक परीक्षण है"
/home/data/raw/hindi/audio/hi_04535.wav,"कृपया धीरे बोलें मुझे समझ नहीं आ रहा है"
/home/data/raw/hindi/audio/hi_04536.wav,"आपका नाम क्या है"
/home/data/raw/hindi/audio/hi_04537.wav,"मैं कल बाजार जाऊँगा"
/home/data/raw/hindi/audio/hi_04538.wav,"हमें सच बोलना चाहिए"
/home/data/raw/hindi/audio/hi_04539.wav,"यह ट्रेन कब रवाना होगी"
/home/data/raw/hindi/audio/hi_04540.wav,"सूर्य पूर्व से उदय होता है"
/home/data/raw/hindi/audio/hi_04541.wav,"आप कैसे हैं"
/home/data/raw/hindi/audio/hi_04542.wav,"वैज्ञानिकों ने एक नई खोज की है"
/home/data/raw/hindi/audio/hi_04543.wav,"मुझे हिंदी बोलना बहुत पसंद है"
/home/data/raw/hindi/audio/hi_04544.wav,"शिक्षा सफलता की कुंजी है"
/home/data/raw/hindi/audio/hi_04545.wav,"आज की ताजा खबर क्या है"
/home/data/raw/hindi/audio/hi_04546.wav,"उन्होंने अपनी पढ़ाई पूरी कर ली है"
/home/data/raw/hindi/audio/hi_04547.wav,"क्या आपके पास कोई सवाल है"
/home/data/raw/hindi/audio/hi_04548.wav,"यह एक बहुत ही खूबसूरत जगह है"
/home/data/raw/hindi/audio/hi_04549.wav,"हम सभी को पर्यावरण की रक्षा करनी चाहिए"
/home/data/raw/hindi/audio/hi_04550.wav,"वह बहुत मेहनती लड़का है"
/home/data/raw/hindi/audio/hi_04551.wav,"मुझे एक गिलास पानी चाहिए"
/home/data/raw/hindi/audio/hi_04552.wav,"डिजिटल इंडिया एक महत्वपूर्ण पहल है"
/home/data/raw/hindi/audio/hi_04553.wav,"खेलना बच्चों के लिए अच्छा है"
/home/data/raw/hindi/audio/hi_04554.wav,"मैं आपकी बात से सहमत हूँ"
/home/data/raw/hindi/audio/hi_04555.wav,"समय बहुत मूल्यवान है"
/home/data/raw/hindi/audio/hi_04556.wav,"भारत एक विविध देश है"
/home/data/raw/hindi/audio/hi_04557.wav,"कृपया यहाँ हस्ताक्षर करें"
/home/data/raw/hindi/audio/hi_04558.wav,"यह मेरी समझ से बाहर है"
/home/data/raw/hindi/audio/hi_04559.wav,"उन्होंने एक नया रिकॉर्ड बनाया"
/home/data/raw/hindi/audio/hi_04560.wav,"शुभकामनाएं"
/home/data/raw/hindi/audio/hi_04561.wav,"नमस्ते आज मौसम बहुत अच्छा है"
/home/data/raw/hindi/audio/hi_04562.wav,"भारत की राजधानी नई दिल्ली है"
/home/data/raw/hindi/audio/hi_04563.wav,"क्या आप मेरी मदद कर सकते हैं"
/home/data/raw/hindi/audio/hi_04564.wav,"यह एक परीक्षण है"
/home/data/raw/hindi/audio/hi_04565.wav,"कृपया धीरे बोलें मुझे समझ नहीं आ रहा है"
/home/data/raw/hindi/audio/hi_04566.wav,"आपका नाम क्या है"
/home/data/raw/hindi/audio/hi_04567.wav,"मैं कल बाजार जाऊँगा"
/home/data/raw/hindi/audio/hi_04568.wav,"हमें सच बोलना चाहिए"
/home/data/raw/hindi/audio/hi_04569.wav,"यह ट्रेन कब रवाना होगी"
/home/data/raw/hindi/audio/hi_04570.wav,"सूर्य पूर्व से उदय होता है"
/home/data/raw/hindi/audio/hi_04571.wav,"आप कैसे हैं"
/home/data/raw/hindi/audio/hi_04572.wav,"वैज्ञानिकों ने एक नई खोज की है"
/home/data/raw/hindi/audio/hi_04573.wav,"मुझे हिंदी बोलना बहुत पसंद है"
/home/data/raw/hindi/audio/hi_04574.wav,"शिक्षा सफलता की कुंजी है"
/home/data/raw/hindi/audio/hi_04575.wav,"आज की ताजा खबर क्या है"
/home/data/raw/hindi/audio/hi_04576.wav,"उन्होंने अपनी पढ़ाई पूरी कर ली है"
/home/data/raw/hindi/audio/hi_04577.wav,"क्या आपके पास कोई सवाल है"
/home/data/raw/hindi/audio/hi_04578.wav,"यह एक बहुत ही खूबसूरत जगह है"
/home/data/raw/hindi/audio/hi_04579.wav,"हम सभी को पर्यावरण की रक्षा करनी चाहिए"
/home/data/raw/hindi/audio/hi_04580.wav,"वह बहुत मेहनती लड़का है"
/home/data/raw/hindi/audio/hi_04581.wav,"मुझे एक गिलास पानी चाहिए"
/home/data/raw/hindi/audio/hi_04582.wav,"डिजिटल इंडिया एक महत्वपूर्ण पहल है"
/home/data/raw/hindi/audio/hi_04583.wav,"खेलना बच्चों के लिए अच्छा है"
/home/data/raw/hindi/audio/hi_04584.wav,"मैं आपकी बात से सहमत हूँ"
/home/data/raw/hindi/audio/hi_04585.wav,"समय बहुत मूल्यवान है"
/home/data/raw/hindi/audio/hi_04586.wav,"भारत एक विविध देश है"
/home/data/raw/hindi/audio/hi_04587.wav,"कृपया यहाँ हस्ताक्षर करें"
/home/data/raw/hindi/audio/hi_04588.wav,"यह मेरी समझ से बाहर है"
/home/data/raw/hindi/audio/hi_04589.wav,"उन्होंने एक नया रिकॉर्ड बनाया"
/home/data/raw/hindi/audio/hi_04590.wav,"शुभकामनाएं"
/home/data/raw/hindi/audio/hi_04591.wav,"नमस्ते आज मौसम बहुत अच्छा है"
/home/data/raw/hindi/audio/hi_04592.wav,"भारत की राजधानी नई दिल्ली है"
/home/data/raw/hindi/audio/hi_04593.wav,"क्या आप मेरी मदद कर सकते हैं"
/home/data/raw/hindi/audio/hi_04594.wav,"यह एक परीक्षण है"
/home/data/raw/hindi/audio/hi_04595.wav,"कृपया धीरे बोलें मुझे समझ नहीं आ रहा है"
/home/data/raw/hindi/audio/hi_04596.wav,"आपका नाम क्या है"
/home/data/raw/hindi/audio/hi_04597.wav,"मैं कल बाजार जाऊँगा"
/home/data/raw/hindi/audio/hi_04598.wav,"हमें सच बोलना चाहिए"
/home/data/raw/hindi/audio/hi_04599.wav,"यह ट्रेन कब रवाना होगी"
/home/data/raw/hindi/audio/hi_04600.wav,"सूर्य पूर्व से उदय होता है"
/home/data/raw/hindi/audio/hi_04601.wav,"आप कैसे हैं"
/home/data/raw/hindi/audio/hi_04602.wav,"वैज्ञानिकों ने एक नई खोज की है"
/home/data/raw/hindi/audio/hi_04603.wav,"मुझे हिंदी बोलना बहुत पसंद है"
/home/data/raw/hindi/audio/hi_04604.wav,"शिक्षा सफलता की कुंजी है"
/home/data/raw/hindi/audio/hi_04605.wav,"आज की ताजा खबर क्या है"
/home/data/raw/hindi/audio/hi_04606.wav,"उन्होंने अपनी पढ़ाई पूरी कर ली है"
/home/data/raw/hindi/audio/hi_04607.wav,"क्या आपके पास कोई सवाल है"
/home/data/raw/hindi/audio/hi_04608.wav,"यह एक बहुत ही खूबसूरत जगह है"
/home/data/raw/hindi/audio/hi_04609.wav,"हम सभी को पर्यावरण की रक्षा करनी चाहिए"
/home/data/raw/hindi/audio/hi_04610.wav,"वह बहुत मेहनती लड़का है"
/home/data/raw/hindi/audio/hi_04611.wav,"मुझे एक गिलास पानी चाहिए"
/home/data/raw/hindi/audio/hi_04612.wav,"डिजिटल इंडिया एक महत्वपूर्ण पहल है"
/home/data/raw/hindi/audio/hi_04613.wav,"खेलना बच्चों के लिए अच्छा है"
/home/data/raw/hindi/audio/hi_04614.wav,"मैं आपकी बात से सहमत हूँ"
/home/data/raw/hindi/audio/hi_04615.wav,"समय बहुत मूल्यवान है"
/home/data/raw/hindi/audio/hi_04616.wav,"भारत एक विविध देश है"
/home/data/raw/hindi/audio/hi_04617.wav,"कृपया यहाँ हस्ताक्षर करें"
/home/data/raw/hindi/audio/hi_04618.wav,"यह मेरी समझ से बाहर है"
/home/data/raw/hindi/audio/hi_04619.wav,"उन्होंने एक नया रिकॉर्ड बनाया"
/home/data/raw/hindi/audio/hi_04620.wav,"शुभकामनाएं"
/home/data/raw/hindi/audio/hi_04621.wav,"नमस्ते आज मौसम बहुत अच्छा है"
/home/data/raw/hindi/audio/hi_04622.wav,"भारत की राजधानी नई दिल्ली है"
/home/data/raw/hindi/audio/hi_04623.wav,"क्या आप मेरी मदद कर सकते हैं"
/home/data/raw/hindi/audio/hi_04624.wav,"यह एक परीक्षण है"
/home/data/raw/hindi/audio/hi_04625.wav,"कृपया धीरे बोलें मुझे समझ नहीं आ रहा है"
/home/data/raw/hindi/audio/hi_04626.wav,"आपका नाम क्या है"
/home/data/raw/hindi/audio/hi_04627.wav,"मैं कल बाजार जाऊँगा"
/home/data/raw/hindi/audio/hi_04628.wav,"हमें सच बोलना चाहिए"
/home/data/raw/hindi/audio/hi_04629.wav,"यह ट्रेन कब रवाना होगी"
/home/data/raw/hindi/audio/hi_04630.wav,"सूर्य पूर्व से उदय होता है"
/home/data/raw/hindi/audio/hi_04631.wav,"आप कैसे हैं"
/home/data/raw/hindi/audio/hi_04632.wav,"वैज्ञानिकों ने एक नई खोज की है"
/home/data/raw/hindi/audio/hi_04633.wav,"मुझे हिंदी बोलना बहुत पसंद है"
/home/data/raw/hindi/audio/hi_04634.wav,"शिक्षा सफलता की कुंजी है"
/home/data/raw/hindi/audio/hi_04635.wav,"आज की ताजा खबर क्या है"
/home/data/raw/hindi/audio/hi_04636.wav,"उन्होंने अपनी पढ़ाई पूरी कर ली है"
/home/data/raw/hindi/audio/hi_04637.wav,"क्या आपके पास कोई सवाल है"
/home/data/raw/hindi/audio/hi_04638.wav,"यह एक बहुत ही खूबसूरत जगह है"
/home/data/raw/hindi/audio/hi_04639.wav,"हम सभी को पर्यावरण की रक्षा करनी चाहिए"
/home/data/raw/hindi/audio/hi_04640.wav,"वह बहुत मेहनती लड़का है"
/home/data/raw/hindi/audio/hi_04641.wav,"मुझे एक गिलास पानी चाहिए"
/home/data/raw/hindi/audio/hi_04642.wav,"डिजिटल इंडिया एक महत्वपूर्ण पहल है"
/home/data/raw/hindi/audio/hi_04643.wav,"खेलना बच्चों के लिए अच्छा है"
/home/data/raw/hindi/audio/hi_04644.wav,"मैं आपकी बात से सहमत हूँ"
/home/data/raw/hindi/audio/hi_04645.wav,"समय बहुत मूल्यवान है"
/home/data/raw/hindi/audio/hi_04646.wav,"भारत एक विविध देश है"
/home/data/raw/hindi/audio/hi_04647.wav,"कृपया यहाँ हस्ताक्षर करें"
/home/data/raw/hindi/audio/hi_04648.wav,"यह मेरी समझ से बाहर है"
/home/data/raw/hindi/audio/hi_04649.wav,"उन्होंने एक नया रिकॉर्ड बनाया"
/home/data/raw/hindi/audio/hi_04650.wav,"शुभकामनाएं"
/home/data/raw/hindi/audio/hi_04651.wav,"नमस्ते आज मौसम बहुत अच्छा है"
/home/data/raw/hindi/audio/hi_04652.wav,"भारत की राजधानी नई दिल्ली है"
/home/data/raw/hindi/audio/hi_04653.wav,"क्या आप मेरी मदद कर सकते हैं"
/home/data/raw/hindi/audio/hi_04654.wav,"यह एक परीक्षण है"
/home/data/raw/hindi/audio/hi_04655.wav,"कृपया धीरे बोलें मुझे समझ नहीं आ रहा है"
/home/data/raw/hindi/audio/hi_04656.wav,"आपका नाम क्या है"
/home/data/raw/hindi/audio/hi_04657.wav,"मैं कल बाजार जाऊँगा"
/home/data/raw/hindi/audio/hi_04658.wav,"हमें सच बोलना चाहिए"
/home/data/raw/hindi/audio/hi_04659.wav,"यह ट्रेन कब रवाना होगी"
/home/data/raw/hindi/audio/hi_04660.wav,"सूर्य पूर्व से उदय होता है"
/home/data/raw/hindi/audio/hi_04661.wav,"आप कैसे हैं"
/home/data/raw/hindi/audio/hi_04662.wav,"वैज्ञानिकों ने एक नई खोज की है"
/home/data/raw/hindi/audio/hi_04663.wav,"मुझे हिंदी बोलना बहुत पसंद है"
/home/data/raw/hindi/audio/hi_04664.wav,"शिक्षा सफलता की कुंजी है"
/home/data/raw/hindi/audio/hi_04665.wav,"आज की ताजा खबर क्या है"
/home/data/raw/hindi/audio/hi_04666.wav,"उन्होंने अपनी पढ़ाई पूरी कर ली है"
/home/data/raw/hindi/audio/hi_04667.wav,"क्या आपके पास कोई सवाल है"
/home/data/raw/hindi/audio/hi_04668.wav,"यह एक बहुत ही खूबसूरत जगह है"
/home/data/raw/hindi/audio/hi_04669.wav,"हम सभी को पर्यावरण की रक्षा करनी चाहिए"
/home/data/raw/hindi/audio/hi_04670.wav,"वह बहुत मेहनती लड़का है"
/home/data/raw/hindi/audio/hi_04671.wav,"मुझे एक गिलास पानी चाहिए"
/home/data/raw/hindi/audio/hi_04672.wav,"डिजिटल इंडिया एक महत्वपूर्ण पहल है"
/home/data/raw/hindi/audio/hi_04673.wav,"खेलना बच्चों के लिए अच्छा है"
/home/data/raw/hindi/audio/hi_04674.wav,"मैं आपकी बात से सहमत हूँ"
/home/data/raw/hindi/audio/hi_04675.wav,"समय बहुत मूल्यवान है"
/home/data/raw/hindi/audio/hi_04676.wav,"भारत एक विविध देश है"
/home/data/raw/hindi/audio/hi_04677.wav,"कृपया यहाँ हस्ताक्षर करें"
/home/data/raw/hindi/audio/hi_04678.wav,"यह मेरी समझ से बाहर है"
/home/data/raw/hindi/audio/hi_04679.wav,"उन्होंने एक नया रिकॉर्ड बनाया"
/home/data/raw/hindi/audio/hi_04680.wav,"शुभकामनाएं"
/home/data/raw/hindi/audio/hi_04681.wav,"नमस्ते आज मौसम बहुत अच्छा है"
/home/data/raw/hindi/audio/hi_04682.wav,"भारत की राजधानी नई दिल्ली है"
/home/data/raw/hindi/audio/hi_04683.wav,"क्या आप मेरी मदद कर सकते हैं"
/home/data/raw/hindi/audio/hi_04684.wav,"यह एक परीक्षण है"
/home/data/raw/hindi/audio/hi_04685.wav,"कृपया धीरे बोलें मुझे समझ नहीं आ रहा है"
/home/data/raw/hindi/audio/hi_04686.wav,"आपका नाम क्या है"
/home/data/raw/hindi/audio/hi_04687.wav,"मैं कल बाजार जाऊँगा"
/home/data/raw/hindi/audio/hi_04688.wav,"हमें सच बोलना चाहिए"
/home/data/raw/hindi/audio/hi_04689.wav,"यह ट्रेन कब रवाना होगी"
/home/data/raw/hindi/audio/hi_04690.wav,"सूर्य पूर्व से उदय होता है"
/home/data/raw/hindi/audio/hi_04691.wav,"आप कैसे हैं"
/home/data/raw/hindi/audio/hi_04692.wav,"वैज्ञानिकों ने एक नई खोज की है"
/home/data/raw/hindi/audio/hi_04693.wav,"मुझे हिंदी बोलना बहुत पसंद है"
/home/data/raw/hindi/audio/hi_04694.wav,"शिक्षा सफलता की कुंजी है"
/home/data/raw/hindi/audio/hi_04695.wav,"आज की ताजा खबर क्या है"
/home/data/raw/hindi/audio/hi_04696.wav,"उन्होंने अपनी पढ़ाई पूरी कर ली है"
/home/data/raw/hindi/audio/hi_04697.wav,"क्या आपके पास कोई सवाल है"
/home/data/raw/hindi/audio/hi_04698.wav,"यह एक बहुत ही खूबसूरत जगह है"
/home/data/raw/hindi/audio/hi_04699.wav,"हम सभी को पर्यावरण की रक्षा करनी चाहिए"
/home/data/raw/hindi/audio/hi_04700.wav,"वह बहुत मेहनती लड़का है"
/home/data/raw/hindi/audio/hi_04701.wav,"मुझे एक गिलास पानी चाहिए"
/home/data/raw/hindi/audio/hi_04702.wav,"डिजिटल इंडिया एक महत्वपूर्ण पहल है"
/home/data/raw/hindi/audio/hi_04703.wav,"खेलना बच्चों के लिए अच्छा है"
/home/data/raw/hindi/audio/hi_04704.wav,"मैं आपकी बात से सहमत हूँ"
/home/data/raw/hindi/audio/hi_04705.wav,"समय बहुत मूल्यवान है"
/home/data/raw/hindi/audio/hi_04706.wav,"भारत एक विविध देश है"
/home/data/raw/hindi/audio/hi_04707.wav,"कृपया यहाँ हस्ताक्षर करें"
/home/data/raw/hindi/audio/hi_04708.wav,"यह मेरी समझ से बाहर है"
/home/data/raw/hindi/audio/hi_04709.wav,"उन्होंने एक नया रिकॉर्ड बनाया"
/home/data/raw/hindi/audio/hi_04710.wav,"शुभकामनाएं"
/home/data/raw/hindi/audio/hi_04711.wav,"नमस्ते आज मौसम बहुत अच्छा है"
/home/data/raw/hindi/audio/hi_04712.wav,"भारत की राजधानी नई दिल्ली है"
/home/data/raw/hindi/audio/hi_04713.wav,"क्या आप मेरी मदद कर सकते हैं"
/home/data/raw/hindi/audio/hi_04714.wav,"यह एक परीक्षण है"
/home/data/raw/hindi/audio/hi_04715.wav,"कृपया धीरे बोलें मुझे समझ नहीं आ रहा है"
/home/data/raw/hindi/audio/hi_04716.wav,"आपका नाम क्या है"
/home/data/raw/hindi/audio/hi_04717.wav,"मैं कल बाजार जाऊँगा"
/home/data/raw/hindi/audio/hi_04718.wav,"हमें सच बोलना चाहिए"
/home/data/raw/hindi/audio/hi_04719.wav,"यह ट्रेन कब रवाना होगी"
/home/data/raw/hindi/audio/hi_04720.wav,"सूर्य पूर्व से उदय होता है"
/home/data/raw/hindi/audio/hi_04721.wav,"आप कैसे हैं"
/home/data/raw/hindi/audio/hi_04722.wav,"वैज्ञानिकों ने एक नई खोज की है"
/home/data/raw/hindi/audio/hi_04723.wav,"मुझे हिंदी बोलना बहुत पसंद है"
/home/data/raw/hindi/audio/hi_04724.wav,"शिक्षा सफलता की कुंजी है"
/home/data/raw/hindi/audio/hi_04725.wav,"आज की ताजा खबर क्या है"
/home/data/raw/hindi/audio/hi_04726.wav,"उन्होंने अपनी पढ़ाई पूरी कर ली है"
/home/data/raw/hindi/audio/hi_04727.wav,"क्या आपके पास कोई सवाल है"
/home/data/raw/hindi/audio/hi_04728.wav,"यह एक बहुत ही खूबसूरत जगह है"
/home/data/raw/hindi/audio/hi_04729.wav,"हम सभी को पर्यावरण की रक्षा करनी चाहिए"
/home/data/raw/hindi/audio/hi_04730.wav,"वह बहुत मेहनती लड़का है"
/home/data/raw/hindi/audio/hi_04731.wav,"मुझे एक गिलास पानी चाहिए"
/home/data/raw/hindi/audio/hi_04732.wav,"डिजिटल इंडिया एक महत्वपूर्ण पहल है"
/home/data/raw/hindi/audio/hi_04733.wav,"खेलना बच्चों के लिए अच्छा है"
/home/data/raw/hindi/audio/hi_04734.wav,"मैं आपकी बात से सहमत हूँ"
/home/data/raw/hindi/audio/hi_04735.wav,"समय बहुत मूल्यवान है"
/home/data/raw/hindi/audio/hi_04736.wav,"भारत एक विविध देश है"
/home/data/raw/hindi/audio/hi_04737.wav,"कृपया यहाँ हस्ताक्षर करें"
/home/data/raw/hindi/audio/hi_04738.wav,"यह मेरी समझ से बाहर है"
/home/data/raw/hindi/audio/hi_04739.wav,"उन्होंने एक नया रिकॉर्ड बनाया"
/home/data/raw/hindi/audio/hi_04740.wav,"शुभकामनाएं"
/home/data/raw/hindi/audio/hi_04741.wav,"नमस्ते आज मौसम बहुत अच्छा है"
/home/data/raw/hindi/audio/hi_04742.wav,"भारत की राजधानी नई दिल्ली है"
/home/data/raw/hindi/audio/hi_04743.wav,"क्या आप मेरी मदद कर सकते हैं"
/home/data/raw/hindi/audio/hi_04744.wav,"यह एक परीक्षण है"
/home/data/raw/hindi/audio/hi_04745.wav,"कृपया धीरे बोलें मुझे समझ नहीं आ रहा है"
/home/data/raw/hindi/audio/hi_04746.wav,"आपका नाम क्या है"
/home/data/raw/hindi/audio/hi_04747.wav,"मैं कल बाजार जाऊँगा"
/home/data/raw/hindi/audio/hi_04748.wav,"हमें सच बोलना चाहिए"
/home/data/raw/hindi/audio/hi_04749.wav,"यह ट्रेन कब रवाना होगी"
/home/data/raw/hindi/audio/hi_04750.wav,"सूर्य पूर्व से उदय होता है"
/home/data/raw/hindi/audio/hi_04751.wav,"आप कैसे हैं"
/home/data/raw/hindi/audio/hi_04752.wav,"वैज्ञानिकों ने एक नई खोज की है"
/home/data/raw/hindi/audio/hi_04753.wav,"मुझे हिंदी बोलना बहुत पसंद है"
/home/data/raw/hindi/audio/hi_04754.wav,"शिक्षा सफलता की कुंजी है"
/home/data/raw/hindi/audio/hi_04755.wav,"आज की ताजा खबर क्या है"
/home/data/raw/hindi/audio/hi_04756.wav,"उन्होंने अपनी पढ़ाई पूरी कर ली है"
/home/data/raw/hindi/audio/hi_04757.wav,"क्या आपके पास कोई सवाल है"
/home/data/raw/hindi/audio/hi_04758.wav,"यह एक बहुत ही खूबसूरत जगह है"
/home/data/raw/hindi/audio/hi_04759.wav,"हम सभी को पर्यावरण की रक्षा करनी चाहिए"
/home/data/raw/hindi/audio/hi_04760.wav,"वह बहुत मेहनती लड़का है"
/home/data/raw/hindi/audio/hi_04761.wav,"मुझे एक गिलास पानी चाहिए"
/home/data/raw/hindi/audio/hi_04762.wav,"डिजिटल इंडिया एक महत्वपूर्ण पहल है"
/home/data/raw/hindi/audio/hi_04763.wav,"खेलना बच्चों के लिए अच्छा है"
/home/data/raw/hindi/audio/hi_04764.wav,"मैं आपकी बात से सहमत हूँ"
/home/data/raw/hindi/audio/hi_04765.wav,"समय बहुत मूल्यवान है"
/home/data/raw/hindi/audio/hi_04766.wav,"भारत एक विविध देश है"
/home/data/raw/hindi/audio/hi_04767.wav,"कृपया यहाँ हस्ताक्षर करें"
/home/data/raw/hindi/audio/hi_04768.wav,"यह मेरी समझ से बाहर है"
/home/data/raw/hindi/audio/hi_04769.wav,"उन्होंने एक नया रिकॉर्ड बनाया"
/home/data/raw/hindi/audio/hi_04770.wav,"शुभकामनाएं"
/home/data/raw/hindi/audio/hi_04771.wav,"नमस्ते आज मौसम बहुत अच्छा है"
/home/data/raw/hindi/audio/hi_04772.wav,"भारत की राजधानी नई दिल्ली है"
/home/data/raw/hindi/audio/hi_04773.wav,"क्या आप मेरी मदद कर सकते हैं"
/home/data/raw/hindi/audio/hi_04774.wav,"यह एक परीक्षण है"
/home/data/raw/hindi/audio/hi_04775.wav,"कृपया धीरे बोलें मुझे समझ नहीं आ रहा है"
/home/data/raw/hindi/audio/hi_04776.wav,"आपका नाम क्या है"
/home/data/raw/hindi/audio/hi_04777.wav,"मैं कल बाजार जाऊँगा"
/home/data/raw/hindi/audio/hi_04778.wav,"हमें सच बोलना चाहिए"
/home/data/raw/hindi/audio/hi_04779.wav,"यह ट्रेन कब रवाना होगी"
/home/data/raw/hindi/audio/hi_04780.wav,"सूर्य पूर्व से उदय होता है"
/home/data/raw/hindi/audio/hi_04781.wav,"आप कैसे हैं"
/home/data/raw/hindi/audio/hi_04782.wav,"वैज्ञानिकों ने एक नई खोज की है"
/home/data/raw/hindi/audio/hi_04783.wav,"मुझे हिंदी बोलना बहुत पसंद है"
/home/data/raw/hindi/audio/hi_04784.wav,"शिक्षा सफलता की कुंजी है"
/home/data/raw/hindi/audio/hi_04785.wav,"आज की ताजा खबर क्या है"
/home/data/raw/hindi/audio/hi_04786.wav,"उन्होंने अपनी पढ़ाई पूरी कर ली है"
/home/data/raw/hindi/audio/hi_04787.wav,"क्या आपके पास कोई सवाल है"
/home/data/raw/hindi/audio/hi_04788.wav,"यह एक बहुत ही खूबसूरत जगह है"
/home/data/raw/hindi/audio/hi_04789.wav,"हम सभी को पर्यावरण की रक्षा करनी चाहिए"
/home/data/raw/hindi/audio/hi_04790.wav,"वह बहुत मेहनती लड़का है"
/home/data/raw/hindi/audio/hi_04791.wav,"मुझे एक गिलास पानी चाहिए"
/home/data/raw/hindi/audio/hi_04792.wav,"डिजिटल इंडिया एक महत्वपूर्ण पहल है"
/home/data/raw/hindi/audio/hi_04793.wav,"खेलना बच्चों के लिए अच्छा है"
/home/data/raw/hindi/audio/hi_04794.wav,"मैं आपकी बात से सहमत हूँ"
/home/data/raw/hindi/audio/hi_04795.wav,"समय बहुत मूल्यवान है"
/home/data/raw/hindi/audio/hi_04796.wav,"भारत एक विविध देश है"
/home/data/raw/hindi/audio/hi_04797.wav,"कृपया यहाँ हस्ताक्षर करें"
/home/data/raw/hindi/audio/hi_04798.wav,"यह मेरी समझ से बाहर है"
/home/data/raw/hindi/audio/hi_04799.wav,"उन्होंने एक नया रिकॉर्ड बनाया"
/home/data/raw/hindi/audio/hi_04800.wav,"शुभकामनाएं"
/home/data/raw/hindi/audio/hi_04801.wav,"नमस्ते आज मौसम बहुत अच्छा है"
/home/data/raw/hindi/audio/hi_04802.wav,"भारत की राजधानी नई दिल्ली है"
/home/data/raw/hindi/audio/hi_04803.wav,"क्या आप मेरी मदद कर सकते हैं"
/home/data/raw/hindi/audio/hi_04804.wav,"यह एक परीक्षण है"
/home/data/raw/hindi/audio/hi_04805.wav,"कृपया धीरे बोलें मुझे समझ नहीं आ रहा है"
/home/data/raw/hindi/audio/hi_04806.wav,"आपका नाम क्या है"
/home/data/raw/hindi/audio/hi_04807.wav,"मैं कल बाजार जाऊँगा"
/home/data/raw/hindi/audio/hi_04808.wav,"हमें सच बोलना चाहिए"
/home/data/raw/hindi/audio/hi_04809.wav,"यह ट्रेन कब रवाना होगी"
/home/data/raw/hindi/audio/hi_04810.wav,"सूर्य पूर्व से उदय होता है"
/home/data/raw/hindi/audio/hi_04811.wav,"आप कैसे हैं"
/home/data/raw/hindi/audio/hi_04812.wav,"वैज्ञानिकों ने एक नई खोज की है"
/home/data/raw/hindi/audio/hi_04813.wav,"मुझे हिंदी बोलना बहुत पसंद है"
/home/data/raw/hindi/audio/hi_04814.wav,"शिक्षा सफलता की कुंजी है"
/home/data/raw/hindi/audio/hi_04815.wav,"आज की ताजा खबर क्या है"
/home/data/raw/hindi/audio/hi_04816.wav,"उन्होंने अपनी पढ़ाई पूरी कर ली है"
/home/data/raw/hindi/audio/hi_04817.wav,"क्या आपके पास कोई सवाल है"
/home/data/raw/hindi/audio/hi_04818.wav,"यह एक बहुत ही खूबसूरत जगह है"
/home/data/raw/hindi/audio/hi_04819.wav,"हम सभी को पर्यावरण की रक्षा करनी चाहिए"
/home/data/raw/hindi/audio/hi_04820.wav,"वह बहुत मेहनती लड़का है"
/home/data/raw/hindi/audio/hi_04821.wav,"मुझे एक गिलास पानी चाहिए"
/home/data/raw/hindi/audio/hi_04822.wav,"डिजिटल इंडिया एक महत्वपूर्ण पहल है"
/home/data/raw/hindi/audio/hi_04823.wav,"खेलना बच्चों के लिए अच्छा है"
/home/data/raw/hindi/audio/hi_04824.wav,"मैं आपकी बात से सहमत हूँ"
/home/data/raw/hindi/audio/hi_04825.wav,"समय बहुत मूल्यवान है"
/home/data/raw/hindi/audio/hi_04826.wav,"भारत एक विविध देश है"
/home/data/raw/hindi/audio/hi_04827.wav,"कृपया यहाँ हस्ताक्षर करें"
/home/data/raw/hindi/audio/hi_04828.wav,"यह मेरी समझ से बाहर है"
/home/data/raw/hindi/audio/hi_04829.wav,"उन्होंने एक नया रिकॉर्ड बनाया"
/home/data/raw/hindi/audio/hi_04830.wav,"शुभकामनाएं"
/home/data/raw/hindi/audio/hi_04831.wav,"नमस्ते आज मौसम बहुत अच्छा है"
/home/data/raw/hindi/audio/hi_04832.wav,"भारत की राजधानी नई दिल्ली है"
/home/data/raw/hindi/audio/hi_04833.wav,"क्या आप मेरी मदद कर सकते हैं"
/home/data/raw/hindi/audio/hi_04834.wav,"यह एक परीक्षण है"
/home/data/raw/hindi/audio/hi_04835.wav,"कृपया धीरे बोलें मुझे समझ नहीं आ रहा है"
/home/data/raw/hindi/audio/hi_04836.wav,"आपका नाम क्या है"
/home/data/raw/hindi/audio/hi_04837.wav,"मैं कल बाजार जाऊँगा"
/home/data/raw/hindi/audio/hi_04838.wav,"हमें सच बोलना चाहिए"
/home/data/raw/hindi/audio/hi_04839.wav,"यह ट्रेन कब रवाना होगी"
/home/data/raw/hindi/audio/hi_04840.wav,"सूर्य पूर्व से उदय होता है"
/home/data/raw/hindi/audio/hi_04841.wav,"आप कैसे हैं"
/home/data/raw/hindi/audio/hi_04842.wav,"वैज्ञानिकों ने एक नई खोज की है"
/home/data/raw/hindi/audio/hi_04843.wav,"मुझे हिंदी बोलना बहुत पसंद है"
/home/data/raw/hindi/audio/hi_04844.wav,"शिक्षा सफलता की कुंजी है"
/home/data/raw/hindi/audio/hi_04845.wav,"आज की ताजा खबर क्या है"
/home/data/raw/hindi/audio/hi_04846.wav,"उन्होंने अपनी पढ़ाई पूरी कर ली है"
/home/data/raw/hindi/audio/hi_04847.wav,"क्या आपके पास कोई सवाल है"
/home/data/raw/hindi/audio/hi_04848.wav,"यह एक बहुत ही खूबसूरत जगह है"
/home/data/raw/hindi/audio/hi_04849.wav,"हम सभी को पर्यावरण की रक्षा करनी चाहिए"
/home/data/raw/hindi/audio/hi_04850.wav,"वह बहुत मेहनती लड़का है"
/home/data/raw/hindi/audio/hi_04851.wav,"मुझे एक गिलास पानी चाहिए"
/home/data/raw/hindi/audio/hi_04852.wav,"डिजिटल इंडिया एक महत्वपूर्ण पहल है"
/home/data/raw/hindi/audio/hi_04853.wav,"खेलना बच्चों के लिए अच्छा है"
/home/data/raw/hindi/audio/hi_04854.wav,"मैं आपकी बात से सहमत हूँ"
/home/data/raw/hindi/audio/hi_04855.wav,"समय बहुत मूल्यवान है"
/home/data/raw/hindi/audio/hi_04856.wav,"भारत एक विविध देश है"
/home/data/raw/hindi/audio/hi_04857.wav,"कृपया यहाँ हस्ताक्षर करें"
/home/data/raw/hindi/audio/hi_04858.wav,"यह मेरी समझ से बाहर है"
/home/data/raw/hindi/audio/hi_04859.wav,"उन्होंने एक नया रिकॉर्ड बनाया"
/home/data/raw/hindi/audio/hi_04860.wav,"शुभकामनाएं"
/home/data/raw/hindi/audio/hi_04861.wav,"नमस्ते आज मौसम बहुत अच्छा है"
/home/data/raw/hindi/audio/hi_04862.wav,"भारत की राजधानी नई दिल्ली है"
/home/data/raw/hindi/audio/hi_04863.wav,"क्या आप मेरी मदद कर सकते हैं"
/home/data/raw/hindi/audio/hi_04864.wav,"यह एक परीक्षण है"
/home/data/raw/hindi/audio/hi_04865.wav,"कृपया धीरे बोलें मुझे समझ नहीं आ रहा है"
/home/data/raw/hindi/audio/hi_04866.wav,"आपका नाम क्या है"
/home/data/raw/hindi/audio/hi_04867.wav,"मैं कल बाजार जाऊँगा"
/home/data/raw/hindi/audio/hi_04868.wav,"हमें सच बोलना चाहिए"
/home/data/raw/hindi/audio/hi_04869.wav,"यह ट्रेन कब रवाना होगी"
/home/data/raw/hindi/audio/hi_04870.wav,"सूर्य पूर्व से उदय होता है"
/home/data/raw/hindi/audio/hi_04871.wav,"आप कैसे हैं"
/home/data/raw/hindi/audio/hi_04872.wav,"वैज्ञानिकों ने एक नई खोज की है"
/home/data/raw/hindi/audio/hi_04873.wav,"मुझे हिंदी बोलना बहुत पसंद है"
/home/data/raw/hindi/audio/hi_04874.wav,"शिक्षा सफलता की कुंजी है"
/home/data/raw/hindi/audio/hi_04875.wav,"आज की ताजा खबर क्या है"
/home/data/raw/hindi/audio/hi_04876.wav,"उन्होंने अपनी पढ़ाई पूरी कर ली है"
/home/data/raw/hindi/audio/hi_04877.wav,"क्या आपके पास कोई सवाल है"
/home/data/raw/hindi/audio/hi_04878.wav,"यह एक बहुत ही खूबसूरत जगह है"
/home/data/raw/hindi/audio/hi_04879.wav,"हम सभी को पर्यावरण की रक्षा करनी चाहिए"
/home/data/raw/hindi/audio/hi_04880.wav,"वह बहुत मेहनती लड़का है"
/home/data/raw/hindi/audio/hi_04881.wav,"मुझे एक गिलास पानी चाहिए"
/home/data/raw/hindi/audio/hi_04882.wav,"डिजिटल इंडिया एक महत्वपूर्ण पहल है"
/home/data/raw/hindi/audio/hi_04883.wav,"खेलना बच्चों के लिए अच्छा है"
/home/data/raw/hindi/audio/hi_04884.wav,"मैं आपकी बात से सहमत हूँ"
/home/data/raw/hindi/audio/hi_04885.wav,"समय बहुत मूल्यवान है"
/home/data/raw/hindi/audio/hi_04886.wav,"भारत एक विविध देश है"
/home/data/raw/hindi/audio/hi_04887.wav,"कृपया यहाँ हस्ताक्षर करें"
/home/data/raw/hindi/audio/hi_04888.wav,"यह मेरी समझ से बाहर है"
/home/data/raw/hindi/audio/hi_04889.wav,"उन्होंने एक नया रिकॉर्ड बनाया"
/home/data/raw/hindi/audio/hi_04890.wav,"शुभकामनाएं"
/home/data/raw/hindi/audio/hi_04891.wav,"नमस्ते आज मौसम बहुत अच्छा है"
/home/data/raw/hindi/audio/hi_04892.wav,"भारत की राजधानी नई दिल्ली है"
/home/data/raw/hindi/audio/hi_04893.wav,"क्या आप मेरी मदद कर सकते हैं"
/home/data/raw/hindi/audio/hi_04894.wav,"यह एक परीक्षण है"
/home/data/raw/hindi/audio/hi_04895.wav,"कृपया धीरे बोलें मुझे समझ नहीं आ रहा है"
/home/data/raw/hindi/audio/hi_04896.wav,"आपका नाम क्या है"
/home/data/raw/hindi/audio/hi_04897.wav,"मैं कल बाजार जाऊँगा"
/home/data/raw/hindi/audio/hi_04898.wav,"हमें सच बोलना चाहिए"
/home/data/raw/hindi/audio/hi_04899.wav,"यह ट्रेन कब रवाना होगी"
/home/data/raw/hindi/audio/hi_04900.wav,"सूर्य पूर्व से उदय होता है"
/home/data/raw/hindi/audio/hi_04901.wav,"आप कैसे हैं"
/home/data/raw/hindi/audio/hi_04902.wav,"वैज्ञानिकों ने एक नई खोज की है"
/home/data/raw/hindi/audio/hi_04903.wav,"मुझे हिंदी बोलना बहुत पसंद है"
/home/data/raw/hindi/audio/hi_04904.wav,"शिक्षा सफलता की कुंजी है"
/home/data/raw/hindi/audio/hi_04905.wav,"आज की ताजा खबर क्या है"
/home/data/raw/hindi/audio/hi_04906.wav,"उन्होंने अपनी पढ़ाई पूरी कर ली है"
/home/data/raw/hindi/audio/hi_04907.wav,"क्या आपके पास कोई सवाल है"
/home/data/raw/hindi/audio/hi_04908.wav,"यह एक बहुत ही खूबसूरत जगह है"
/home/data/raw/hindi/audio/hi_04909.wav,"हम सभी को पर्यावरण की रक्षा करनी चाहिए"
/home/data/raw/hindi/audio/hi_04910.wav,"वह बहुत मेहनती लड़का है"
/home/data/raw/hindi/audio/hi_04911.wav,"मुझे एक गिलास पानी चाहिए"
/home/data/raw/hindi/audio/hi_04912.wav,"डिजिटल इंडिया एक महत्वपूर्ण पहल है"
/home/data/raw/hindi/audio/hi_04913.wav,"खेलना बच्चों के लिए अच्छा है"
/home/data/raw/hindi/audio/hi_04914.wav,"मैं आपकी बात से सहमत हूँ"
/home/data/raw/hindi/audio/hi_04915.wav,"समय बहुत मूल्यवान है"
/home/data/raw/hindi/audio/hi_04916.wav,"भारत एक विविध देश है"
/home/data/raw/hindi/audio/hi_04917.wav,"कृपया यहाँ हस्ताक्षर करें"
/home/data/raw/hindi/audio/hi_04918.wav,"यह मेरी समझ से बाहर है"
/home/data/raw/hindi/audio/hi_04919.wav,"उन्होंने एक नया रिकॉर्ड बनाया"
/home/data/raw/hindi/audio/hi_04920.wav,"शुभकामनाएं"
/home/data/raw/hindi/audio/hi_04921.wav,"नमस्ते आज मौसम बहुत अच्छा है"
/home/data/raw/hindi/audio/hi_04922.wav,"भारत की राजधानी नई दिल्ली है"
/home/data/raw/hindi/audio/hi_04923.wav,"क्या आप मेरी मदद कर सकते हैं"
/home/data/raw/hindi/audio/hi_04924.wav,"यह एक परीक्षण है"
/home/data/raw/hindi/audio/hi_04925.wav,"कृपया धीरे बोलें मुझे समझ नहीं आ रहा है"
/home/data/raw/hindi/audio/hi_04926.wav,"आपका नाम क्या है"
/home/data/raw/hindi/audio/hi_04927.wav,"मैं कल बाजार जाऊँगा"
/home/data/raw/hindi/audio/hi_04928.wav,"हमें सच बोलना चाहिए"
/home/data/raw/hindi/audio/hi_04929.wav,"यह ट्रेन कब रवाना होगी"
/home/data/raw/hindi/audio/hi_04930.wav,"सूर्य पूर्व से उदय होता है"
/home/data/raw/hindi/audio/hi_04931.wav,"आप कैसे हैं"
/home/data/raw/hindi/audio/hi_04932.wav,"वैज्ञानिकों ने एक नई खोज की है"
/home/data/raw/hindi/audio/hi_04933.wav,"मुझे हिंदी बोलना बहुत पसंद है"
/home/data/raw/hindi/audio/hi_04934.wav,"शिक्षा सफलता की कुंजी है"
/home/data/raw/hindi/audio/hi_04935.wav,"आज की ताजा खबर क्या है"
/home/data/raw/hindi/audio/hi_04936.wav,"उन्होंने अपनी पढ़ाई पूरी कर ली है"
/home/data/raw/hindi/audio/hi_04937.wav,"क्या आपके पास कोई सवाल है"
/home/data/raw/hindi/audio/hi_04938.wav,"यह एक बहुत ही खूबसूरत जगह है"
/home/data/raw/hindi/audio/hi_04939.wav,"हम सभी को पर्यावरण की रक्षा करनी चाहिए"
/home/data/raw/hindi/audio/hi_04940.wav,"वह बहुत मेहनती लड़का है"
/home/data/raw/hindi/audio/hi_04941.wav,"मुझे एक गिलास पानी चाहिए"
/home/data/raw/hindi/audio/hi_04942.wav,"डिजिटल इंडिया एक महत्वपूर्ण पहल है"
/home/data/raw/hindi/audio/hi_04943.wav,"खेलना बच्चों के लिए अच्छा है"
/home/data/raw/hindi/audio/hi_04944.wav,"मैं आपकी बात से सहमत हूँ"
/home/data/raw/hindi/audio/hi_04945.wav,"समय बहुत मूल्यवान है"
/home/data/raw/hindi/audio/hi_04946.wav,"भारत एक विविध देश है"
/home/data/raw/hindi/audio/hi_04947.wav,"कृपया यहाँ हस्ताक्षर करें"
/home/data/raw/hindi/audio/hi_04948.wav,"यह मेरी समझ से बाहर है"
/home/data/raw/hindi/audio/hi_04949.wav,"उन्होंने एक नया रिकॉर्ड बनाया"
/home/data/raw/hindi/audio/hi_04950.wav,"शुभकामनाएं"
/home/data/raw/hindi/audio/hi_04951.wav,"नमस्ते आज मौसम बहुत अच्छा है"
/home/data/raw/hindi/audio/hi_04952.wav,"भारत की राजधानी नई दिल्ली है"
/home/data/raw/hindi/audio/hi_04953.wav,"क्या आप मेरी मदद कर सकते हैं"
/home/data/raw/hindi/audio/hi_04954.wav,"यह एक परीक्षण है"
/home/data/raw/hindi/audio/hi_04955.wav,"कृपया धीरे बोलें मुझे समझ नहीं आ रहा है"
/home/data/raw/hindi/audio/hi_04956.wav,"आपका नाम क्या है"
/home/data/raw/hindi/audio/hi_04957.wav,"मैं कल बाजार जाऊँगा"
/home/data/raw/hindi/audio/hi_04958.wav,"हमें सच बोलना चाहिए"
/home/data/raw/hindi/audio/hi_04959.wav,"यह ट्रेन कब रवाना होगी"
/home/data/raw/hindi/audio/hi_04960.wav,"सूर्य पूर्व से उदय होता है"
/home/data/raw/hindi/audio/hi_04961.wav,"आप कैसे हैं"
/home/data/raw/hindi/audio/hi_04962.wav,"वैज्ञानिकों ने एक नई खोज की है"
/home/data/raw/hindi/audio/hi_04963.wav,"मुझे हिंदी बोलना बहुत पसंद है"
/home/data/raw/hindi/audio/hi_04964.wav,"शिक्षा सफलता की कुंजी है"
/home/data/raw/hindi/audio/hi_04965.wav,"आज की ताजा खबर क्या है"
/home/data/raw/hindi/audio/hi_04966.wav,"उन्होंने अपनी पढ़ाई पूरी कर ली है"
/home/data/raw/hindi/audio/hi_04967.wav,"क्या आपके पास कोई सवाल है"
/home/data/raw/hindi/audio/hi_04968.wav,"यह एक बहुत ही खूबसूरत जगह है"
/home/data/raw/hindi/audio/hi_04969.wav,"हम सभी को पर्यावरण की रक्षा करनी चाहिए"
/home/data/raw/hindi/audio/hi_04970.wav,"वह बहुत मेहनती लड़का है"
/home/data/raw/hindi/audio/hi_04971.wav,"मुझे एक गिलास पानी चाहिए"
/home/data/raw/hindi/audio/hi_04972.wav,"डिजिटल इंडिया एक महत्वपूर्ण पहल है"
/home/data/raw/hindi/audio/hi_04973.wav,"खेलना बच्चों के लिए अच्छा है"
/home/data/raw/hindi/audio/hi_04974.wav,"मैं आपकी बात से सहमत हूँ"
/home/data/raw/hindi/audio/hi_04975.wav,"समय बहुत मूल्यवान है"
/home/data/raw/hindi/audio/hi_04976.wav,"भारत एक विविध देश है"
/home/data/raw/hindi/audio/hi_04977.wav,"कृपया यहाँ हस्ताक्षर करें"
/home/data/raw/hindi/audio/hi_04978.wav,"यह मेरी समझ से बाहर है"
/home/data/raw/hindi/audio/hi_04979.wav,"उन्होंने एक नया रिकॉर्ड बनाया"
/home/data/raw/hindi/audio/hi_04980.wav,"शुभकामनाएं"
/home/data/raw/hindi/audio/hi_04981.wav,"नमस्ते आज मौसम बहुत अच्छा है"
/home/data/raw/hindi/audio/hi_04982.wav,"भारत की राजधानी नई दिल्ली है"
/home/data/raw/hindi/audio/hi_04983.wav,"क्या आप मेरी मदद कर सकते हैं"
/home/data/raw/hindi/audio/hi_04984.wav,"यह एक परीक्षण है"
/home/data/raw/hindi/audio/hi_04985.wav,"कृपया धीरे बोलें मुझे समझ नहीं आ रहा है"
/home/data/raw/hindi/audio/hi_04986.wav,"आपका नाम क्या है"
/home/data/raw/hindi/audio/hi_04987.wav,"मैं कल बाजार जाऊँगा"
/home/data/raw/hindi/audio/hi_04988.wav,"हमें सच बोलना चाहिए"
/home/data/raw/hindi/audio/hi_04989.wav,"यह ट्रेन कब रवाना होगी"
/home/data/raw/hindi/audio/hi_04990.wav,"सूर्य पूर्व से उदय होता है"
/home/data/raw/hindi/audio/hi_04991.wav,"आप कैसे हैं"
/home/data/raw/hindi/audio/hi_04992.wav,"वैज्ञानिकों ने एक नई खोज की है"
/home/data/raw/hindi/audio/hi_04993.wav,"मुझे हिंदी बोलना बहुत पसंद है"
/home/data/raw/hindi/audio/hi_04994.wav,"शिक्षा सफलता की कुंजी है"
/home/data/raw/hindi/audio/hi_04995.wav,"आज की ताजा खबर क्या है"
/home/data/raw/hindi/audio/hi_04996.wav,"उन्होंने अपनी पढ़ाई पूरी कर ली है"
/home/data/raw/hindi/audio/hi_04997.wav,"क्या आपके पास कोई सवाल है"
/home/data/raw/hindi/audio/hi_04998.wav,"यह एक बहुत ही खूबसूरत जगह है"
/home/data/raw/hindi/audio/hi_04999.wav,"हम सभी को पर्यावरण की रक्षा करनी चाहिए"
/home/data/raw/hindi/audio/hi_05000.wav,"वह बहुत मेहनती लड़का है"
